:020000040800F2
:1000000030100224D903000849470108D10D010826
:100010005946010871120008E1EC010800000000D7
:10002000000000000000000000000000E176010870
:10003000C931000800000000C1540108917F010887
:10004000F7030008F7030008F7030008F7030008A8
:10005000F7030008F7030008F7030008F703000898
:10006000F7030008F7030008F7030008C12300089E
:10007000D1230008E1230008F1230008012400082F
:10008000F7030008F7030008F7030008D13300085E
:10009000F1330008E133000801340008F7030008D9
:1000A000F7030008F7030008F7030008F703000848
:1000B00009820108F7030008F7030008F7030008A6
:1000C000F7030008F7030008F7030008F703000828
:1000D000E9740108B1AD010879AF0108F703000820
:1000E000F7030008F7030008000000001982010868
:1000F000F7030008F7030008F703000811240008BD
:10010000F7030008F7030008F7030008F7030008E7
:10011000F7030008399A0108F7030008F7030008FD
:1001200021240008F7030008F70300083124000821
:1001300041240008F7030008F7030008F70300084C
:1001400000000000000000000000000000000000AF
:10015000F7030008F7030008F7030008F703000897
:10016000F7030008F7030008F7030008F703000887
:10017000F7030008494D0108F703000800000000DC
:10018000F7030008F7030008F7030008F703000867
:10019000F7030008F7030008F7030008F703000857
:1001A000F7030008F7030008F70300080000000049
:1001B000F7030008F7030008F7030008F703000837
:1001C000F7030008F703000800000000000000002B
:1001D0000000000000000000F7030008000000001D
:1001E000000000000000000000000000000000000F
:1001F0000000000000000000F7030008F7030008FB
:10020000F7030008F703000800000000F7030008E8
:10021000F7030008F7030008F7030008F7030008D6
:10022000F703000800000000F703000800000000CA
:10023000F7030008F703000800000000F7030008B8
:10024000F7030008F7030008F7030008F7030008A6
:10025000F7030008F7030008F7030008F703000896
:10026000F7030008F7030008F7030008F703000886
:10027000F7030008F7030008F70300080000000078
:10028000F7030008F7030008F7030008F703000866
:1002900000000000F7030008F7030008000000005A
:1002A00000000000F7030008F7030008F703000848
:1002B000F7030008F7030008F703000811340008EB
:1002C00021340008F7030008F703000800F002F8E3
:1002D00000F072F814A696E8000CB244B344DA4574
:1002E00001D100F069F8BAE80F000FA696E83000D7
:1002F000A5EB040504EB0607AAEB0704A7F1010729
:100300004FEA15154FEA3414A4F10104AC4201D3AD
:1003100000F052F813F0010F18BFFB1A43F001036D
:1003200000F001F8DBE718478C500200AC500200E7
:100330000A444FF0000C10F8013B13F0070408BF0B
:1003400010F8014B1D1108BF10F8015B641E05D0A9
:1003500010F8016B641E01F8016BF9D113F0080F5E
:100360001EBF10F8014BAD1C0C1B09D16D1E58BFF0
:1003700001F801CBFAD505E014F8016B01F8016B27
:100380006D1EF9D59142D6D370470000704700002A
:100390000023002400250026103A28BF78C1FBD88E
:1003A000520728BF30C148BF0B6070471FB523F00C
:1003B000DCFE1FBD10B510BD00F0FFF91146FFF7C0
:1003C000F5FF20F075FC00F01DFA03B4FFF7F2FF13
:1003D00003BC00F021FA00000A4880470A48804721
:1003E0000A480047FEE7FEE7FEE7FEE7FEE7FEE716
:1003F000FEE7FEE7FEE7FEE705480649064A074B2B
:1004000070470000A9330008A1800108CD02000850
:1004100030F801243010022430000224300002247D
:10042000F0B400EB4003DFF8880000EBC30000F1FC
:1004300018063069F7687568874232D3B368DC1BE9
:10044000631E934214D37D19D01900BF11F8013BEC
:1004500005F8013B521E05D011F8013B05F8013BA0
:10046000521EF3D1BFF35F8FF0600120F0BC7047E4
:10047000C018904219D37819121B11F8013B00F8EB
:10048000013B641EF9D1141C05D011F8013B05F89D
:10049000013B521EF9D1BFF35F8FF4600120F0BC25
:1004A0007047C01B401E9042CDD20020F0BC704768
:1004B000241B002453EA020C00F069802DE9F04B64
:1004C0004FF00006002B1FBFB3FA83F503FA05F4C3
:1004D00024FA05F65E4012BF1643B2FA82F502FA1C
:1004E00005F4C5F120051EBF22FA05FC44EA0C0400
:1004F000203556EA044C4FEA144418BF641C4FF0F0
:1005000000084FF00009904271EB030C39D3002929
:1005100019BFB1FA81F701FA07F6B0FA80F700FACD
:1005200007F6C7F120071EBF20FA07FC46EA0C06B3
:100530002037B6FBF4FCA7EB0507103F07F01F0BB5
:10054000CBF120062CFA06F60CFA0BFB44BFB3469F
:100550000026202FA4BF5E464FF0000B5BEA060C7E
:1005600008BF4FF0010B19EB0B0948EB0608ABFB7A
:10057000027C06FB02CC0BFB03CCC01B71EB0C0115
:10058000C1E70B46024641464846BDE8F08B13B52D
:10059000084318BF4FF0FF300146AFF30080BDE8BD
:1005A0001C40704740EA010310B59B070FD1042A95
:1005B0000DD310C808C9121F9C42F8D020BA19BA2E
:1005C000884201D9012010BD4FF0FF3010BD1AB193
:1005D000D30703D0521C07E0002010BD10F8013BE8
:1005E00011F8014B1B1B07D110F8013B11F8014B0F
:1005F0001B1B01D1921EF1D1184610BD032A40F2F7
:10060000308010F0030C00F0158011F8013BBCF1B4
:10061000020F624498BF11F801CB00F8013B38BFCC
:1006200011F8013BA2F1040298BF00F801CB38BFDA
:1006300000F8013B11F0030300F02580083AC0F0F8
:10064000088051F8043B083A51F804CBA0E80810A0
:10065000F5E7121D5CBF51F8043B40F8043BAFF3D3
:100660000080D20724BF11F8013B11F801CB48BF2D
:1006700011F8012B24BF00F8013B00F801CB48BF63
:1006800000F8012B704710B5203AC0F00B80B1E89C
:100690001850A0E81850B1E81850A0E81850203AB7
:1006A000BFF4F5AF5FEA027C24BFB1E81850A0E8C0
:1006B000185044BF18C918C0BDE810405FEA827CDA
:1006C00024BF51F8043B40F8043B08BF7047D207F1
:1006D00028BF31F8023B48BF11F8012B28BF20F892
:1006E000023B48BF00F8012B704702F0FF0343EACA
:1006F000032242EA024200F024B84FF0000204292B
:10070000C0F0128010F0030C00F01B80CCF1040C40
:10071000BCF1020F18BF00F8012BA8BF20F8022B74
:10072000A1EB0C0100F00DB85FEAC17C24BF00F81A
:10073000012B00F8012B48BF00F8012B70474FF048
:10074000000200B5134694469646203922BFA0E821
:100750000C50A0E80C50B1F12001BFF4F7AF09072D
:1007600028BFA0E80C5048BF0CC05DF804EB89001E
:1007700028BF40F8042B08BF704748BF20F8022B61
:1007800011F0804F18BF00F8012B70477047704779
:10079000704710B500F00CF8006810BD10B50446A5
:1007A00000F006F8046010BD00487047880200247D
:1007B000004870478802002470477546FFF7F4FF31
:1007C000AE4605006946534620F00700854618B03E
:1007D00020B5FFF711FEBDE820404FF000064FF0B6
:1007E00000074FF000084FF0000BAC46ACE8C00922
:1007F000ACE8C009ACE8C009ACE8C00921F00701C9
:100800008D46704710B50446AFF300802046BDE822
:100810001040FFF7DABD000001491820ABBEFEE72B
:10082000260002000000000080B584B00390029111
:100830000020ADF80600039820B1FFE702980228D7
:1008400001D8FFE71AE003980299023940F2AC029E
:10085000C2F20042128803F023F8ADF80600BDF89A
:100860000600039A0299114401F8020C9DF8070052
:10087000039A0299114401F8010CFFE704B080BD0E
:1008800080B544F6A430C2F200404FF22C31C2F2DF
:1008900001414FF480720FF023F944F2F010C2F2DC
:1008A000004000681021C4F20201884200F0B280CA
:1008B000FFE744F2F010C2F2004000682821C4F2C1
:1008C0000201884200F0A680FFE744F2F010C2F275
:1008D000004000684021C4F20201884200F09A8082
:1008E000FFE744F2F010C2F2004000685821C4F261
:1008F0000201884200F08E80FFE744F2F010C2F25D
:10090000004000687021C4F20201884200F0828039
:10091000FFE744F2F010C2F2004000688821C4F200
:100920000201884276D0FFE744F2F010C2F20040A4
:100930000068A021C4F2020188426BD0FFE744F2B4
:10094000F010C2F200400068B821C4F202018842EF
:1009500060D0FFE744F2F010C2F20040006840F2BD
:100960001041C4F20201884254D0FFE744F2F01073
:10097000C2F20040006840F22841C4F202018842FD
:1009800048D0FFE744F2F010C2F20040006840F2A5
:100990004041C4F2020188423CD0FFE744F2F0102B
:1009A000C2F20040006840F25841C4F2020188429D
:1009B00030D0FFE744F2F010C2F20040006840F28D
:1009C0007041C4F20201884224D0FFE744F2F010E3
:1009D000C2F20040006840F28841C4F2020188423D
:1009E00018D0FFE744F2F010C2F20040006840F275
:1009F000A041C4F2020188420CD0FFE744F2F0109B
:100A0000C2F20040006840F2B841C4F202018842DC
:100A10000AD1FFE744F2F010C2F200400168086812
:100A200020F00800086009E044F2F010C2F2004033
:100A30000168086820F004000860FFE780BD00003E
:100A400080B584B04FF22C30C2F201400078AB2860
:100A500063D1FFE74FF22C30C2F2014090F83F0023
:100A6000FD285AD1FFE700208DF80F00FFE79DF821
:100A70000F0003281CDCFFE79DF80F104FF22C300D
:100A8000C2F2014000EB41025078927840EA022025
:100A900001EB411242F2A851C2F2004101EBC20146
:100AA0004884FFE79DF80F0001308DF80F00DEE766
:100AB0004FF22C30C2F201400090417A827A41EA32
:100AC000022140F26412C2F20042118002A9019197
:100AD000C17A019A1170017B019A5170417B019A90
:100AE0009170817B019AD170029942F2A852C2F2B0
:100AF0000042C2F8DC1400F10F0140F62820C2F2D7
:100B000000401E22FFF77AFD009890F83E0040F268
:100B10000831C2F200410870FFE704B080BD000058
:100B200080B58AB04FF22C41C2F20141AA20087070
:100B300000208DF82700FFE79DF82700032824DC1C
:100B4000FFE79DF8273003EB431142F2A850C2F2B1
:100B50000040203000EBC1018A7A4FF22C41C2F2F2
:100B6000014101EB43035A709DF8272002EB421329
:100B700000EBC300C07A01EB42018870FFE79DF8EB
:100B8000270001308DF82700D6E742F2A850C2F2C4
:100B9000004000F58862069292ED030A9FEDA31AC9
:100BA0008DED071A20EE010ABDEEC00A10EE103AD4
:100BB0004FF22C41C2F2014108914B7292ED030AAF
:100BC00020EE010ABDEEC00A10EE103A1B0A8B722D
:100BD00092ED040A20EE010ABDEEC00A10EE103AB2
:100BE000CB7292ED040A20EE010ABDEEC00A10EEAF
:100BF000103A1B0A0B7392ED2A0A20EE010ABDEE91
:100C0000C00A10EE103A4B7392ED2A0A20EE010A48
:100C1000BDEEC00A10EE103A1B0A8B7392ED2E0A3D
:100C200020EE010ABDEEC00A10EE103ACB7392ED31
:100C30002E0A20EE010ABDEEC00A10EE102A120A9A
:100C40000A7490F83005487441F61430C2F200403E
:100C5000007888744FF2D440C2F2014090ED000A4F
:100C6000BCEEC00A10EE100AC8740020087546F2E7
:100C7000F020C2F20040B0F91201002808D4FFE7CA
:100C800046F2F020C2F20040B0F91201059008E0EF
:100C900046F2F020C2F20040B0F912014042059045
:100CA000FFE7059800EE100AB8EEC00A8DED040AC1
:100CB00046F2F020C2F20040B0F91A02002808D42F
:100CC000FFE746F2F020C2F20040B0F91A020390AA
:100CD00008E046F2F020C2F20040B0F91A024042A9
:100CE0000390FFE79DED041A039800EE100AB8EE9A
:100CF000C00AB6EE002A20EE020AA1EE020ABDEEFC
:100D0000C00A10EE100A4FF22C41C2F201414875A0
:100D100046F2F020C2F20040B0F91201002808D4D7
:100D2000FFE746F2F020C2F20040B0F91201029053
:100D300008E046F2F020C2F20040B0F91201404251
:100D40000290FFE7029800EE100AB8EEC00A8DED9F
:100D5000010A46F2F020C2F20040B0F91A0200285F
:100D600008D4FFE746F2F020C2F20040B0F91A02C0
:100D7000009008E046F2F020C2F20040B0F91A02FA
:100D800040420090FFE79DED011A009800EE100A26
:100D9000B8EEC00AB6EE002A20EE020AA1EE020A60
:100DA000BDEEC00A10EE100A000A4FF22C41C2F24A
:100DB0000141887546F2F020C2F200400279CA75FE
:100DC00090F84E0300F00100087642F2A850C2F2FB
:100DD000004000F5AC6090ED000ABDEEC00A10EED8
:100DE000102A4A7690ED000ABDEEC00A10EE100AF5
:100DF000000A887642F68840C2F2004090F8360F2A
:100E000000F00100C87640F2ED50C2F200400078D8
:100E100081F83E00FE2081F83F0044F6A430C2F283
:100E2000004040220FF080FE0AB080BD00007A44EE
:100E300080B540F60000C5F602000122114608F018
:100E4000CFFC80BD0000000080B540F60000C5F674
:100E500002000121002208F0C3FC80BD0000000058
:100E6000704700000000000080B540F60000C5F6A5
:100E700002000821012208F0B3FC80BD0000000040
:100E800080B540F60000C5F602000821002208F0F7
:100E9000A7FC80BD000000007047000000000000BB
:100EA00080B582B0ADF80600FFE7BDF80600411E30
:100EB000ADF8061028B1FFE74FF47A7000F004F89F
:100EC000F3E702B080BD000086B0ADF81600002048
:100ED000049003900290019000904EF21400CEF224
:100EE000000000680090BDF81600C0EB0010400143
:100EF00004904EF21800CEF2000000680390FFE765
:100F00004EF21800CEF20000006802900298039999
:100F100088421ED0FFE702980399884207D2FFE774
:100F200003980299411A01980844019008E000983A
:100F30000299401A03990144019808440190FFE77F
:100F40000298039001980499884201D3FFE701E0D9
:100F5000FFE7D5E706B0704780B582B000208DF876
:100F60000700FFF77DFFFFF797FF1FF031FB0146FA
:100F70009DF8070008438DF807001FF0F1FB0146BC
:100F80009DF8070008438DF807009DF8070002B0A0
:100F900080BD00000000000080B588B00790069179
:100FA00005920020009004900390FFF74DFF9220DF
:100FB00000F00AF9122003A90191062200F0CCF8F2
:100FC000FFF736FF9DF80C009DF80D1040EA012058
:100FD000ADF80A00BDF90A0000EE100AB8EEC00A2A
:100FE00040F2A000C2F2004090ED001A20EE010A8B
:100FF000069981ED000A9DF80E109DF80F2041EA38
:101000000221ADF80A10BDF90A1000EE101AB8EE70
:10101000C00A90ED001A20EE010A069981ED010A3E
:101020009DF810109DF8112041EA0221ADF80A1038
:10103000BDF90A1000EE101AB8EEC00A90ED001AC1
:1010400020EE010A069880ED020AFFF719FF0098CA
:101050000199082200F080F8FFF706FF9DF80C00C8
:101060000F2844D1FFE79DF80E009DF80F1040EACD
:101070000120ADF80A00BDF90A0000EE100AB8EE32
:10108000C00A40F2A400C2F2004090ED001A20EE27
:10109000010A079981ED000A9DF810109DF81120B2
:1010A00041EA0221ADF80A10BDF90A1000EE101A4B
:1010B000B8EEC00A90ED001A20EE010A079981ED02
:1010C000010A9DF812109DF8132041EA0221ADF8A3
:1010D0000A10BDF90A1000EE101AB8EEC00A90ED21
:1010E000001A20EE010A079880ED020AFFE7FFF7D9
:1010F000ABFEA22000F068F8222003A9022200F033
:101100002BF8FFF795FE9DF80C009DF80D10C00020
:1011100040EA5110ADF80A00BDF90A00B0F5806F41
:1011200007DBFFE7BDF80A00A0F50060ADF80A0094
:10113000FFE7BDF90A0000EE100AB8EEC01AB4EEDF
:10114000002AB3EE070AA1EE020A059880ED000A14
:1011500008B080BD0000000080B584B08DF80F009D
:1011600002918DF807209DF80F0040F0800000F0FC
:101170002BF8FFE79DF8070070B1FFE7552000F05E
:1011800023F8029908700298013002909DF8070038
:1011900001388DF80700EDE704B080BD00000000C5
:1011A00080B582B08DF8070000919DF8070040F0EF
:1011B000800000F009F8552000F006F8009908704A
:1011C00002B080BD0000000080B582B08DF807003D
:1011D00069464FF47A70086044F6A410C2F20040E9
:1011E0000DF107010DF1060201230CF01DFF9DF822
:1011F000060002B080BD000080B582B08DF8070007
:101200008DF806109DF80700FFF7DEFF9DF8060039
:10121000FFF7DAFF02B080BD80B584B003908DF88F
:101220000B1000200190FFE701989DF80B108842F9
:101230000FDAFFE70398019900EB810146F2D01025
:10124000C2F2004014F070F9FFE7019801300190FC
:10125000EAE740F2E820C2F20040006802220023E0
:10126000194621F07DF904B080BD000000000000A7
:10127000FFE7FEE70000000080B586B0059004910E
:1012800005980068029040F20121884206D0FFE7ED
:101290000298A0F20220022822D35EE0049B93F879
:1012A00000C059789A78D87841EA0C2140EA0222A5
:1012B00093F804C0587940EA0C2093F90630EC46C4
:1012C000CCF8003003B246F2F020C2F20040083001
:1012D00009B212B201F054F8082002F049F83DE0DA
:1012E00005980068A0F202208DF80F009DF80F000D
:1012F00000EB401146F2F020C2F2004000EBC100CA
:1013000000F58870DDF810C09CF800E09CF8011032
:101310009CF802309CF8032041EA0E2142EA0322A5
:101320009CF804E09CF8053043EA0E239CF906C0C3
:10133000EE46CEF800C01BB209B212B201F020F89E
:101340009DF80F000930C0B202F012F89DF80F00AE
:101350000930C0B202F00CF800E0FFE706B080BD33
:1013600080B584B003900291039800680190112821
:101370000ED0FFE70198122817D0FFE70198132835
:1013800020D0FFE7019840F20521884227D049E0AC
:10139000029942F68840C2F2004000F555701FF0F5
:1013A000E7FA052001F0E4FF3DE0029942F68840AB
:1013B000C2F2004000F5AB601FF0DAFA062001F03F
:1013C000D7FF30E0029942F68840C2F2004000F5B3
:1013D000CA601FF041FB072001F0CAFF23E0029B17
:1013E00093F800C059789A78D87841EA0C2140EAFD
:1013F000022293F804C0587940EA0C2093F9063091
:10140000EC46CCF8003003B242F68840C2F200400D
:1014100000F58A6009B212B200F0B2FF042001F0B8
:10142000A7FF00E0FFE704B080BD0000000000005F
:1014300082B00190009101980068B0F5407F01D121
:10144000FFE700E0FFE702B0704700000000000087
:1014500080B592B0002008900A900B90022105916F
:101460000C91012106910D910E900F9044F2E02015
:10147000C2F2004002900AA9049106F0E9FD059A23
:10148000089B029869460B60114606F06DFE0699AE
:10149000089A029806F098FC089A02984FF000719A
:1014A000079106F091FC069A0298114606F07CFD21
:1014B000029807F055FF049944F28030C2F20040D0
:1014C000039006F0C5FD059A089B039869460B60DA
:1014D000114606F049FE069A0398114606F064FD8F
:1014E0000699089A039806F06FFC0799089A0398E2
:1014F00006F06AFC039807F033FF049944F2204099
:10150000C2F20040099006F0A3FD059A089B0998D5
:1015100069460B60114606F027FE069A09981146A7
:1015200006F042FD0699089A099806F04DFC0799C5
:10153000089A099806F048FC099807F011FF12B0C4
:1015400080BD00000000000084B08DF80F00029103
:10155000ADF806209DF80F000146009123281DD804
:101560000099DFE801F012131415161B1B1B1B1B3F
:101570001B1B1B1B1B1B1B1B1B1B1B1B1B1B1B1BBB
:101580001B1B1B1B1B1B1718191A08E007E006E0A2
:1015900005E004E003E002E001E000E0FFE70020F6
:1015A00004B07047000000000020704700000000F9
:1015B00080B582B043F6CC30C2F20040009041F2D8
:1015C0000E31C2F20041002201921AF065F9009832
:1015D00040F60E31C2F200411AF03EF9019802B015
:1015E00080BD00000000000080B584B0039002912F
:1015F0000398029909681DF0FFFB039943F6CC306C
:10160000C2F2004001901AF027F901981AF0C8F8C8
:10161000002004B080BD000083B0029001918DF8DD
:10162000032000208DF802009DF9020003B07047EE
:1016300080B586B00490ADF80E1000208DF80D0036
:1016400043F6CC30C2F20040D0F8BC0202900298BF
:10165000D0F8140220B1FFE701208DF8170013E045
:101660000499BDF80E2043F6CC30C2F20040019040
:101670001AF012F901981AF01BFA8DF80D009DF876
:101680000D008DF81700FFE79DF8170006B080BD2C
:1016900080B588B042F2A850C2F20040049000F534
:1016A000A4609FED6E0A16F05BFC049890F880052C
:1016B00040B9FFE742F2A850C2F20040D0F86005FE
:1016C0000790FFE79DED070A9FED651AB4EE410A0A
:1016D000F1EE10FA09DBFFE79DED070A9FED611AB5
:1016E00030EE010A8DED070AFFE79DED070A9FED39
:1016F0005E1AB4EE410AF1EE10FA09DAFFE79DED49
:10170000070A9FED5A1A30EE010A8DED070AFFE72E
:101710004CF6CD40C3F6CC500690002005909DEDD0
:10172000070A9DED061AB4EE410AF1EE10FA09DD42
:10173000FFE79DED070A9DED061A30EE410A8DED9B
:10174000050A1EE09DED070A9DED061AB1EE411A4D
:10175000B4EE410AF1EE10FA09DAFFE79DED070A4F
:101760009DED061A30EE010A8DED050A08E0002015
:10177000059042F2A851C2F20041C1F84C05FFE7C2
:10178000FFE79DED050AF1EE400A42F2A850C2F2D1
:101790000040039000F5A76002909FED300A13F01F
:1017A000B3FD0299039891ED070A00F5886090ED6A
:1017B0003A1A30EE010A80ED020A90ED020A90ED2D
:1017C000051AB1EE411AB4EE410AF1EE10FA0DDC41
:1017D000FFE742F2A850C2F2004000F2544090ED00
:1017E000000AB1EE400A8DED010A2AE042F2A8504B
:1017F000C2F2004000F5886090ED020A90ED051AF3
:10180000B4EE410AF1EE10FA0BDBFFE742F2A8500A
:10181000C2F2004000F2544090ED000A8DED000A43
:101820000AE042F2A850C2F2004000F5896090ED53
:10183000000A8DED000AFFE79DED000A8DED010A1B
:10184000FFE79DED010A42F2A850C2F2004000F508
:10185000896080ED000A08B080BD00BF0000000074
:10186000000034430000B4C3000034C30000B4439C
:1018700080B584B042F2A850C2F2004090F88005D2
:10188000002840F08480FFE742F2A850C2F20040F6
:1018900000F59C6016F0C8FAB5EE400AF1EE10FAB9
:1018A0000BDBFFE742F2A850C2F2004000F59C605B
:1018B00016F0BAFA8DED030A0CE042F2A850C2F21B
:1018C000004000F59C6016F0AFFAB1EE400A8DEDD5
:1018D000030AFFE79DED030A42F2A850C2F200405E
:1018E00000F24C4191ED001A80EE010A8DED020AE2
:1018F00000F59E6016F098FAB5EE400AF1EE10FA87
:101900000BDBFFE742F2A850C2F2004000F59E60F8
:1019100016F08AFA8DED010A0CE042F2A850C2F2EC
:10192000004000F59E6016F07FFAB1EE400A8DEDA2
:10193000010AFFE79DED020A9DED011A42F2A8504F
:10194000C2F2004000F58A6090ED002A81EE021A92
:1019500030EE010A9FED1F1AB4EE410AF1EE10FAC3
:101960000BDDFFE742F2A851C2F200414CF6CD4038
:10197000C3F6CC60C1F8740508E042F2A851C2F287
:1019800000414FF07E50C1F87405FFE708E042F2D5
:10199000A851C2F200414FF07C50C1F87405FFE736
:1019A00042F2A850C2F20040009000F2544191ED82
:1019B000000A00F2745191ED001A20EE010A00F5C0
:1019C000A46016F0CDFA0099D1F82805C1F84804B2
:1019D00004B080BDCDCC4C3D80B58AB042F2A85059
:1019E000C2F2004009900021C4F2D231016041608E
:1019F0000021C4F2962181600021C160016190ED57
:101A0000001A90ED030AB6EE002A8DED062A01EECB
:101A1000020AF0EE000ACDED070A21F0ADFB9DEDC4
:101A2000062ADDED070A09988DED080A90ED011AE6
:101A300090ED040A01EE020A21F09EFBB0EE401A7E
:101A40009DED080A30EE010A21F0EAFF099880EDC9
:101A5000050A90ED020A9FED421A20EE011A9FED51
:101A6000410A80EE010A9FED401A20EE010A80ED46
:101A7000060A0021CCF2E011C0F8641500F26450AF
:101A800090ED000A9FED391AB4EE410AF1EE10FA1A
:101A90000FDDFFE742F2A850C2F2004000F26450AE
:101AA00090ED000A9FED321A30EE010A80ED000A37
:101AB000FFE742F2A850C2F20040039040F20A5100
:101AC000A0F8681500F59C609FED2A0A8DED010ACB
:101AD000DFED290ACDED040A16F0AEF99DED010AFD
:101AE0000398DDED040A00F59E6016F0A5F9039851
:101AF000DDED040A00F5A4609FED200A8DED020AD9
:101B000016F09AF99DED020A0398DDED040A00F53E
:101B1000A06016F091F90398DDED040A00F5A260CB
:101B20009FED170A16F088F942F68840C2F200408D
:101B3000059000F6DC000A2101F08EFE059800F504
:101B4000E960022101F088FE059800F55A60322113
:101B500001F082FE00F018F800F0D2F80AB080BD63
:101B6000DB0FC940000070423C3C7C410000B443A4
:101B70000000B4C30000204200000000CDCCCC3DEA
:101B80009A99193E0000000080B582B042F2A85038
:101B9000C2F20040009000F5A7609FED0F0ADFED54
:101BA0000F0ACDED010AB1EE081AF1EE001AB2EEFD
:101BB0000E2A13F089FB0098DDED011A00F2B44003
:101BC000B2EE042AB0EE610AF0EE610AB0EE611ADC
:101BD00013F07AFB02B080BDCDCC4C3E000000007B
:101BE00081B046F29020C2F20040807A032808D1EA
:101BF000FFE742F2A851C2F20041002081F88005BF
:101C000000E0FFE742F2A850C2F2004090F88005E1
:101C1000D8BBFFE740F2EC50C2F200400078C007AA
:101C200090B3FFE742F2A850C2F2004090F870056E
:101C30000146009120B1FFE70098012811D021E072
:101C400046F29020C2F20040407A022808D1FFE715
:101C500042F2A851C2F20041012081F87005FFE76D
:101C600011E046F29020C2F20040407A032808D1E9
:101C7000FFE742F2A851C2F20041002081F870054E
:101C8000FFE700E0FFE7FFE700E0FFE701B0704794
:101C900083B002908DF807108DF806200298013865
:101CA00001460091072826D80099DFE801F0040CCE
:101CB000241C2424241442F2A851C2F20041FF2023
:101CC00081F8340518E042F2A851C2F20041012027
:101CD00081F8360510E042F2A851C2F2004101201D
:101CE00081F8370508E042F2A851C2F20041FF2016
:101CF00081F8350500E0FFE703B070470000000001
:101D000080B586B041F69143C0F600030F200090E5
:101D1000002103910222049214F01AF8009803990A
:101D200041F68153C0F600030322019214F010F82B
:101D30000399049A41F6F153C0F600034FF49860FA
:101D400014F006F80399049A42F29923C0F60003AE
:101D50004FF4804013F0FCFF019A03994AF6A15317
:101D6000C0F6010305931020029013F0F1FF0298D2
:101D70000399049A059B13F0EBFF06B080BD0000A9
:101D800083B002908DF807108DF806200298013874
:101D900001460091072826D80099DFE801F0040CDD
:101DA000241C2424241442F2A851C2F20041002031
:101DB00081F8340518E042F2A851C2F20041002037
:101DC00081F8360510E042F2A851C2F2004100202D
:101DD00081F8370508E042F2A851C2F20041002024
:101DE00081F8350500E0FFE703B070470000000010
:101DF00080B584B003908DF80B108DF80A2042F264
:101E0000A850C2F2004090F8700540B1FFE742F2DE
:101E1000A851C2F20041002081F8700541E003980A
:101E20000190402804D0FFE70198802816D036E0C2
:101E300042F2A850C2F20040009000F5A76013F0F3
:101E400033FA0098012180F8701500F2544191EDA9
:101E5000000A00F5A46016F083F821E042F2A850D1
:101E6000C2F2004000F5AB6090ED000AB5EE400A0A
:101E7000F1EE10FA0AD1FFE742F2A851C2F2004196
:101E80000020C4F27010C1F8580507E042F2A851D2
:101E9000C2F200410020C1F85805FFE700E0FFE76B
:101EA000FFE704B080BD000081B042F2A850C2F24A
:101EB00000400021CCF2E011C0F8641500F264503B
:101EC00090ED000A9FED2D1AB4EE410AF1EE10FAE2
:101ED0000FDBFFE742F2A850C2F2004000F264506C
:101EE00090ED000A9FED261A30EE010A80ED000AFF
:101EF000FFE742F2A850C2F2004000F2645090EDB9
:101F0000000AB5EE400AF1EE10FA0FDAFFE742F2EE
:101F1000A850C2F2004000F2645090ED000A9FED1C
:101F2000171A30EE010A80ED000AFFE70120ADF834
:101F30000200BDF80200012816D1FFE742F68840F2
:101F4000C2F20040D0F8981342F2A850C2F200400A
:101F500000F5A760416390ED0B1A90ED0D0A30EE8D
:101F6000410A80ED0A0A07E042F2A851C2F200419C
:101F70000020C1F86005FFE701B070470000B443DE
:101F80000000B4C30000000080B594B042F2A85035
:101F9000C2F20040119000F5AC600E9090ED000A86
:101FA0009FED7A1A8DED0F1A20EE010A9FED781A37
:101FB0008DED101A80EE010AB7EEC00A21F010FC78
:101FC0000E989DED0F2A9DED101AB7EEC00B8DED0A
:101FD000130A90ED000A20EE020A80EE010AB7EE25
:101FE000C00A20F0C9FFB7EEC00B8DED120A00F059
:101FF000D3F8119890F87005012819D1FFE742F243
:10200000A850C2F2004000F2745191ED001A00F5A0
:10201000886090ED030A20EE010A80ED030A91ED3D
:10202000001A90ED040A20EE010A80ED040AFFE791
:1020300040F2EC50C2F200400078C007B8B3FFE7AE
:1020400046F29020C2F200400A90B0F9040000EE7F
:10205000100AB8EEC00A42F2A850C2F200400D9039
:1020600000F588610B9191ED031A20EE010A9FEDB6
:10207000491A8DED0C1A80EE010A00F59C6015F0EE
:102080006FFF0A9A0B999DED0C1A0D98B2F9062074
:1020900000EE102AB8EEC00A91ED042A20EE020AE2
:1020A00080EE010A00F59E6015F05AFF2CE042F226
:1020B000A850C2F20040099000F58861089191EDA6
:1020C000040A90F9341590F93625114401EE101ADE
:1020D000B8EEC11A20EE010A00F59E6015F040FF2F
:1020E0000899099891ED030A90F9371590F935256B
:1020F000114401EE101AB8EEC11A20EE010A00F5E3
:102100009C6015F02DFFFFE742F2A850C2F200409C
:10211000009000F58861079100F59C60039015F030
:1021200083FE00988DED020A9DED120A8DED010AE5
:1021300000F59E60049015F077FE9DED012A9DED5F
:10214000021A039807999DED133A20EE030A91EEC7
:10215000420A81ED000A15F067FE04988DED060A2B
:102160009DED130A8DED050A15F05EFE9DED052A25
:102170009DED061A07989DED123A20EE030AA1EE96
:10218000420A80ED010A14B080BD00BFDB0F494058
:10219000000034430000254480B584B042F2A850CA
:1021A000C2F20040019000F59C6015F059FE0198C4
:1021B00000F58861029100F59E6015F051FE0198CE
:1021C00000F5A46015F04CFE0199029891ED000A0B
:1021D00091ED011A30EE010AB5EE001A20EE010A67
:1021E0008DED030A40F26412C2F20042138800EE41
:1021F000103AB8EEC00A9FED263A80EE030AB7EE19
:10220000C00A9FED1D2B80EE020B30EE000B9FED00
:102210001C1B20EE010B91ED024AB7EEC44A20EEE2
:10222000040BB7EEC00B80ED030AC368C1F850344D
:10223000128800EE102AB8EEC00A9DED034A80EE27
:10224000040A80EE030AB7EEC00A80EE020B30EEFD
:10225000000B20EE010B91ED021AB7EEC11A20EE31
:10226000010B9FED091B80EE010BB7EEC00B80ED5B
:10227000050A04B080BD00BFC3F5285C8FC22D40A5
:1022800000000060FB21094000000080BE9FF63F77
:10229000000070420000000082B001908DF8031031
:1022A0008DF8022042F2A850C2F2004090F83005AA
:1022B00040B9FFE742F2A851C2F20041012081F883
:1022C000300510E042F2A850C2F2004090F830050C
:1022D000012808D1FFE742F2A851C2F200410020D4
:1022E00081F83005FFE702B07047000000000000F1
:1022F00080B584B003908DED020ACDED010A8DED1D
:10230000001A039850309DED020ADDED010A9DEDA3
:10231000001AB1EE411A12F0E7FE039890ED190A87
:10232000DDED000A12F0F0FF0399C869C1F88000E2
:1023300004B080BD0000000087B006908DED050A56
:10234000CDED040A8DED031ACDED021A8DED012AB3
:10235000CDED002A05980699086004980699486012
:1023600003980699886002980699C86201980699B0
:10237000886200980699486207B070470000000024
:1023800080B583B084460598CDF808C0ADF8061036
:10239000ADF80420ADF802308DF80100BDF806005C
:1023A00002990880BDF8040002994880BDF8020037
:1023B000029988809DF801000299887103B080BD60
:1023C00080B543F6A860C2F2004003F0C5FB80BDB3
:1023D00080B543F62070C2F2004003F0BDFB80BD23
:1023E00080B544F21000C2F2004003F0B5FB80BD9E
:1023F00080B544F28800C2F2004003F0ADFB80BD1E
:1024000080B543F69870C2F2004003F0A5FB80BD92
:1024100080B544F26820C2F2004003F09DFB80BD0D
:1024200080B544F2F010C2F2004003F095FB80BD8D
:1024300080B544F20010C2F2004003F08DFB80BD75
:1024400080B544F27810C2F2004003F085FB80BDF5
:1024500083B002900298016801201022C4F20202A7
:102460009142009000F0A380FFE7029801680120EC
:102470002822C4F202029142009000F09880FFE707
:102480000298016801204022C4F2020291420090A9
:1024900000F08D80FFE70298016801205822C4F205
:1024A00002029142009000F08280FFE702980168EA
:1024B00001207022C4F202029142009077D0FFE71F
:1024C0000298016801208822C4F202029142009021
:1024D0006DD0FFE7029801680120A022C4F2020239
:1024E0009142009063D0FFE7029801680120B82272
:1024F000C4F202029142009059D0FFE702980168AD
:10250000012040F21042C4F20202914200904ED0EB
:10251000FFE702980168012040F22842C4F202025B
:102520009142009043D0FFE702980168012040F2F9
:102530004042C4F202029142009038D0FFE7029874
:102540000168012040F25842C4F202029142009018
:102550002DD0FFE702980168012040F27042C4F2DA
:1025600002029142009022D0FFE702980168012008
:1025700040F28842C4F202029142009017D0FFE775
:1025800002980168012040F2A042C4F20202914286
:1025900000900CD0FFE7029800684FF64831CBF668
:1025A000FD710844B0FA80F040090090FFE7009800
:1025B000C00740B3FFE70298007810384AF6AB2115
:1025C000CAF6AA21A0FB011000090190019800F0B1
:1025D000070144F22070C0F60200405C0299C86511
:1025E0000198042807D3FFE702990868042262F3E0
:1025F0000900886506E00299086840F2FF329043BE
:102600008865FFE705E00299086820F0FF0088650B
:10261000FFE70298806D03B07047000000000000E3
:1026200084B003900398006801900398016801202A
:1026300045F20842C5F60202914200904ED0FFE7F3
:1026400003980168012045F21C42C5F6020291423E
:10265000009043D0FFE703980168012045F2304223
:10266000C5F602029142009038D0FFE70398016856
:10267000012045F24442C5F60202914200902DD05D
:10268000FFE703980168012045F25842C5F60202AF
:102690009142009022D0FFE703980168012045F2A3
:1026A0006C42C5F602029142009017D0FFE70398F2
:1026B0000168012045F28042C5F602029142009075
:1026C0000CD0FFE7039800684AF66C31CAF2FD713E
:1026D0000844B0FA80F040090090FFE70098C00776
:1026E00010B3FFE70398007808384CF6CD41CCF6DC
:1026F000CC41A0FB011000090290029945F60000B0
:10270000C5F6020000EB810003990866039945F6BF
:102710008000C5F602004866029800F01F01012003
:1027200088400399886635E00398007810384AF6A7
:10273000AB21CAF6AA21A0FB011000090290019862
:1027400040F2B841C4F2020188420CD8FFE7019878
:1027500040F21041C4F20201884204D3FFE702981C
:1027600008300290FFE7029940F60000C4F2020030
:1027700000EB810003990866039940F68000C4F2DB
:1027800002004866029800F01F010120884003996A
:102790008866FFE704B0704783B002900298007922
:1027A00001900198002800F08A80FFE7019808282E
:1027B00000F28580FFE702980168012045F2084297
:1027C000C5F60202914200904ED0FFE702980168E0
:1027D000012045F21C42C5F602029142009043D00E
:1027E000FFE702980168012045F23042C5F6020277
:1027F0009142009038D0FFE702980168012045F22D
:102800004442C5F60202914200902DD0FFE70298A3
:102810000168012045F25842C5F60202914200903B
:1028200022D0FFE702980168012045F26C42C5F60C
:1028300002029142009017D0FFE702980168012040
:1028400045F28042C5F60202914200900CD0FFE7AB
:10285000029800684AF66C31CAF2FD710844B0FA79
:1028600080F040090090FFE70098C00780B1FFE7C3
:10287000019945F6FC00C5F6020000EB81000299C3
:10288000C866029945F64010C5F6020008670FE0D9
:10289000019940F6FC00C4F2020000EB81000299AD
:1028A000C866029940F64010C4F202000867FFE7CC
:1028B0000198411E0120884002994867FFE703B054
:1028C000704700000000000085B0049000208DF8E3
:1028D0000F000498806918BBFFE70498806A029093
:1028E00003281BD80299DFE801F0020D02180498B2
:1028F00090F82F00C00720B1FFE701208DF80F00EE
:10290000FFE70CE00498C06AB0F1C07F04D1FFE794
:1029100001208DF80F00FFE701E000E0FFE747E04E
:1029200004988069B0F5005F26D1FFE70498806ABB
:10293000019003281ED80199DFE801F00206021178
:1029400001208DF80F0016E0049890F82F00C007C2
:1029500020B1FFE701208DF80F00FFE70BE004989E
:10296000C06AB0F1C07F04D1FFE701208DF80F00ED
:10297000FFE700E0FFE71AE00498806A0090032870
:1029800004D3FFE70098032804D00EE001208DF85F
:102990000F000BE0049890F82F00C00720B1FFE76C
:1029A00001208DF80F00FFE700E0FFE7FFE7FFE7FA
:1029B0009DF80F0005B0704789B008900791069206
:1029C00005930898806D04900898806D039008988E
:1029D000016801201022C4F202029142029000F02C
:1029E0000381FFE70898016801202822C4F202024F
:1029F0009142029000F0F880FFE7089801680120FA
:102A00004022C4F202029142029000F0ED80FFE702
:102A10000898016801205822C4F2020291420290F3
:102A200000F0E280FFE70898016801207022C4F2FC
:102A300002029142029000F0D780FFE708980168F7
:102A400001208822C4F202029142029000F0CC8060
:102A5000FFE7089801680120A022C4F20202914217
:102A6000029000F0C180FFE7089801680120B822B9
:102A7000C4F202029142029000F0B680FFE708988B
:102A80000168012040F21042C4F202029142029019
:102A900000F0AA80FFE708980168012040F2284270
:102AA000C4F202029142029000F09E80FFE7089873
:102AB0000168012040F24042C4F2020291420290B9
:102AC00000F09280FFE708980168012040F2584228
:102AD000C4F202029142029000F08680FFE708985B
:102AE0000168012040F27042C4F202029142029059
:102AF0007AD0FFE708980168012040F28842C4F2CA
:102B00000202914202906FD0FFE70898016801200D
:102B100040F2A042C4F202029142029064D0FFE768
:102B200008980168012040F2B842C4F202029142C2
:102B3000029059D0FFE708980168012045F2084249
:102B4000C5F60202914202904ED0FFE70898016854
:102B5000012045F21C42C5F602029142029043D088
:102B6000FFE708980168012045F23042C5F60202ED
:102B70009142029038D0FFE708980168012045F2A1
:102B80004442C5F60202914202902DD0FFE7089818
:102B90000168012045F25842C5F6020291420290B6
:102BA00022D0FFE708980168012045F26C42C5F683
:102BB00002029142029017D0FFE7089801680120B5
:102BC00045F28042C5F60202914202900CD0FFE726
:102BD000089800684AF66C31CAF2FD710844B0FAF0
:102BE00080F040090290FFE70298C00770B1FFE74C
:102BF0000898416E806E48600898C06E28B1FFE763
:102C00000898016F406F4860FFE7FFE70898016888
:102C100001201022C4F202029142019000F0A38030
:102C2000FFE70898016801202822C4F202029142BD
:102C3000019000F09880FFE7089801680120402289
:102C4000C4F202029142019000F08D80FFE70898E3
:102C5000016801205822C4F202029142019000F062
:102C60008280FFE70898016801207022C4F2020206
:102C70009142019077D0FFE70898016801208822EF
:102C8000C4F20202914201906DD0FFE708980168FA
:102C90000120A022C4F202029142019063D0FFE71A
:102CA000089801680120B822C4F202029142019002
:102CB00059D0FFE708980168012040F21042C4F2A1
:102CC0000202914201904ED0FFE70898016801206E
:102CD00040F22842C4F202029142019043D0FFE741
:102CE00008980168012040F24042C4F20202914279
:102CF000019038D0FFE708980168012040F258425F
:102D0000C4F20202914201902DD0FFE708980168B9
:102D1000012040F27042C4F202029142019022D09E
:102D2000FFE708980168012040F28842C4F20202DD
:102D30009142019017D0FFE708980168012040F206
:102D4000A042C4F20202914201900CD0FFE7089821
:102D500000684FF64831CBF6FD710844B0FA80F0B8
:102D600040090190FFE70198C00750B3FFE70898BA
:102D7000C06D00F01F013F208840049988600898CA
:102D80000168086820F4802008600598089909689F
:102D9000486008988068402809D1FFE7069808999C
:102DA00009688860079808990968C86008E007986A
:102DB000089909688860069808990968C860FFE75B
:102DC00082E008980168012045F20842C5F6020237
:102DD000914200904ED0FFE708980168012045F22B
:102DE0001C42C5F602029142009043D0FFE70898CA
:102DF0000168012045F23042C5F60202914200907E
:102E000038D0FFE708980168012045F24442C5F632
:102E10000202914200902DD0FFE70898016801203E
:102E200045F25842C5F602029142009022D0FFE7D7
:102E300008980168012045F26C42C5F602029142F1
:102E4000009017D0FFE708980168012045F2804202
:102E5000C5F60202914200900CD0FFE70898006886
:102E60004AF66C31CAF2FD710844B0FA80F04009AC
:102E70000090FFE70098C00720B3FFE70898C06DF7
:102E800000F01F01012088400399486005980899C7
:102E90000968486008988068402809D1FFE70698CB
:102EA000089909688860079808990968C86008E067
:102EB0000798089909688860069808990968C860A1
:102EC000FFE700E0FFE7FFE709B070470000000000
:102ED00080B584B00390029103990878497840EA5C
:102EE00001206FF3DF200299088002990888A0F57D
:102EF00080600880039948788978C00840EA4110CA
:102F00006FF3DF200299488002994888A0F580601D
:102F1000488003998878CA780979800940EA820054
:102F200040EA81206FF3DF20029988800299888827
:102F3000A0F580608880039908794979400840EAC3
:102F4000C1106FF3DF200299C8800299C888A0F5EC
:102F50008060C8800298B0F9000000EE100AB8EE58
:102F6000C00ADFED3F0ACDED010A00F005F9DDED05
:102F7000010ABDEEC00A10EE100A029908800298FC
:102F8000B0F9020000EE100AB8EEC00A00F0F4F842
:102F9000DDED010ABDEEC00A10EE100A029948806C
:102FA0000298B0F9040000EE100AB8EEC00A00F072
:102FB000E3F8DDED010ABDEEC00A10EE100A029939
:102FC00088800298B0F9060000EE100AB8EEC00A38
:102FD00000F0D2F8BDEEC00A10EE100A0299C880C7
:102FE0000299087A88720299487AC87203984079DF
:102FF00080090299087203984079C0F30110029980
:10300000487203998879C97940EA01200299888138
:103010000399087A497A40EA01200299C881039904
:10302000887AC97A40EA0120029908820398007BD5
:10303000029988740398407B0299C8740399887B2D
:10304000C97B40EA0120029988820399087C497C67
:1030500040EA0120A0F580600299C88204B080BDDA
:10306000000020420000000082B001900091019811
:10307000008800990880019840880099488001984C
:103080008088009988800198C08840420099C88053
:103090000198007A009948720198407A00998872E4
:1030A0000198807A009948730198C07A00998873D2
:1030B00001988089009908820198C0890099488206
:1030C0000198008A009988820198807C009988750F
:1030D0000198C07C0099C8750198808A009908837E
:1030E0000198C08A0099488302B070470000000030
:1030F00081B000904EF6FC51CEF20001086840F01D
:103100008070086041F20401CEF2000100200860E6
:1031100041F20002CEF20002116841F0010111609B
:10312000009944F24022C0F20F024A4340F2EC21DF
:10313000C2F200410A600A6844F6D353C1F2620346
:10314000A2FB0332920940F2F023C2F200431A605C
:1031500009684DF68362C4F21B32A1FB0221890C7F
:1031600040F2F422C2F20042116040F2F821C2F2B1
:103170000041086001B0704783B08DED010ACDEDCC
:10318000000A9DED010A9DED001AB1EE411AB4EE60
:10319000410AF1EE10FA0DDDFFE79DED010A9DED0C
:1031A000001AB4EE410AF1EE10FA03DAFFE700204C
:1031B000029002E001980290FFE79DED020A03B041
:1031C0007047000000000000704700000000000091
:1031D00080B582B08DF807009DF807000C2818D143
:1031E000FFE746F2EC20C2F20040016801310160C5
:1031F0000068022801D8FFE70BE046F2EC20C2F29B
:10320000004000680B2801D3FFE7FFE7FDF738FB1C
:10321000FFE702B080BD000081B08DF8030001B06F
:10322000704700000000000080B584B06421019167
:103230000023039318461A4600F06EF80199039B89
:10324000012000901A4600F067F80199039B0220C4
:103250001A4600F061F80199039B03201A4600F01A
:103260005BF80199039B04201A4600F055F8019978
:10327000039B05201A4600F04FF80199039B062096
:103280001A4600F049F80199039B07201A4600F0FE
:1032900043F800980199039B42F64032C2F2004283
:1032A00082F8580082F86C0008201A4600F034F8C2
:1032B0000199039B09201A4600F02EF80199039BFF
:1032C0000A201A4600F028F8039B0B204FF4FA71ED
:1032D00002911A4600F020F80199039B0C201A462F
:1032E00000F01AF80299039B42F23942C0F601023B
:1032F0000D2000F011F80199039B0E201A4600F0F2
:103300000BF80299039B0F201A4600F005F804B051
:1033100080BD00000000000084B08DF80F00029115
:103320000192009302989DF80F1001EB810242F682
:103330004031C2F2004141F822009DF80F0000EB3D
:10334000800001EB80020020107201989DF80F2090
:1033500002EB820201EB8202D06000989DF80F2000
:1033600002EB820201EB8201086104B070470000A9
:1033700080B582B08DF8070006F04AFA9DF8071074
:1033800001EB810242F64031C2F2004101EB8201C1
:10339000486002B080BD000081B0EFF3108072B6CB
:1033A0000090FFE7FEE7000044F60C01C5F60201BD
:1033B000086840F002000860FFE744F60400C5F624
:1033C000020000688004002801D4FFE7F5E7704799
:1033D00080B544F2E020C2F2004005F0FDF880BD67
:1033E00080B544F2E020C2F2004005F0F5F880BD5F
:1033F00080B544F28030C2F2004005F0EDF880BDA7
:1034000080B544F28030C2F2004005F0E5F880BD9E
:1034100080B544F22040C2F2004005F0DDF880BDE6
:1034200080B544F22040C2F2004005F0D5F880BDDE
:1034300084B002900298406B009002980068D0F827
:1034400084004FF6FC718843009940EA810002999C
:103450000968C1F8840002980068D0F8840020F45C
:103460007F00029A1168926B40EA0240C1F8840022
:103470000298816B00980844009002980068D0F888
:1034800088006FF38F00009940EA81000299096873
:10349000C1F8880002980068D0F8880020F4FE0087
:1034A000029A1168D26B40EA0240C1F88800029883
:1034B000C16B009800EB4100009002980068D0F8C2
:1034C000A0006FF38F00009940EA8100029909681B
:1034D000C1F8A00002980068D0F8A00020F4FE0017
:1034E000029A1168126C40EA0240C1F8A0000299E9
:1034F000086C496C009A00FB01200090029800685B
:10350000D0F8B0006FF38F00009940EA8100029973
:103510000968C1F8B00002980068D0F8B00020F443
:10352000FE00029A1168926C40EA0240C1F8B000B5
:103530000299886CC96C009A00FB012000900298E7
:103540000068D0F8AC006FF38F00009940EA81006A
:1035500002990968C1F8AC000299086D496D009A9A
:1035600000FB0120009002980068D0F8F0006FF393
:103570008F00009940EA810002990968C1F8F000C3
:1035800002980068D0F8F00020F47C10029A1168CC
:10359000926D40EA0240C1F8F0000298816D0098F7
:1035A00000EB4100009002980068D0F8C0006FF373
:1035B0008F00009940EA810002990968C1F8C000B3
:1035C00002980068D0F8C00020F47C10029A1168BC
:1035D000D26D40EA0240C1F8C00002980068D0F8FD
:1035E000C00020F07C50029A1168126E40EA02601E
:1035F000C1F8C00002994A6B4AF60040C4F20000CC
:1036000000EB8200C86602998A6BC86E00EB8200EC
:1036100008670299CA6B086F00EBC20048670299FD
:103620000A6C4B6C486F5A4300EB82008867029922
:103630008A6CCB6C886F5A4300EB8200C867029992
:103640000A6D4B6DC86F5A4300EB8200C1F88000D1
:1036500002998A6DD1F8800000EBC200C1F88400A5
:103660000299CA6D8B6ED1F884005A4300EB820038
:10367000C1F8880002990A6E8B6ED1F888005A430F
:1036800000EB8200C1F890000298D0F890004DF253
:10369000FD31C4F2000188420FD3FFE70299D1F84F
:1036A0009C0040F02000C1F89C000299032081F8A2
:1036B000980001208DF80F0017E00298C06E01906D
:1036C000FFE701980299D1F89010884208D2FFE7ED
:1036D000019900200860FFE7019804300190F0E7AD
:1036E000FFE700208DF80F00FFE79DF80F0004B002
:1036F000704700000000000088B007900691059216
:1037000004930698406848B9FFE706980168826804
:103710000069104340EA8140039009E0069801687F
:10372000826800691043084340F080400390FFE73F
:103730000698D0F820C0C16842698369C06940EA30
:103740000C601843104340EA014002900798826ED3
:10375000D0F884000499514300EB81000190039854
:10376000019908600198043001900298019908605D
:1037700001980430019000200090FFE7009806991E
:10378000CA6844F21071C0F60201895C88420DD209
:10379000FFE70598009940580199086001980430A6
:1037A0000190FFE7009804300090E7E708B0704709
:1037B00085B002A9009101460098049180ED010AAC
:1037C00000200290ADF80600FFE7BDF8060004995E
:1037D000B1F89011013988421DDAFFE70098049A88
:1037E000BDF8063002EB8301496842F823100499C2
:1037F000BDF8062001EB820191ED001A90ED000A60
:1038000030EE010A80ED000AFFE7BDF80600013046
:10381000ADF80600D9E700980399049AB2F8903100
:1038200002EB830242F8041C90ED011A90ED000AAD
:1038300030EE010A80ED000A90ED000A0498B0F81D
:10384000900101EE100AB8EEC11A80EE010A05B02F
:10385000704700000000000082B00190ADF8021037
:10386000BDF802000199A1F890010020ADF8000018
:10387000FFE7BDF80000BDF8021088420DDAFFE74F
:103880000199BDF80020002041F82200FFE7BDF8B3
:1038900000000130ADF80000EBE702B07047000017
:1038A00084B002900191ADF80220029828B9FFE798
:1038B0004FF6FF70ADF80E0021E0FFE70198411EC2
:1038C0000191B8B1FFE70298411C029100788DF890
:1038D0000100BDF802109DF801004840C2B245F257
:1038E000B210C0F6020030F8120080EA1120ADF8E4
:1038F0000200E3E7BDF80200ADF80E00FFE7BDF8F7
:103900000E0004B07047000082B00190ADF80210C4
:103910008DF80120FFE7BDF80200411EADF802104E
:1039200098B1FFE79DF8010001994A1C01920978BE
:1039300048408DF800009DF8001044F20060C0F689
:103940000200405C8DF80100E5E79DF8010002B03F
:10395000704700000000000040F20040C2F200404A
:1039600090ED690A7047000040F20040C2F200404A
:1039700090ED680A7047000080B584B04EF60000F4
:10398000C1F6F170006803904EF60400C1F6F170C4
:10399000006802904EF60800C1F6F17000680190D0
:1039A0000199039808440390039888B1FFE70398AE
:1039B00040F22421C2F200410091023108220EF0AF
:1039C000DFFC00990298123104220EF0D9FCFFE7C7
:1039D00004B080BD0000000040F20040C2F2004090
:1039E00090ED6A0A7047000082B001908DF80310D4
:1039F0008DF8022042F68840C2F2004090EDA80AFD
:103A00009FED1A1AB4EE410AF1EE10FA10DDFFE74D
:103A100042F68841C2F200410020C4F2A000C1F881
:103A2000A0020020C1F8F001012081F8360F1BE050
:103A300042F68840C2F2004090EDA80AB2EE0E1A9B
:103A4000B4EE410AF1EE10FA0DDAFFE742F68841D2
:103A5000C2F200410020C4F2C820C1F8A002002038
:103A600081F8360FFFE7FFE702B07047000096428B
:103A700080B540F2EC50C2F200400078C00718B1A7
:103A8000FFE700F0C5FA02E000F0CAF9FFE780BDE9
:103A900080B542F68841C2F20041012081F8340F1E
:103AA0004FF2A040C2F20140007818B1FFE700F0E9
:103AB000BBFE0EE040F2EC50C2F200400078C007BE
:103AC00018B1FFE700F0A4FA02E000F0A9F9FFE75F
:103AD000FFE780BD0000000080B584B042F688405A
:103AE000C2F2004003900021C4F270210191C0F89D
:103AF000F8110021CCF25011C0F8FC110021029104
:103B0000C0F8E011D0F8E021C0F8F0210022C4F2A2
:103B1000BE22C0F8A8220023C4F2A003C0F8AC3231
:103B2000C0F88C22D0F88C22C0F8A02241604268F4
:103B3000C261C0F8A810D0F8A810C0F8C01000F5F5
:103B40005A603221FFF788FE039800F6DC000A2154
:103B5000FFF782FE039800F5E9600221FFF77CFE83
:103B6000019A0298039981F8340F4870C1F83823FC
:103B7000C1F83C034FF07E52C1F840230022C4F24A
:103B80002012C1F844230022CCF2A002C1F848233D
:103B9000C1F84C03012081F8500300F005F800F053
:103BA0002BFA04B080BD000080B58EB042F688408C
:103BB000C2F20040079000F50270B1EE080ADFED96
:103BC000620ACDED0D0A9FED611ADFED611A9FEDDE
:103BD000612A8DED062A11F077FB9DED062A0798E4
:103BE00000F516709FED5C0ADFED5C0ACDED020A70
:103BF0009FED5B1ADFED5B1ADFED5B2AFEF79CFBA6
:103C0000079800F50C70BFEE000ADFED580ABAEE17
:103C1000001AF7EE001ACDED001AB2EE042A8DED6F
:103C2000052A11F051FBDDED001A9DED051A0798EC
:103C300000F536709FED4E0ADFED4E0AB2EE0E2A09
:103C400011F042FB9DED062A079824309FED4A0AA9
:103C5000DFED4A0AB0EE0C1ADFED491ACDED011A7C
:103C600011F032FB079874309FED460ADFED460AEB
:103C70009FED461ADFED461A9FED462ADFED462AF4
:103C8000FEF75AFBDDED011A07984C309FED430A11
:103C9000DFED430ACDED040A9FED421A9FED422A63
:103CA0008DED0C2A11F010FBDDED040A9DED051AD7
:103CB000DDED061A07989DED0C2AC8309FED3B0AF2
:103CC0008DED030A11F000FBDDED022A07989DED52
:103CD0000C2A00F58C709FED360A8DED080AF6EE81
:103CE000000ACDED090A9FED331A8DED0A1ADFEDBA
:103CF000321ACDED0B1AFEF71FFB9DED030ADDED29
:103D0000040A9DED051ADDED061A07989DED0C2AB3
:103D1000DDED0D2A00F5A6700FF076FB07989DEDFE
:103D2000080ADDED090A9DED0A1ADDED0B1A9DED7D
:103D30000C2A9DED0D3A00F5D270DFED202A0FF030
:103D40006FFA0EB080BD00BF00000000CDCCCC3EAD
:103D50000000FA4300C0DA45000096423333333F97
:103D60000000F042000048439A99193F6F1283BA4D
:103D70006666E63F6F12833A9A99B9400AD7A33C28
:103D800000007A44000014428FC2F53C00002D432D
:103D900000002F440000FA446666E63E0000A5439A
:103DA000CDCCCC3D00E02B460060EA460000484206
:103DB00000008C430000F0430000C842CDCC4C3FD3
:103DC00042F68840C2F2004000210170007828BB12
:103DD000FFE746F29020C2F20040B0F91A00B0F5B9
:103DE000C87F08DCFFE746F29020C2F20040C07DA9
:103DF000012809D1FFE742F68841C2F200410120C3
:103E0000487081F8340F08E042F68841C2F2004160
:103E10000020487081F8340FFFE700E0FFE77047AB
:103E200080B588B042F68840C2F2004090F8340F66
:103E3000C00768B1FFE742F68841C2F200414DF287
:103E40000A70C3F6A330C1F8740AC1F8700A10E012
:103E500042F68841C2F200414DF20A70C3F62330A7
:103E6000C1F8740A44F2D040C3F65830C1F8700A61
:103E7000FFE746F29020C2F200400590B0F9100032
:103E800000EE100AB8EEC00A42F68840C2F20040C6
:103E9000079000F5E961069191EDCB1A20EE010A39
:103EA00000F6DC00FFF784FC05990698079BB0EE4E
:103EB000401A93ED300A30EE410A83ED300AD3F810
:103EC000C020DA61B1F9121000EE101AB8EEC00A83
:103ED00090EDCA1A20EE010AFFF76AFC0798B0EECF
:103EE000401A90ED7C0A30EE010A80ED7C0A90EDDC
:103EF000A80A90EDAB1AB4EE410AF1EE10FA09DC13
:103F0000FFE742F68840C2F2004090EDAB0A8DED2B
:103F1000040A24E042F68840C2F2004090EDA80A6C
:103F200090EDAA1AB4EE410AF1EE10FA09DBFFE7B0
:103F300042F68840C2F2004090EDAA0A8DED030AD5
:103F400008E042F68840C2F2004090EDA80A8DEDEC
:103F5000030AFFE79DED030A8DED040AFFE79DEDDF
:103F6000040A42F68840C2F2004080EDA80A90EDB3
:103F70007C0A90ED7F1AB4EE410AF1EE10FA09DCEA
:103F8000FFE742F68840C2F2004090ED7F0A8DEDD7
:103F9000020A24E042F68840C2F2004090ED7C0A1A
:103FA00090ED7E1AB4EE410AF1EE10FA09DBFFE75C
:103FB00042F68840C2F2004090ED7E0A8DED010A83
:103FC00008E042F68840C2F2004090ED7C0A8DED98
:103FD000010AFFE79DED010A8DED020AFFE79DED65
:103FE000020A42F68840C2F2004080ED7C0A08B026
:103FF00080BD00000000000080B543F6E913C0F664
:1040000000034FF400500021022211F0A1FE80BDF8
:1040100085B046F29021C2F20041B1F9000000EEF5
:10402000100AB8EEC00A9FED821A20EE010A9FED39
:10403000811A80EE011A42F68840C2F200400490D4
:1040400090ED300A30EE010A80ED300AD0F8C02041
:10405000C261B1F9021000EE101AB8EEC00B9FED6C
:10406000701B20EE010B9FED701B80EE011B90ED8D
:104070007C0AB7EEC00A30EE010BB7EEC00B80ED44
:104080007C0A90ED7C0A90ED7F1AB4EE410AF1EEC5
:1040900010FA09DCFFE742F68840C2F2004090EDDA
:1040A0007F0A8DED030A24E042F68840C2F2004008
:1040B00090ED7C0A90ED7E1AB4EE410AF1EE10FA12
:1040C00009DBFFE742F68840C2F2004090ED7E0A2D
:1040D0008DED020A08E042F68840C2F2004090ED01
:1040E0007C0A8DED020AFFE79DED020A8DED030AC1
:1040F000FFE79DED030A42F68840C2F2004080EDE2
:104100007C0A46F29020C2F20040407A012838D161
:10411000FFE746F29020C2F20040407B032830D1F6
:10412000FFE746F2F020C2F2004090F82003C007FB
:1041300038BBFFE742F68840C2F2004090EDA80A83
:104140009FED3D1AB4EE410AF1EE10FA0DDAFFE7E9
:1041500042F68841C2F200410020C4F2C820C1F8F2
:10416000A002002081F8360F0AE042F68841C2F230
:1041700000410020C1F8A002012081F8360FFFE7BE
:10418000FFE746F29021C2F20041487A487342F6B6
:104190008840C2F2004090EDA80A90EDAB1AB4EE50
:1041A000410AF1EE10FA09DCFFE742F68840C2F25C
:1041B000004090EDAB0A8DED010A24E042F6884004
:1041C000C2F2004090EDA80A90EDAA1AB4EE410A9E
:1041D000F1EE10FA09DBFFE742F68840C2F2004038
:1041E00090EDAA0A8DED000A08E042F68840C2F27E
:1041F000004090EDA80A8DED000AFFE79DED000A52
:104200008DED010AFFE79DED010A42F68840C2F2FA
:10421000004080EDA80A05B0704700BF00BF00BF96
:10422000666666666666D63F0000000000A08440B1
:104230009A9999BE00002544000048420000000001
:1042400080B586B040F2A831C2F2004191ED050A76
:10425000B1EE400A42F68840C2F2004080ED2F0ADB
:10426000496BC0F8AC10B0F8500441F6BD61401A7B
:10427000ADF81600BDF91600B0F5805F07DDFFE769
:10428000BDF81600A0F50050ADF816000DE0BDF920
:10429000160010F5805F07DAFFE7BDF8160000F59D
:1042A0000050ADF81600FFE7FFE742F68840C2F283
:1042B0000040039090ED2B0ABDF9161001EE101A84
:1042C000B8EEC11A9FEDE02A21EE021A9FEDDF2A17
:1042D000A1EE020A80ED020AD0F87813816140F263
:1042E000A831C2F2004191ED040AB1EE400A80ED1E
:1042F0007B0A096BC0F8E41100F2946191ED000AA9
:104300009FEDD31A30EE010A80EDA50A90ED790AEF
:1043100000F5AB6191ED081A9FEDCE2A31EE021A3D
:104320009FEDCD2AA1EE020A9FEDCC1A30EE010AD4
:1043300080EDA40AD0F87426C0F89C2291ED110AF1
:104340009FEDC72A30EE020A30EE410A9FEDC51AF2
:1043500030EE013A90ED790A90EDA52A30EE030A8D
:1043600030EE420A42F2A851C2F2004101F5AF61BB
:1043700081ED000A90EDA50AB4EE410AF1EE10FAC3
:104380000DDDFFE742F68840C2F2004090EDA50A3D
:104390009FEDAE1A30EE010A80EDA50A1BE042F651
:1043A0008840C2F2004090EDA50A9FEDAF1AB4EE2E
:1043B000410AF1EE10FA0DDAFFE742F68840C2F248
:1043C000004090EDA50A9FEDA91A30EE010A80ED9C
:1043D000A50AFFE7FFE742F68840C2F2004090EDF1
:1043E000A50A9FEDA31AB4EE410AF1EE10FA1DDB07
:1043F000FFE742F68840C2F2004090EDA50A9FED2B
:10440000E71AB4EE410AF1EE10FA0FDCFFE742F6CC
:104410008841C2F200410020C4F27020C1F80002BD
:104420000020CCF25010C1F8040271E042F688403E
:10443000C2F2004090EDA50AB2EE041AB4EE410AB1
:10444000F1EE10FA28DBFFE742F68840C2F20040A6
:1044500090EDA50A9FEDD01AB4EE410AF1EE10FAE4
:104460001ADAFFE742F68840C2F200400021C4F2A7
:10447000BA21C0F8001290EDA50ABBEE021A20EE98
:10448000010AB2EE041A80EE010A9FEDC51A30EE61
:10449000010A80ED810A3AE042F68840C2F200400B
:1044A00090EDA50AB2EE0E1AB4EE410AF1EE10FA42
:1044B0001DDAFFE742F68840C2F2004090EDA50AFF
:1044C000B9EE041AB4EE410AF1EE10FA0FDBFFE781
:1044D00042F68841C2F200410020C4F2BA20C1F87D
:1044E00000020020C4F2B420C1F804020EE042F63B
:1044F0008841C2F200410020C4F2BA20C1F8000293
:104500000020CCF22010C1F80402FFE7FFE7FFE72C
:1045100042F68840C2F20040029042F2A851C2F234
:10452000004101F5AF6191ED002A90ED800A90ED18
:10453000A51A30EE020A9FED952A31EE421A30EEAE
:10454000010A80ED7E0A91ED003A90ED810A90ED2E
:10455000A51A30EE030A31EE421A30EE010A80ED60
:104560007F0A0021049190ED2B0A90ED2C1A30EE79
:10457000410A9FED8C1AB4EE410AF1EE10FA11DAFD
:10458000FFE742F68840C2F2004090ED2B0A90ED22
:104590002C2A9FED801A31EE421A30EE010A8DED81
:1045A000040A30E042F68840C2F2004090ED2B0A47
:1045B00090ED2C1A30EE410A9FED7B1AB4EE410AC1
:1045C000F1EE10FA11DDFFE742F68840C2F200403A
:1045D00090ED2B0A90ED2C1A9FED6B2A30EE020A1B
:1045E00030EE410A8DED040A0CE042F68840C2F23A
:1045F000004090ED2B0A90ED2C1A30EE410A8DED23
:10460000040AFFE7FFE79DED041A42F68840C2F274
:10461000004090ED2D0A30EE010A80ED2D0AFFE7F3
:1046200042F68840C2F2004090ED2D1A90ED300A1B
:1046300030EE410A01209FED561AB4EE410AF1EE28
:1046400010FA01902BDA15E0000000390000B4C325
:104650002656544250761BBEE12E65420000B442FD
:104660004D2D0BC100003443000034C30000B4439F
:104670000000704242F68840C2F2004090ED2D0AE0
:1046800090ED301A30EE410A9FED411A0020B4EE51
:10469000410AF1EE10FAA8BF01200190FFE701984E
:1046A000C00700283FD0FFE742F68840C2F2004032
:1046B00090ED2D1A90ED300A30EE410A9FED341A3C
:1046C000B4EE410AF1EE10FA0DDBFFE742F6884046
:1046D000C2F2004090ED300A9FED2B1A30EE010A35
:1046E00080ED300AFFE742F68840C2F2004090EDCC
:1046F0002D0A90ED301A30EE410A9FED251AB4EEE6
:10470000410AF1EE10FA0DDBFFE742F68840C2F2F3
:10471000004090ED300A9FED1F1A30EE010A80ED47
:10472000300AFFE77CE742F68840C2F20040D0F84A
:10473000AC10C0F8B01090ED2D0ABDF9161001EEC6
:10474000101AB8EEC11A9FED0F2A21EE021A9FED42
:104750000E2AA1EE020A80ED040A4FF2A041C2F235
:104760000141097800EE101AB8EE400A00F55A60CF
:10477000FFF71EF84FF2D440C2F2014080ED000A6C
:1047800006B080BD000000390000B4C30000B44290
:10479000000034430000B443000070420000DC42DB
:1047A0000000BA42000087C30000874300000000F9
:1047B00046F2CC10C2F20040007842F2A851C2F298
:1047C000004191F87015884201D1FFE72AE042F2DA
:1047D000A850C2F2004090F8701546F2CC12C2F216
:1047E0000042117090F8700501280DD1FFE742F6E4
:1047F0008841C2F2004148F20000C4F23B604866C2
:104800004FF07C5008650DE042F68841C2F200414D
:104810000020C4F27A4048664CF6CD40C3F6CC5036
:104820000865FFE77047000084B042F68840C2F296
:10483000004090ED300A9FEDB91A80EE010AB5EE06
:10484000400AF1EE10FA13DDFFE742F68840C2F2AB
:10485000004090ED300A9FEDB11A80EE010AB6EEED
:10486000001A30EE010ABDEEC00A8DED030A12E017
:1048700042F68840C2F2004090ED300A9FEDA71A40
:1048800080EE010ABEEE001A30EE010ABDEEC00A4B
:104890008DED030AFFE79DED030AB8EEC01A4FF253
:1048A000A040C2F2014090ED050A9FED9C2AA1EEC6
:1048B000020A42F68840C2F2004090ED301A30EE13
:1048C000410A9FED971AB4EE410AF1EE10FA13DD9A
:1048D000FFE79DED030AB8EEC02A4FF2A040C2F2F6
:1048E000014090ED050A9FED8D1AA2EE010A30EE0F
:1048F000410A8DED020A42E09DED030AB8EEC01AAE
:104900004FF2A040C2F2014090ED050A9FED832ACC
:10491000A1EE020A42F68840C2F2004090ED301A41
:1049200030EE410A9FED7F1AB4EE410AF1EE10FA23
:1049300013DAFFE79DED030AB8EEC02A4FF2A0405C
:10494000C2F2014090ED050A9FED741AA2EE010A31
:1049500030EE010A8DED020A10E09DED030AB8EE7B
:10496000C01A4FF2A040C2F2014090ED050A9FED3F
:104970006B2AA1EE020A8DED020AFFE7FFE702991A
:1049800042F68840C2F20040C0F8C01090ED021A12
:1049900090ED2B0A30EE410A4FF62C00C2F2014096
:1049A00080ED000AFFE74FF62C00C2F2014090EDC7
:1049B000000A9FED5B1AB4EE410AF1EE10FA0DDD2C
:1049C000FFE74FF62C00C2F2014090ED000A9FED88
:1049D000561A30EE010A80ED000AE4E7FFE74FF6D1
:1049E0002C00C2F2014090ED000A9FED4E1AB4EE89
:1049F000410AF1EE10FA0DDAFFE74FF62C00C2F291
:104A0000014090ED000A9FED451A30EE010A80ED5D
:104A1000000AE4E74FF62C00C2F2014090ED000AD4
:104A2000B5EE400AF1EE10FA0BDAFFE74FF62C0074
:104A3000C2F2014090ED000AB1EE400A80ED000A9A
:104A4000FFE74FF62C00C2F2014090ED000AB3EEF2
:104A5000021AB4EE410AF1EE10FA09DCFFE742F661
:104A60008840C2F2004090F8360FC00740B1FFE71F
:104A700042F68841C2F20041D1F8C000C861FFE7A8
:104A80004FF2A040C2F20140016A42F68840C2F2F1
:104A90000040C0F8F01190ED7C0A90ED7F1AB4EE62
:104AA000410AF1EE10FA09DCFFE742F68840C2F253
:104AB000004090ED7F0A8DED010A24E042F6884027
:104AC000C2F2004090ED7C0A90ED7E1AB4EE410AED
:104AD000F1EE10FA09DBFFE742F68840C2F200402F
:104AE00090ED7E0A8DED000A08E042F68840C2F2A1
:104AF000004090ED7C0A8DED000AFFE79DED000A75
:104B00008DED010AFFE79DED010A42F68840C2F2F1
:104B1000004080ED7C0A04B0704700BF0000B44341
:104B200000003443000034C30000B4C300000000A0
:104B300080B58AB0089004F06BFE0490089828B9FC
:104B4000FFE701208DF8270000F0AABC089890F834
:104B5000350002280ED0FFE7089980204865FFE75E
:104B60000899002081F83400FFE701208DF8270024
:104B700000F096BC0898016801201022C4F20202DD
:104B80009142039000F0A380FFE70898016801209C
:104B90002822C4F202029142039000F09880FFE7BD
:104BA0000898016801204022C4F202029142039059
:104BB00000F08D80FFE70898016801205822C4F2B8
:104BC00002029142039000F08280FFE7089801689A
:104BD00001207022C4F202029142039077D0FFE7D5
:104BE0000898016801208822C4F2020291420390D1
:104BF0006DD0FFE7089801680120A022C4F20202EC
:104C00009142039063D0FFE7089801680120B82221
:104C1000C4F202029142039059D0FFE7089801685C
:104C2000012040F21042C4F20202914203904ED0A1
:104C3000FFE708980168012040F22842C4F202020E
:104C40009142039043D0FFE708980168012040F2A9
:104C50004042C4F202029142039038D0FFE7089824
:104C60000168012040F25842C4F2020291420390CE
:104C70002DD0FFE708980168012040F27042C4F28D
:104C800002029142039022D0FFE7089801680120B8
:104C900040F28842C4F202029142039017D0FFE72B
:104CA00008980168012040F2A042C4F20202914239
:104CB00003900CD0FFE7089800684FF64831CBF618
:104CC000FD710844B0FA80F040090390FFE70398B3
:104CD000C00780B1FFE708980168086820F01E004F
:104CE000086008980168486920F0800048610898C9
:104CF0000068059009E008980168086820F00E0037
:104D00000860089800680590FFE70898016801208E
:104D10001022C4F202029142029000F00381FFE7E8
:104D20000898016801202822C4F2020291420290F0
:104D300000F0F880FFE70898016801204022C4F2E3
:104D400002029142029000F0ED80FFE708980168AE
:104D500001205822C4F202029142029000F0E28047
:104D6000FFE70898016801207022C4F20202914214
:104D7000029000F0D780FFE70898016801208822A0
:104D8000C4F202029142029000F0CC80FFE7089842
:104D900001680120A022C4F202029142029000F0B8
:104DA000C180FFE7089801680120B822C4F202021E
:104DB0009142029000F0B680FFE708980168012058
:104DC00040F21042C4F202029142029000F0AA8026
:104DD000FFE708980168012040F22842C4F202026D
:104DE0009142029000F09E80FFE708980168012040
:104DF00040F24042C4F202029142029000F09280DE
:104E0000FFE708980168012040F25842C4F202020C
:104E10009142029000F08680FFE708980168012027
:104E200040F27042C4F20202914202907AD0FFE74F
:104E300008980168012040F28842C4F202029142BF
:104E400002906FD0FFE708980168012040F2A0426D
:104E5000C4F202029142029064D0FFE70898016810
:104E6000012040F2B842C4F202029142029059D0AD
:104E7000FFE708980168012045F20842C5F60202E2
:104E8000914202904ED0FFE708980168012045F258
:104E90001C42C5F602029142029043D0FFE70898F7
:104EA0000168012045F23042C5F6020291420290AB
:104EB00038D0FFE708980168012045F24442C5F662
:104EC0000202914202902DD0FFE70898016801206C
:104ED00045F25842C5F602029142029022D0FFE705
:104EE00008980168012045F26C42C5F60202914221
:104EF000029017D0FFE708980168012045F2804230
:104F0000C5F60202914202900CD0FFE708980068B3
:104F10004AF66C31CAF2FD710844B0FA80F04009DB
:104F20000290FFE70298C00738B1FFE70898016ECA
:104F3000086820F480700860FFE708980068102176
:104F4000C4F20201884200F08180FFE708980068FF
:104F50002821C4F20201884278D0FFE7089800684F
:104F60004021C4F20201884270D0FFE7089800682F
:104F70005821C4F20201884268D0FFE7089800680F
:104F80007021C4F20201884260D0FFE708980068EF
:104F90008821C4F20201884258D0FFE708980068CF
:104FA000A021C4F20201884250D0FFE708980068AF
:104FB000B821C4F20201884248D0FFE7089800688F
:104FC00040F21041C4F2020188423FD0FFE7089846
:104FD000006840F22841C4F20201884236D0FFE75F
:104FE0000898006840F24041C4F2020188422DD086
:104FF000FFE70898006840F25841C4F20201884275
:1050000024D0FFE70898006840F27041C4F2020122
:1050100088421BD0FFE70898006840F28841C4F23C
:105020000201884212D0FFE70898006840F2A041D0
:10503000C4F20201884209D0FFE70898006840F2F4
:10504000B841C4F20201884207D1FFE7089801681D
:10505000086820F00100086006E008980168086808
:1050600020F001000860FFE7FFE705980068C0072F
:10507000C8B1FFE704F0CCFB0499401A062811D30D
:10508000FFE70899202048650899032081F835003A
:10509000FFE70899002081F83400FFE701208DF830
:1050A0002700FDE1E1E70898016801201022C4F221
:1050B00002029142019000F0A380FFE70898016886
:1050C00001202822C4F202029142019000F098804F
:1050D000FFE70898016801204022C4F202029142D1
:1050E000019000F08D80FFE70898016801205822A8
:1050F000C4F202029142019000F08280FFE708981A
:10510000016801207022C4F202029142019077D01E
:10511000FFE70898016801208822C4F20202914248
:1051200001906DD0FFE7089801680120A022C4F229
:1051300002029142019063D0FFE7089801680120C4
:10514000B822C4F202029142019059D0FFE70898B8
:105150000168012040F21042C4F202029142019023
:105160004ED0FFE708980168012040F22842C4F2BF
:1051700002029142019043D0FFE7089801680120A4
:1051800040F24042C4F202029142019038D0FFE75F
:1051900008980168012040F25842C4F2020291428C
:1051A00001902DD0FFE708980168012040F270427D
:1051B000C4F202029142019022D0FFE708980168F0
:1051C000012040F28842C4F202029142019017D0BD
:1051D000FFE708980168012040F2A042C4F20202F1
:1051E000914201900CD0FFE7089800684FF64831D3
:1051F000CBF6FD710844B0FA80F040090190FFE75A
:105200000198C00760B1FFE70898806D0790089883
:10521000C06D00F01F013F208840079988600BE0B7
:105220000898806D06900898C06D00F01F0101205D
:10523000884006994860FFE708980168012010221D
:10524000C4F202029142009000F00381FFE7089847
:10525000016801202822C4F202029142009000F06D
:10526000F880FFE70898016801204022C4F202029A
:105270009142009000F0ED80FFE70898016801205E
:105280005822C4F202029142009000F0E280FFE74F
:105290000898016801207022C4F202029142009035
:1052A00000F0D780FFE70898016801208822C4F247
:1052B00002029142009000F0CC80FFE7089801685C
:1052C0000120A022C4F202029142009000F0C180AD
:1052D000FFE7089801680120B822C4F20202914257
:1052E000009000F0B680FFE708980168012040F2C6
:1052F0001042C4F202029142009000F0AA80FFE73F
:1053000008980168012040F22842C4F2020291424A
:10531000009000F09E80FFE708980168012040F2AD
:105320004042C4F202029142009000F09280FFE7F6
:1053300008980168012040F25842C4F202029142EA
:10534000009000F08680FFE708980168012040F295
:105350007042C4F20202914200907AD0FFE70898AE
:105360000168012040F28842C4F20202914200909A
:105370006FD0FFE708980168012040F2A042C4F214
:1053800002029142009064D0FFE708980168012072
:1053900040F2B842C4F202029142009059D0FFE7B5
:1053A00008980168012045F20842C5F602029142C0
:1053B00000904ED0FFE708980168012045F21C429A
:1053C000C5F602029142009043D0FFE708980168B9
:1053D000012045F23042C5F602029142009038D0D9
:1053E000FFE708980168012045F24442C5F6020231
:1053F000914200902DD0FFE708980168012045F206
:105400005842C5F602029142009022D0FFE7089868
:105410000168012045F26C42C5F6020291420090FB
:1054200017D0FFE708980168012045F28042C5F6D1
:105430000202914200900CD0FFE7089800684AF6FB
:105440006C31CAF2FD710844B0FA80F04009009056
:10545000FFE70098C007A0B1FFE70898416E806E93
:1054600048600898C06E58B1FFE70898C16E086898
:1054700020F4807008600898016F406F4860FFE773
:10548000FFE70899012081F83500FFE7089900201F
:1054900081F83400FFE7FFE700208DF82700FFE7E1
:1054A0009DF827000AB080BD80B586B004900498AE
:1054B00020B9FFE701208DF8170046E3049890F823
:1054C0003500022807D0FFE70499802048650120B5
:1054D0008DF8170039E30498016801201022C4F206
:1054E00002029142029000F0A380FFE70498016855
:1054F00001202822C4F202029142029000F098801A
:10550000FFE70498016801204022C4F202029142A0
:10551000029000F08D80FFE7049801680120582276
:10552000C4F202029142029000F08280FFE70498E8
:10553000016801207022C4F202029142029077D0E9
:10554000FFE70498016801208822C4F20202914218
:1055500002906DD0FFE7049801680120A022C4F2F8
:1055600002029142029063D0FFE704980168012093
:10557000B822C4F202029142029059D0FFE7049887
:105580000168012040F21042C4F2020291420290EE
:105590004ED0FFE704980168012040F22842C4F28F
:1055A00002029142029043D0FFE704980168012073
:1055B00040F24042C4F202029142029038D0FFE72A
:1055C00004980168012040F25842C4F2020291425C
:1055D00002902DD0FFE704980168012040F270424C
:1055E000C4F202029142029022D0FFE704980168BF
:1055F000012040F28842C4F202029142029017D088
:10560000FFE704980168012040F2A042C4F20202C0
:10561000914202900CD0FFE7049800684FF64831A1
:10562000CBF6FD710844B0FA80F040090290FFE724
:105630000298C007002800F09D80FFE7049904202D
:1056400081F83500049800681021C4F202018842F4
:1056500000F08180FFE7049800682821C4F202016D
:10566000884278D0FFE7049800684021C4F2020124
:10567000884270D0FFE7049800685821C4F2020104
:10568000884268D0FFE7049800687021C4F20201E4
:10569000884260D0FFE7049800688821C4F20201C4
:1056A000884258D0FFE704980068A021C4F20201A4
:1056B000884250D0FFE704980068B821C4F2020184
:1056C000884248D0FFE70498006840F21041C4F2D5
:1056D000020188423FD0FFE70498006840F2284169
:1056E000C4F20201884236D0FFE70498006840F215
:1056F0004041C4F2020188422DD0FFE704980068BF
:1057000040F25841C4F20201884224D0FFE70498D5
:10571000006840F27041C4F2020188421BD0FFE7EA
:105720000498006840F28841C4F20201884212D015
:10573000FFE70498006840F2A041C4F202018842E9
:1057400009D0FFE70498006840F2B841C4F20201B2
:10575000884207D1FFE704980168086820F001003B
:10576000086006E004980168086820F001000860FD
:10577000FFE7E5E104980168086820F00E00086082
:10578000049800681021C4F20201884200F0818070
:10579000FFE7049800682821C4F20201884278D00B
:1057A000FFE7049800684021C4F20201884270D0EB
:1057B000FFE7049800685821C4F20201884268D0CB
:1057C000FFE7049800687021C4F20201884260D0AB
:1057D000FFE7049800688821C4F20201884258D08B
:1057E000FFE704980068A021C4F20201884250D06B
:1057F000FFE704980068B821C4F20201884248D04B
:10580000FFE70498006840F21041C4F202018842A8
:105810003FD0FFE70498006840F22841C4F202013B
:10582000884236D0FFE70498006840F24041C4F255
:10583000020188422DD0FFE70498006840F25841E9
:10584000C4F20201884224D0FFE70498006840F2C5
:105850007041C4F2020188421BD0FFE7049800683F
:1058600040F28841C4F20201884212D0FFE7049856
:10587000006840F2A041C4F20201884209D0FFE76B
:105880000498006840F2B841C4F20201884207D18E
:10589000FFE704980168086820F00100086006E04E
:1058A00004980168086820F001000860FFE7049888
:1058B000016801201022C4F202029142019000F01E
:1058C0000381FFE70498016801202822C4F2020244
:1058D0009142019000F0F880FFE7049801680120F0
:1058E0004022C4F202029142019000F0ED80FFE7F5
:1058F0000498016801205822C4F2020291420190EA
:1059000000F0E280FFE70498016801207022C4F2F1
:1059100002029142019000F0D780FFE704980168ED
:1059200001208822C4F202029142019000F0CC8052
:10593000FFE7049801680120A022C4F2020291420C
:10594000019000F0C180FFE7049801680120B822AF
:10595000C4F202029142019000F0B680FFE7049881
:105960000168012040F21042C4F20202914201900B
:1059700000F0AA80FFE704980168012040F2284265
:10598000C4F202029142019000F09E80FFE7049869
:105990000168012040F24042C4F2020291420190AB
:1059A00000F09280FFE704980168012040F258421D
:1059B000C4F202029142019000F08680FFE7049851
:1059C0000168012040F27042C4F20202914201904B
:1059D0007AD0FFE704980168012040F28842C4F2BF
:1059E0000202914201906FD0FFE704980168012004
:1059F00040F2A042C4F202029142019064D0FFE75B
:105A000004980168012040F2B842C4F202029142B7
:105A1000019059D0FFE704980168012045F208423F
:105A2000C5F60202914201904ED0FFE7049801684A
:105A3000012045F21C42C5F602029142019043D07A
:105A4000FFE704980168012045F23042C5F60202E2
:105A50009142019038D0FFE704980168012045F297
:105A60004442C5F60202914201902DD0FFE704980E
:105A70000168012045F25842C5F6020291420190A8
:105A800022D0FFE704980168012045F26C42C5F678
:105A900002029142019017D0FFE7049801680120AB
:105AA00045F28042C5F60202914201900CD0FFE718
:105AB000049800684AF66C31CAF2FD710844B0FAE5
:105AC00080F040090190FFE70198C00728B3FFE785
:105AD0000498016E086820F4807008600498806D56
:105AE00003900498C06D00F01F01012088400399C5
:105AF00048600498416E806E48600498C06E58B14A
:105B0000FFE70498C16E086820F48070086004986C
:105B1000016F406F4860FFE7FFE70499012081F8BB
:105B20003500FFE70499002081F83400FFE704986E
:105B3000006D20B1FFE70498016D8847FFE7FFE79C
:105B4000FFE700208DF81700FFE79DF8170006B06B
:105B500080BD00000000000080B590B00F900020D4
:105B60000B9040F26810C2F20040006848F2B51194
:105B7000C1F64E31A0FB0110800A0A900F98806D8B
:105B800009900F98806D0890099800680E90089809
:105B900000680D900F98016801201022C4F20202E3
:105BA0009142079000F0A380FFE70F980168012061
:105BB0002822C4F202029142079000F09880FFE789
:105BC0000F98016801204022C4F20202914207901E
:105BD00000F08D80FFE70F98016801205822C4F281
:105BE00002029142079000F08280FFE70F9801685F
:105BF00001207022C4F202029142079077D0FFE7A1
:105C00000F98016801208822C4F202029142079095
:105C10006DD0FFE70F9801680120A022C4F20202B4
:105C20009142079063D0FFE70F9801680120B822E6
:105C3000C4F202029142079059D0FFE70F98016821
:105C4000012040F21042C4F20202914207904ED06D
:105C5000FFE70F980168012040F22842C4F20202D7
:105C60009142079043D0FFE70F980168012040F26E
:105C70004042C4F202029142079038D0FFE70F98E9
:105C80000168012040F25842C4F20202914207909A
:105C90002DD0FFE70F980168012040F27042C4F256
:105CA00002029142079022D0FFE70F98016801207D
:105CB00040F28842C4F202029142079017D0FFE7F7
:105CC0000F980168012040F2A042C4F20202914202
:105CD00007900CD0FFE70F9800684FF64831CBF6DD
:105CE000FD710844B0FA80F040090790FFE707987B
:105CF000C007002800F01385FFE70E980F99C96DC3
:105D000001F01F01C8400007002840F1B080FFE704
:105D10000F9800681021C4F20201884200F08180CF
:105D2000FFE70F9800682821C4F20201884278D06A
:105D3000FFE70F9800684021C4F20201884270D04A
:105D4000FFE70F9800685821C4F20201884268D02A
:105D5000FFE70F9800687021C4F20201884260D00A
:105D6000FFE70F9800688821C4F20201884258D0EA
:105D7000FFE70F980068A021C4F20201884250D0CA
:105D8000FFE70F980068B821C4F20201884248D0AA
:105D9000FFE70F98006840F21041C4F20201884208
:105DA0003FD0FFE70F98006840F22841C4F202019B
:105DB000884236D0FFE70F98006840F24041C4F2B5
:105DC000020188422DD0FFE70F98006840F2584149
:105DD000C4F20201884224D0FFE70F98006840F225
:105DE0007041C4F2020188421BD0FFE70F9800689F
:105DF00040F28841C4F20201884212D0FFE70F98B6
:105E0000006840F2A041C4F20201884209D0FFE7D5
:105E10000F98006840F2B841C4F20201884207D1ED
:105E2000FFE70F980068006800F00400069006E0A5
:105E30000F980068006800F008000690FFE70698D9
:105E4000A0B1FFE70F980168086820F0040008601F
:105E50000F98C06D00F01F010820884009998860E4
:105E60000F99486D40F001004865FFE7FFE70E9885
:105E70000F99C96D01F01F01C840C007002800F04C
:105E8000A980FFE70F9800681021C4F20201884240
:105E900000F08180FFE70F9800682821C4F202011A
:105EA000884278D0FFE70F9800684021C4F20201D1
:105EB000884270D0FFE70F9800685821C4F20201B1
:105EC000884268D0FFE70F9800687021C4F2020191
:105ED000884260D0FFE70F9800688821C4F2020171
:105EE000884258D0FFE70F980068A021C4F2020151
:105EF000884250D0FFE70F980068B821C4F2020131
:105F0000884248D0FFE70F98006840F21041C4F281
:105F1000020188423FD0FFE70F98006840F2284115
:105F2000C4F20201884236D0FFE70F98006840F2C1
:105F30004041C4F2020188422DD0FFE70F9800686B
:105F400040F25841C4F20201884224D0FFE70F9882
:105F5000006840F27041C4F2020188421BD0FFE7A2
:105F60000F98006840F28841C4F20201884212D0C2
:105F7000FFE70F98006840F2A041C4F20201884296
:105F800009D0FFE70F98006840F2B841C4F202015F
:105F9000884207D1FFE70F980068406900F0800051
:105FA000059005E00F980068006800200590FFE765
:105FB000059870B1FFE70F98C06D00F01F01012038
:105FC0008840099988600F99486D40F00200486543
:105FD000FFE7FFE70E980F99C96D01F01F01C84058
:105FE0004007002840F1A980FFE70F9800681021C2
:105FF000C4F20201884200F08180FFE70F98006838
:106000002821C4F20201884278D0FFE70F98006887
:106010004021C4F20201884270D0FFE70F98006867
:106020005821C4F20201884268D0FFE70F98006847
:106030007021C4F20201884260D0FFE70F98006827
:106040008821C4F20201884258D0FFE70F98006807
:10605000A021C4F20201884250D0FFE70F980068E7
:10606000B821C4F20201884248D0FFE70F980068C7
:1060700040F21041C4F2020188423FD0FFE70F987E
:10608000006840F22841C4F20201884236D0FFE79E
:106090000F98006840F24041C4F2020188422DD0BE
:1060A000FFE70F98006840F25841C4F202018842AD
:1060B00024D0FFE70F98006840F27041C4F202015B
:1060C00088421BD0FFE70F98006840F28841C4F275
:1060D0000201884212D0FFE70F98006840F2A04109
:1060E000C4F20201884209D0FFE70F98006840F22D
:1060F000B841C4F20201884207D1FFE70F98006857
:10610000006800F00200049005E00F980068006845
:1061100000200490FFE7049870B1FFE70F98C06D6E
:1061200000F01F0104208840099988600F99486D8C
:1061300040F004004865FFE7FFE70E980F99C96D2E
:1061400001F01F01C840C006002840F1DE80FFE7D3
:106150000F9800681021C4F20201884200F081808B
:10616000FFE70F9800682821C4F20201884278D026
:10617000FFE70F9800684021C4F20201884270D006
:10618000FFE70F9800685821C4F20201884268D0E6
:10619000FFE70F9800687021C4F20201884260D0C6
:1061A000FFE70F9800688821C4F20201884258D0A6
:1061B000FFE70F980068A021C4F20201884250D086
:1061C000FFE70F980068B821C4F20201884248D066
:1061D000FFE70F98006840F21041C4F202018842C4
:1061E0003FD0FFE70F98006840F22841C4F2020157
:1061F000884236D0FFE70F98006840F24041C4F271
:10620000020188422DD0FFE70F98006840F2584104
:10621000C4F20201884224D0FFE70F98006840F2E0
:106220007041C4F2020188421BD0FFE70F9800685A
:1062300040F28841C4F20201884212D0FFE70F9871
:10624000006840F2A041C4F20201884209D0FFE791
:106250000F98006840F2B841C4F20201884207D1A9
:10626000FFE70F980068006800F00800039006E060
:106270000F980068006800F004000390FFE703989F
:10628000002841D0FFE70F98C06D00F01F011020DB
:106290008840099988600F980068006840030028CA
:1062A0001AD5FFE70F98006800680003002809D49A
:1062B000FFE70F98006C20B1FFE70F98016C88474B
:1062C000FFE708E00F98806C20B1FFE70F98816C22
:1062D0008847FFE7FFE716E00F9800680068C005F1
:1062E000002807D4FFE70F980168086820F008002D
:1062F0000860FFE70F98006C20B1FFE70F98016C72
:106300008847FFE7FFE7FFE7FFE70E980F99C96DA2
:1063100001F01F01C8408006002840F12681FFE7F8
:106320000F9800681021C4F20201884200F08180B9
:10633000FFE70F9800682821C4F20201884278D054
:10634000FFE70F9800684021C4F20201884270D034
:10635000FFE70F9800685821C4F20201884268D014
:10636000FFE70F9800687021C4F20201884260D0F4
:10637000FFE70F9800688821C4F20201884258D0D4
:10638000FFE70F980068A021C4F20201884250D0B4
:10639000FFE70F980068B821C4F20201884248D094
:1063A000FFE70F98006840F21041C4F202018842F2
:1063B0003FD0FFE70F98006840F22841C4F2020185
:1063C000884236D0FFE70F98006840F24041C4F29F
:1063D000020188422DD0FFE70F98006840F2584133
:1063E000C4F20201884224D0FFE70F98006840F20F
:1063F0007041C4F2020188421BD0FFE70F98006889
:1064000040F28841C4F20201884212D0FFE70F989F
:10641000006840F2A041C4F20201884209D0FFE7BF
:106420000F98006840F2B841C4F20201884207D1D7
:10643000FFE70F980068006800F01000029006E087
:106440000F980068006800F002000290FFE70298D1
:10645000002800F08980FFE70F98C06D00F01F0151
:1064600020208840099988600F9890F8350004280A
:1064700037D1FFE70F980168086820F01600086020
:106480000F980168486920F0800048610F98006CFF
:1064900020B9FFE70F98806C38B1FFE70F980168CB
:1064A000086820F008000860FFE70F98C06D00F052
:1064B0001F013F208840099988600F99012081F8C9
:1064C0003500FFE70F99002081F83400FFE70F98AF
:1064D000006D20B1FFE70F98016D8847FFE700F0DE
:1064E00019BC0F9800680068400300281AD5FFE720
:1064F0000F98006800680003002809D4FFE70F9890
:10650000406C20B1FFE70F98416C8847FFE708E037
:106510000F98C06B20B1FFE70F98C16B8847FFE76A
:10652000FFE720E00F9800680068C005002811D43C
:10653000FFE70F980168086820F0100008600F99C5
:10654000012081F83500FFE70F99002081F8340021
:10655000FFE7FFE70F98C06B20B1FFE70F98C16B13
:106560008847FFE7FFE7FFE7FFE70F98406D002848
:1065700000F0D480FFE70F98406DC007002800F0BE
:10658000C480FFE70F99042081F835000F98006858
:106590001021C4F20201884200F08180FFE70F98C9
:1065A00000682821C4F20201884278D0FFE70F98E2
:1065B00000684021C4F20201884270D0FFE70F98C2
:1065C00000685821C4F20201884268D0FFE70F98A2
:1065D00000687021C4F20201884260D0FFE70F9882
:1065E00000688821C4F20201884258D0FFE70F9862
:1065F0000068A021C4F20201884250D0FFE70F9842
:106600000068B821C4F20201884248D0FFE70F9821
:10661000006840F21041C4F2020188423FD0FFE717
:106620000F98006840F22841C4F20201884236D037
:10663000FFE70F98006840F24041C4F2020188422F
:106640002DD0FFE70F98006840F25841C4F20201D4
:10665000884224D0FFE70F98006840F27041C4F2EE
:10666000020188421BD0FFE70F98006840F2884182
:10667000C4F20201884212D0FFE70F98006840F28E
:10668000A041C4F20201884209D0FFE70F980068D8
:1066900040F2B841C4F20201884207D1FFE70F98E7
:1066A0000168086820F00100086006E00F980168A2
:1066B000086820F001000860FFE7FFE70B98013051
:1066C0000B900A99884201D9FFE707E0FFE70F988E
:1066D00000680068C0070028F0D1FFE70F98006845
:1066E0000068C00728B1FFE70F99032081F8350043
:1066F00004E00F99012081F83500FFE7FFE70F99CB
:10670000002081F83400FFE7FFE70F98C06C20B14C
:10671000FFE70F98C16C8847FFE7FFE7FAE20F98A1
:106720000168012045F20842C5F60202914201903B
:106730004ED0FFE70F980168012045F21C42C5F6D4
:1067400002029142019043D0FFE70F9801680120B7
:1067500045F23042C5F602029142019038D0FFE77F
:106760000F980168012045F24442C5F602029142A9
:1067700001902DD0FFE70F980168012045F25842A3
:10678000C5F602029142019022D0FFE70F980168FE
:10679000012045F26C42C5F602029142019017D0E9
:1067A000FFE70F980168012045F28042C5F602021A
:1067B000914201900CD0FFE70F9800684AF66C31C7
:1067C000CAF2FD710844B0FA80F040090190FFE779
:1067D0000198C007002800F09B82FFE70F9800682F
:1067E00000680C900D980F99C96D01F01F01C84009
:1067F0004007002840F1D780FFE79DF830004007B0
:10680000002840F1D080FFE70F98C06D00F01F0115
:1068100004208840089948609DF83100000600284F
:1068200018D5FFE79DF83200C00748B9FFE70F9879
:10683000806C20B1FFE70F98816C8847FFE708E084
:106840000F98006C20B1FFE70F98016C8847FFE7B5
:10685000FFE7A7E09DF830008006002800F199804E
:10686000FFE70F9800681021C4F20201884200F08F
:106870008180FFE70F9800682821C4F20201884256
:1068800078D0FFE70F9800684021C4F202018842E7
:1068900070D0FFE70F9800685821C4F202018842C7
:1068A00068D0FFE70F9800687021C4F202018842A7
:1068B00060D0FFE70F9800688821C4F20201884287
:1068C00058D0FFE70F980068A021C4F20201884267
:1068D00050D0FFE70F980068B821C4F20201884247
:1068E00048D0FFE70F98006840F21041C4F202015F
:1068F00088423FD0FFE70F98006840F22841C4F279
:106900000201884236D0FFE70F98006840F240410C
:10691000C4F2020188422DD0FFE70F98006840F2D0
:106920005841C4F20201884224D0FFE70F98006862
:1069300040F27041C4F2020188421BD0FFE70F9879
:10694000006840F28841C4F20201884212D0FFE799
:106950000F98006840F2A041C4F20201884209D0B9
:10696000FFE70F98006840F2B841C4F20201884284
:1069700007D1FFE70F980168086820F00800086059
:1069800006E00F980168086820F004000860FFE73F
:10699000FFE70F98006C20B1FFE70F98016C884764
:1069A000FFE7FFE7B3E10D980F99C96D01F01F01F3
:1069B000C8408007002840F1E180FFE79DF83000E3
:1069C0008007002840F1DA80FFE70F98C06D00F0E3
:1069D0001F0102208840089948609DF83100000698
:1069E000002818D5FFE79DF83200C00748B9FFE737
:1069F0000F98406C20B1FFE70F98416C8847FFE784
:106A000008E00F98C06B20B1FFE70F98C16B884773
:106A1000FFE7FFE7B1E09DF830008006002800F1B5
:106A2000A380FFE70F9800681021C4F2020188429A
:106A300000F08180FFE70F9800682821C4F202016E
:106A4000884278D0FFE70F9800684021C4F2020125
:106A5000884270D0FFE70F9800685821C4F2020105
:106A6000884268D0FFE70F9800687021C4F20201E5
:106A7000884260D0FFE70F9800688821C4F20201C5
:106A8000884258D0FFE70F980068A021C4F20201A5
:106A9000884250D0FFE70F980068B821C4F2020185
:106AA000884248D0FFE70F98006840F21041C4F2D6
:106AB000020188423FD0FFE70F98006840F228416A
:106AC000C4F20201884236D0FFE70F98006840F216
:106AD0004041C4F2020188422DD0FFE70F980068C0
:106AE00040F25841C4F20201884224D0FFE70F98D7
:106AF000006840F27041C4F2020188421BD0FFE7F7
:106B00000F98006840F28841C4F20201884212D016
:106B1000FFE70F98006840F2A041C4F202018842EA
:106B200009D0FFE70F98006840F2B841C4F20201B3
:106B3000884207D1FFE70F980168086820F0140029
:106B4000086006E00F980168086820F00A000860F5
:106B5000FFE70F99012081F83500FFE70F9900202A
:106B600081F83400FFE7FFE70F98C06B20B1FFE723
:106B70000F98C16B8847FFE7FFE7C7E00D980F99B3
:106B8000C96D01F01F01C8400007002840F1BC801A
:106B9000FFE79DF830000007002840F1B580FFE7CF
:106BA0000F9800681021C4F20201884200F0818031
:106BB000FFE70F9800682821C4F20201884278D0CC
:106BC000FFE70F9800684021C4F20201884270D0AC
:106BD000FFE70F9800685821C4F20201884268D08C
:106BE000FFE70F9800687021C4F20201884260D06C
:106BF000FFE70F9800688821C4F20201884258D04C
:106C0000FFE70F980068A021C4F20201884250D02B
:106C1000FFE70F980068B821C4F20201884248D00B
:106C2000FFE70F98006840F21041C4F20201884269
:106C30003FD0FFE70F98006840F22841C4F20201FC
:106C4000884236D0FFE70F98006840F24041C4F216
:106C5000020188422DD0FFE70F98006840F25841AA
:106C6000C4F20201884224D0FFE70F98006840F286
:106C70007041C4F2020188421BD0FFE70F98006800
:106C800040F28841C4F20201884212D0FFE70F9817
:106C9000006840F2A041C4F20201884209D0FFE737
:106CA0000F98006840F2B841C4F20201884207D14F
:106CB000FFE70F980168086820F01C00086006E0F4
:106CC0000F980168086820F00E000860FFE70F9831
:106CD000C06D00F01F01012000FA01F1089A516017
:106CE0000F9948650F9981F83500FFE70F9900204B
:106CF00081F83400FFE70F98C06C20B1FFE70F98D0
:106D0000C16C8847FFE700E0FFE7FFE7FFE700E02F
:106D1000FFE7FFE710B080BD10B58EB00C9002F019
:106D200077FD0A900C9828B9FFE701208DF837000D
:106D300000F09EBC0C98016801201022C4F20202EF
:106D40009142079000F0A380FFE70C9801680120B2
:106D50002822C4F202029142079000F09880FFE7D7
:106D60000C98016801204022C4F20202914207906F
:106D700000F08D80FFE70C98016801205822C4F2D2
:106D800002029142079000F08280FFE70C980168B0
:106D900001207022C4F202029142079077D0FFE7EF
:106DA0000C98016801208822C4F2020291420790E7
:106DB0006DD0FFE70C9801680120A022C4F2020206
:106DC0009142079063D0FFE70C9801680120B82238
:106DD000C4F202029142079059D0FFE70C98016873
:106DE000012040F21042C4F20202914207904ED0BC
:106DF000FFE70C980168012040F22842C4F2020229
:106E00009142079043D0FFE70C980168012040F2BF
:106E10004042C4F202029142079038D0FFE70C983A
:106E20000168012040F25842C4F2020291420790E8
:106E30002DD0FFE70C980168012040F27042C4F2A7
:106E400002029142079022D0FFE70C9801680120CE
:106E500040F28842C4F202029142079017D0FFE745
:106E60000C980168012040F2A042C4F20202914253
:106E700007900CD0FFE70C9800684FF64831CBF62E
:106E8000FD710844B0FA80F040090790FFE70798C9
:106E9000C007002800F07881FFE70C98406A08B12D
:106EA000FFE7FFE70C99022081F83500FFE70C9916
:106EB000002081F83400FFE70C9800681021C4F22C
:106EC0000201884200F08180FFE70C9800682821C9
:106ED000C4F20201884278D0FFE70C980068402194
:106EE000C4F20201884270D0FFE70C980068582174
:106EF000C4F20201884268D0FFE70C980068702154
:106F0000C4F20201884260D0FFE70C980068882133
:106F1000C4F20201884258D0FFE70C980068A02113
:106F2000C4F20201884250D0FFE70C980068B821F3
:106F3000C4F20201884248D0FFE70C98006840F292
:106F40001041C4F2020188423FD0FFE70C9800686C
:106F500040F22841C4F20201884236D0FFE70C9883
:106F6000006840F24041C4F2020188422DD0FFE7A0
:106F70000C98006840F25841C4F20201884224D0C3
:106F8000FFE70C98006840F27041C4F202018842A9
:106F90001BD0FFE70C98006840F28841C4F2020160
:106FA000884212D0FFE70C98006840F2A041C4F27A
:106FB0000201884209D0FFE70C98006840F2B8410E
:106FC000C4F20201884207D1FFE70C980168086803
:106FD00020F00100086006E00C980168086820F0C5
:106FE00001000860FFE7FFE70C9800680068C00731
:106FF00098B1FFE702F00CFC0A99401A06280BD35F
:10700000FFE70C99202048650C99032081F8350092
:1070100001208DF837002BE3E6E70C980068006844
:107020000B900B9848F23F01CFF6106108400B908F
:107030000C998868D1F80CC00B694A6940EA0C00C9
:10704000184310438A691043CA691043096A01430F
:107050000B9808430B900C98406A042808D1FFE76E
:107060000C99C86A096B01430B9808430B90FFE722
:107070000C984068292807D3FFE70C984168012045
:107080002F29069036D3FFE70C9840683F2807D396
:10709000FFE70C9841680120432906902AD3FFE7B7
:1070A0000C984068472807D3FFE70C9841680120F7
:1070B000492906901ED3FFE70C9840684F2807D354
:1070C000FFE70C98416801205329069012D3FFE78F
:1070D0000C98416800207429059008D3FFE70C98AC
:1070E00041680020782938BF01200590FFE7059806
:1070F0000690FFE70698C00728B1FFE70B9840F419
:1071000080100B90FFE70B980C99096808600C98A9
:10711000006840690B900B9820F007000B900C98CA
:10712000416A0B9808430B900C98406A04281AD1C6
:10713000FFE70C98816A0B9808430B900C98C06A83
:1071400080B1FFE70C98FBF7BFFB50B1FFE70C994C
:10715000402048650C99012081F835008DF83700F2
:1071600086E2FFE7FFE70B980C99096848610C98E5
:10717000FBF76EF909900C98C06D00F01F013F20DD
:1071800088400999886026E10C980168012045F241
:107190000842C5F60202914204904ED0FFE70C98D7
:1071A0000168012045F21C42C5F60202914204909A
:1071B00043D0FFE70C980168012045F23042C5F644
:1071C00002029142049038D0FFE70C980168012038
:1071D00045F24442C5F60202914204902DD0FFE7E9
:1071E0000C980168012045F25842C5F6020291420E
:1071F000049022D0FFE70C980168012045F26C4210
:10720000C5F602029142049017D0FFE70C9801687E
:10721000012045F28042C5F60202914204900CD052
:10722000FFE70C9800684AF66C31CAF2FD71084419
:10723000B0FA80F040090490FFE70498C0070028E6
:1072400000F0BD80FFE70C980168012045F208427C
:10725000C5F60202914203904ED0FFE70C980168F8
:10726000012045F21C42C5F602029142039043D030
:10727000FFE70C980168012045F23042C5F6020292
:107280009142039038D0FFE70C980168012045F245
:107290004442C5F60202914203902DD0FFE70C98BC
:1072A0000168012045F25842C5F60202914203905E
:1072B00022D0FFE70C980168012045F26C42C5F628
:1072C00002029142039017D0FFE70C980168012059
:1072D00045F28042C5F60202914203900CD0FFE7CE
:1072E0000C9800684AF66C31CAF2FD710844B0FA95
:1072F00080F040090390FFE70398C00708B1FFE75B
:10730000FFE70C99022081F83500FFE70C99002077
:1073100081F83400FFE70C98006800680B900B9828
:107320006FF310100B900C988068402803D1FFE792
:107330001020029008E00C9880688038B0FA80F045
:10734000400980030290FFE702980C99CA680B6914
:10735000D1F814C0D1F818E0CC694EEA040E4CEA1A
:107360000E0C43EA0C031A4340EAD200096A40EAD1
:1073700011110B9808430B900B980C990968086041
:107380000C9908684AF6F832CAF2FD7210444CF6BD
:10739000CD42CCF6CC42A0FB02026FF0030000EA23
:1073A0009200C8650C98FBF753F808900C98C06DD4
:1073B00000F01F0101208840089948600AE00C99FC
:1073C000402048650C99032081F8350001208DF894
:1073D00037004DE1FFE70C98016801201022C4F24C
:1073E00002029142019000F00381FFE70C980168CE
:1073F00001202822C4F202029142019000F0F8809C
:10740000FFE70C98016801204022C4F20202914279
:10741000019000F0ED80FFE70C98016801205822F0
:10742000C4F202029142019000F0E280FFE70C9862
:10743000016801207022C4F202029142019000F022
:10744000D780FFE70C98016801208822C4F202026D
:107450009142019000F0CC80FFE70C980168012078
:10746000A022C4F202029142019000F0C180FFE725
:107470000C9801680120B822C4F2020291420190E6
:1074800000F0B680FFE70C980168012040F210423E
:10749000C4F202029142019000F0AA80FFE70C982A
:1074A0000168012040F22842C4F202029142019098
:1074B00000F09E80FFE70C980168012040F24042F6
:1074C000C4F202029142019000F09280FFE70C9812
:1074D0000168012040F25842C4F202029142019038
:1074E00000F08680FFE70C980168012040F27042AE
:1074F000C4F20202914201907AD0FFE70C98016831
:10750000012040F28842C4F20202914201906FD001
:10751000FFE70C980168012040F2A042C4F2020289
:107520009142019064D0FFE70C980168012040F27D
:10753000B842C4F202029142019059D0FFE70C9880
:107540000168012045F20842C5F60202914201900D
:107550004ED0FFE70C980168012045F21C42C5F6A9
:1075600002029142019043D0FFE70C98016801208C
:1075700045F23042C5F602029142019038D0FFE751
:107580000C980168012045F24442C5F6020291427E
:1075900001902DD0FFE70C980168012045F2584278
:1075A000C5F602029142019022D0FFE70C980168D3
:1075B000012045F26C42C5F602029142019017D0BB
:1075C000FFE70C980168012045F28042C5F60202EF
:1075D000914201900CD0FFE70C9800684AF66C319C
:1075E000CAF2FD710844B0FA80F040090190FFE74B
:1075F0000198C00790B3FFE70C98FBF711F80C98BF
:107600008068802804D1FFE70C9900204860FFE7DC
:107610000C990879096E08600C98416E806E48607C
:107620000C98406888B1FFE70C98406808280CD88F
:10763000FFE70C98FBF7B0F80C98C16E00200860CB
:107640000C98016F406F486007E00C990020C866F5
:107650000C9908670C994867FFE7FFE70C99002031
:1076600048650C9A012182F835108DF83700FFE744
:107670009DF837000EB010BD80B588B0069005911A
:107680000492039300208DF80B00069820B9FFE7C1
:1076900001208DF81F006CE3FFE7069890F8340096
:1076A000012804D1FFE702208DF81F0061E306994D
:1076B000012081F83400FFE7FFE7069890F83500D5
:1076C000012840F04383FFE70699022081F8350046
:1076D000069900204865069800681021C4F202014E
:1076E000884200F08180FFE7069800682821C4F2F4
:1076F0000201884278D0FFE7069800684021C4F272
:107700000201884270D0FFE7069800685821C4F251
:107710000201884268D0FFE7069800687021C4F231
:107720000201884260D0FFE7069800688821C4F211
:107730000201884258D0FFE706980068A021C4F2F1
:107740000201884250D0FFE706980068B821C4F2D1
:107750000201884248D0FFE70698006840F21041D5
:10776000C4F2020188423FD0FFE70698006840F269
:107770002841C4F20201884236D0FFE7069800682B
:1077800040F24041C4F2020188422DD0FFE7069842
:10779000006840F25841C4F20201884224D0FFE759
:1077A0000698006840F27041C4F2020188421BD082
:1077B000FFE70698006840F28841C4F2020188425F
:1077C00012D0FFE70698006840F2A041C4F202011F
:1077D000884209D0FFE70698006840F2B841C4F239
:1077E0000201884207D1FFE706980168086820F087
:1077F0000100086006E006980168086820F00100B2
:107800000860FFE706980599049A039BFBF7D4F8F4
:107810000698016801201022C4F2020291420190F0
:1078200000F0A380FFE70698016801202822C4F237
:1078300002029142019000F09880FFE706980168EB
:1078400001204022C4F202029142019000F08D809A
:10785000FFE70698016801205822C4F20202914213
:10786000019000F08280FFE70698016801207022F5
:10787000C4F202029142019077D0FFE706980168B6
:1078800001208822C4F20202914201906DD0FFE7EC
:10789000069801680120A022C4F2020291420190E0
:1078A00063D0FFE7069801680120B822C4F2020203
:1078B0009142019059D0FFE706980168012040F2FB
:1078C0001042C4F20202914201904ED0FFE70698A6
:1078D0000168012040F22842C4F202029142019064
:1078E00043D0FFE706980168012040F24042C4F20D
:1078F00002029142019038D0FFE70698016801200A
:1079000040F25842C4F20202914201902DD0FFE7AA
:1079100006980168012040F27042C4F202029142CE
:10792000019022D0FFE706980168012040F28842CA
:10793000C4F202029142019017D0FFE70698016855
:10794000012040F2A042C4F20202914201900CD008
:10795000FFE7069800684FF64831CBF6FD71084402
:10796000B0FA80F040090190FFE70198C007A8B184
:10797000FFE70698006800680B2161F34400069950
:10798000096808600698006C38B1FFE7069801683E
:10799000086840F008000860FFE714E006980068F7
:1079A0000068052161F3430006990968086006989C
:1079B000006C38B1FFE706980168086840F00400E1
:1079C0000860FFE7FFE70698016801201022C4F273
:1079D00002029142009000F00381FFE706980168DF
:1079E00001202822C4F202029142009000F0F880A7
:1079F000FFE70698016801204022C4F2020291428A
:107A0000009000F0ED80FFE7069801680120582201
:107A1000C4F202029142009000F0E280FFE7069873
:107A2000016801207022C4F202029142009000F02D
:107A3000D780FFE70698016801208822C4F202027D
:107A40009142009000F0CC80FFE706980168012089
:107A5000A022C4F202029142009000F0C180FFE730
:107A6000069801680120B822C4F2020291420090F7
:107A700000F0B680FFE706980168012040F210424E
:107A8000C4F202029142009000F0AA80FFE706983B
:107A90000168012040F22842C4F2020291420090A3
:107AA00000F09E80FFE706980168012040F2404206
:107AB000C4F202029142009000F09280FFE7069823
:107AC0000168012040F25842C4F202029142009043
:107AD00000F08680FFE706980168012040F27042BE
:107AE000C4F20202914200907AD0FFE70698016842
:107AF000012040F28842C4F20202914200906FD00D
:107B0000FFE706980168012040F2A042C4F2020299
:107B10009142009064D0FFE706980168012040F28E
:107B2000B842C4F202029142009059D0FFE7069891
:107B30000168012045F20842C5F602029142009018
:107B40004ED0FFE706980168012045F21C42C5F6B9
:107B500002029142009043D0FFE70698016801209D
:107B600045F23042C5F602029142009038D0FFE75C
:107B700006980168012045F24442C5F6020291428E
:107B800000902DD0FFE706980168012045F2584289
:107B9000C5F602029142009022D0FFE706980168E4
:107BA000012045F26C42C5F602029142009017D0C6
:107BB000FFE706980168012045F28042C5F60202FF
:107BC000914200900CD0FFE7069800684AF66C31AD
:107BD000CAF2FD710844B0FA80F040090090FFE756
:107BE0000098C007D0B1FFE70698006E0068C00398
:107BF000002807D5FFE70698016E086840F48070FA
:107C00000860FFE70698C06E38B1FFE70698C16EBE
:107C1000086840F480700860FFE7FFE70698006896
:107C20001021C4F20201884200F08180FFE706982B
:107C300000682821C4F20201884278D0FFE7069844
:107C400000684021C4F20201884270D0FFE7069824
:107C500000685821C4F20201884268D0FFE7069804
:107C600000687021C4F20201884260D0FFE70698E4
:107C700000688821C4F20201884258D0FFE70698C4
:107C80000068A021C4F20201884250D0FFE70698A4
:107C90000068B821C4F20201884248D0FFE7069884
:107CA000006840F21041C4F2020188423FD0FFE771
:107CB0000698006840F22841C4F20201884236D09A
:107CC000FFE70698006840F24041C4F20201884292
:107CD0002DD0FFE70698006840F25841C4F2020137
:107CE000884224D0FFE70698006840F27041C4F251
:107CF000020188421BD0FFE70698006840F28841E5
:107D0000C4F20201884212D0FFE70698006840F2F0
:107D1000A041C4F20201884209D0FFE7069800683A
:107D200040F2B841C4F20201884207D1FFE7069849
:107D30000168086840F00100086006E006980168E4
:107D4000086840F001000860FFE70DE006994FF475
:107D500000604865FFE70699002081F83400FFE7DE
:107D600001208DF80B00FFE79DF80B008DF81F0038
:107D7000FFE79DF81F0008B080BD00000000000074
:107D800080B584B0039001F043FD02900398019008
:107D90000198013048B1FFE740F23F20C2F20040B5
:107DA0000178019808440190FFE7FFE701F030FDFA
:107DB0000299401A0199884201D2FFE7F6E704B020
:107DC00080BD00000000000085B003900291019288
:107DD000039890F898008DF803009DF8030001289F
:107DE00005D0FFE79DF8030002285DD1FFE7029868
:107DF00003990968896D084207D1FFE70398016874
:107E0000C86D40F00100C86515E002980399096843
:107E1000896D08400299884207D1FFE703980168FD
:107E2000C86D40F00200C86504E0039801680320B3
:107E3000C865FFE7FFE79DF809008007002809D51E
:107E4000FFE7019A03980168D1F8E0001043C1F8F8
:107E5000E000FFE79DF809004007002809D5FFE78B
:107E6000019A03980168D1F8E4001043C1F8E400D6
:107E7000FFE7FFE702984FF6FF71C3F6CF7100EA04
:107E8000010203980168486D10434865029A4AF65A
:107E90001401C4F20001086840EA92700860FFE72C
:107EA00000208DF813000AE00399D1F89C0040F0FF
:107EB0000200C1F89C0001208DF81300FFE79DF837
:107EC000130005B07047000080B586B004900391A0
:107ED00002920398406808B9FFE700E0FFE70498C2
:107EE00090F89800022845D1FFE704980068D0F880
:107EF000C00010F07C5F0BD1FFE70499D1F89C0023
:107F000040F02000C1F89C0001208DF817003CE0F3
:107F100004980068D0F8C400800200280BD5FFE761
:107F20000499D1F89C0040F40070C1F89C00012035
:107F30008DF8170029E004980068D0F8C400C0F359
:107F40000440019004980399029A019BFBF7D4FB2B
:107F50000199012000FA01F1049A1268C2F8D010C8
:107F6000019988400499C1F89400FFE700208DF83A
:107F700017000AE00499D1F89C0040F00800C1F80D
:107F80009C0001208DF81700FFE79DF8170006B050
:107F900080BD00000000000082B00190009102B09E
:107FA000704700000000000084B002900191009230
:107FB000019808B9FFE700E0FFE7029890F8980001
:107FC000012836D1FFE7019870B9FFE702980068F1
:107FD000D0F8F00020F07C50009940EA016002994E
:107FE0000968C1F8F00020E0019801280ED1FFE7F0
:107FF00002980068D0F8A00020F0FE40009940EA06
:10800000016002990968C1F8A0000DE002980068BB
:10801000D0F8B00020F0FE40009940EA01600299DB
:108020000968C1F8B000FFE7FFE700208DF80F00F6
:108030000AE00299D1F89C0040F00400C1F89C00CD
:1080400001208DF80F00FFE79DF80F0004B0704786
:1080500087B005900491059890F898008DF803007A
:108060009DF80300012805D0FFE79DF803000228D2
:108070006AD1FFE70498C068072801D1FFE7FFE74E
:108080000498006878BBFFE70498C068072801D00F
:10809000FFE7FFE70498C06807280CD1FFE7049AC0
:1080A00010699169D269000440EA0220084340F057
:1080B000605003900CE004998868CB680A694969AC
:1080C000800740EAC36040EA024008430390FFE7AC
:1080D0000598C06E0499496800EB810001900398EF
:1080E000019908602CE00498C068072801D0FFE7D8
:1080F000FFE70498C168006940EA41700390049862
:10810000C068072804D1FFE704988069029006E060
:1081100004988168406940EA81700290FFE7059801
:10812000006F0499496800EBC10001900398019920
:108130000860019804300190029801990860FFE7F7
:1081400000208DF81B000AE00599D1F89C0040F052
:108150000200C1F89C0001208DF81B00FFE79DF88C
:108160001B0007B07047000085B0DDF814C0039015
:10817000029101920093039890F89800012812D17F
:10818000FFE702980001019940EA8100009940EA66
:1081900041000599084303990968C1F8800000204F
:1081A0008DF813000AE00399D1F89C0040F0040018
:1081B000C1F89C0001208DF81300FFE79DF8130023
:1081C00005B070470000000081B0009001B070471A
:1081D00080B582B001900091019844F2E021C2F292
:1081E000004188420BD1FFE79DF80300800700287B
:1081F00004D5FFE7019818F057FBFFE7FFE7019868
:1082000044F28031C2F2004188420BD1FFE79DF871
:1082100003008007002804D5FFE7019818F044FB0D
:10822000FFE7FFE7019844F22041C2F20041884293
:108230000BD1FFE79DF803008007002804D5FFE776
:10824000019818F031FBFFE7FFE702B080BD0000A6
:1082500083B00290019102980068406C00900098F1
:1082600000F00700019908600098C0F3022001990E
:108270004860009800F01800019988600098C0F3E9
:1082800040100199C8600098C0F3801001990861FE
:108290009DF80000C009019948610098C0F3C02012
:1082A000019988610098C0F300300199C861009875
:1082B000C0F34030019908620098C0F38030019902
:1082C00048620098C0F3064001998862002003B01C
:1082D00070470000000000008AB0089007910692E5
:1082E000059300200190089890F898008DF80300FD
:1082F0009DF80300022840F05C81FFE707984028C2
:1083000051D1FFE708980068D0F8A00010F4FE0FE4
:108310000BD1FFE70899D1F89C0040F02000C1F88C
:108320009C0001208DF827004EE108980068D0F8E5
:10833000A400400658B9FFE70899D1F89C0040F422
:108340008070C1F89C0001208DF827003CE108985E
:108350000068D0F8A40000F080710120B0EB116F2C
:108360000DD1FFE708980068D0F8A0100120B0EB0D
:10837000D17F03D1FFE701200190FFE7FFE70898D5
:108380000068D0F8A40000F47C51019800EB1120A3
:1083900001900898426C406F0199514300EB8100B5
:1083A0000490FFE770E00798412851D1FFE7089853
:1083B0000068D0F8B00010F4FE0F0BD1FFE7089969
:1083C000D1F89C0040F02000C1F89C0001208DF8FD
:1083D0002700F9E008980068D0F8B400400658B9C2
:1083E000FFE70899D1F89C0040F48070C1F89C0028
:1083F00001208DF82700E7E008980068D0F8B40065
:1084000000F080710120B0EB116F0DD1FFE70898EB
:108410000068D0F8B0100120B0EBD17F03D1FFE7A6
:1084200001200190FFE7FFE708980068D0F8B4004A
:1084300000F47C51019800EB112001900898C26C67
:10844000806F0199514300EB81000490FFE71AE02F
:1084500007980899096D88420BD3FFE70899D1F86E
:108460009C0040F02000C1F89C0001208DF82700FE
:10847000AAE00898426DC06F0799514300EB810054
:108480000490FFE7FFE7FFE70498006800F08040F2
:10849000069948600698406838B9FFE70498006874
:1084A000C0F38A400699086006E00498006820F04E
:1084B000604006990860FFE70498006800F00050EB
:1084C000069988600498006800F0004006990861E9
:1084D000049804300490049800880699C8610498B0
:1084E0000068C0F303400699C8600498006800F46F
:1084F0008010069948610498006800F400100699FD
:10850000886104980068C0F30660069908620498C0
:108510000068C00F069948620498043004900498DB
:10852000039000200290FFE702980699CA6844F27F
:108530001071C0F60201895C88420AD2FFE70398F5
:10854000029A805C05998854FFE7029801300290F6
:10855000EAE70798402806D1FFE7019808990968DB
:10856000C1F8A80021E00798412806D1FFE701984B
:1085700008990968C1F8B80016E007981F2808D8BC
:10858000FFE707990120884008990968C1F8980019
:1085900009E0079800F01F01012088400899096848
:1085A000C1F89C00FFE7FFE7FFE700208DF82700F8
:1085B0000AE00899D1F89C0040F00800C1F89C003E
:1085C00001208DF82700FFE79DF827000AB07047CB
:1085D00081B0009001B0704780B594B013904AF616
:1085E0001000C4F200000068800712904AF61400E0
:1085F000C4F200000168129800EA8170129013988A
:108600000068006D00F47040119013980068416D8F
:1086100011980840119013980068006D00F00F0049
:10862000109013980068416D1098084010901398AE
:108630000068006D00F0F0000F9013980068416D25
:108640000F9808400F9013980068006D00F071506B
:108650000E9013980068416D0E9808400E90139884
:108660000068006D00F060700D9013980068416D17
:108670000D9808400D9013980068406D0390139872
:108680000068006D01909DF80D00C007B8B1FFE7CC
:108690009DF80500C00788B1FFE7FFE71398016860
:1086A0004FF4807008654AF61001C4F20001002002
:1086B0000860FFE71398FFF78BFFFFE7FFE79DF8E0
:1086C0000D0000F004010020B0EB910F28D0FFE76F
:1086D0009DF8050000F004010020B0EB910F1ED0C2
:1086E000FFE713980068D0F8DC000B90139800683F
:1086F000D0F8E4100B9808400B90FFE7139801683E
:108700004FF4806008654AF61001C4F200010020B1
:108710000860FFE713980B9900F072FEFFE7FFE790
:108720001298B8B1FFE7FFE712984FF6FF71C3F652
:10873000CF7108401399096808651298800F4AF6AE
:108740001001C4F200010860FFE713981299FFF7C7
:1087500023FCFFE71198B8B1FFE7FFE711984FF648
:10876000FF71C3F6CF710840139909680865119825
:10877000800F4AF61001C4F200010860FFE7139869
:10878000119900F04DFEFFE71098B8B1FFE7FFE741
:1087900010984FF6FF71C3F6CF710840139909681E
:1087A00008651098800F4AF61001C4F200010860B5
:1087B000FFE71398109900F043FDFFE70F98B8B159
:1087C000FFE7FFE70F984FF6FF71C3F6CF71084040
:1087D0001399096808650F98800F4AF61001C4F2D2
:1087E00000010860FFE713980F9900F0B1FDFFE763
:1087F0009DF80D0000F008010020B0EBD10F1BD058
:10880000FFE79DF8050000F008010020B0EBD10F54
:1088100011D0FFE7FFE7139801684FF40060086587
:108820004AF61001C4F2000100200860FFE7139827
:1088300000F0FEFDFFE7FFE79DF80D0000F00201EC
:108840000020B0EB510F28D0FFE79DF8050000F0A5
:1088500002010020B0EB510F1ED0FFE71398006813
:10886000D0F8D8000C9013980068D0F8E0100C985D
:1088700008400C90FFE7139801684FF400700865FA
:108880004AF61001C4F2000100200860FFE71398C7
:108890000C9900F0BDFDFFE7FFE79DF80E0000F02A
:1088A00008010020B0EBD10F1BD0FFE79DF80600B8
:1088B00000F008010020B0EBD10F11D0FFE7FFE777
:1088C000139801684FF4002008654AF61001C4F2BD
:1088D000000100200860FFE7139800F0ADFCFFE7FF
:1088E000FFE79DF80E00C007B8B1FFE79DF806004E
:1088F000C00788B1FFE7FFE7139801684FF48030A5
:1089000008654AF61001C4F2000100200860FFE784
:10891000139800F071FDFFE7FFE79DF80E0000F0EF
:1089200004010020B0EB910F1BD0FFE79DF806007B
:1089300000F004010020B0EB910F11D0FFE7FFE73A
:10894000139801684FF4802008654AF61001C4F2BC
:10895000000100200860FFE7139800F049FDFFE7E1
:10896000FFE79DF80E0000F002010020B0EB510F70
:108970001FD0FFE79DF8060000F002010020B0EBD9
:10898000510F15D0FFE7FFE7139801684FF400304F
:1089900008654AF61001C4F2000100200860FFE7F4
:1089A0001399D1F89C0040F08000C1F89C00FFE7CB
:1089B000FFE70D98B8B1FFE7FFE70D984FF6FF719D
:1089C000C3F6CF7108401399096808650D98800FA8
:1089D0004AF61001C4F200010860FFE713980D99F0
:1089E000FFF7F6FBFFE70E98D0B1FFE7FFE70E9821
:1089F0004FF6FF71C3F6CF710840139909680865F7
:108A00000E98800F4AF61001C4F200010860FFE7DB
:108A10000E9A1399D1F89C001043C1F89C00FFE70F
:108A2000139800684AF20001C4F20001884240F045
:108A3000B980FFE71398406880688007002800F03D
:108A4000B080FFE713984068006A00F00F000A90BA
:108A500013984068416A0A9808400A901398406841
:108A6000006A00F03000099013984068416A099844
:108A70000840099013984068006A00F4C07008909C
:108A800013984068416A0898084008901398406815
:108A9000006A00F4FC40079013984068416A079808
:108AA0000840079013984068006A00F4F020069090
:108AB00013984068416A06980840069013984068E9
:108AC000406A029013984068006A00900A9848B182
:108AD000FFE70A9813994968086213980A9900F009
:108AE0006FFCFFE7099848B1FFE7099813994968B7
:108AF00008621398099900F073FCFFE79DF80800DD
:108B000000F040010020B0EB911F1FD0FFE79DF85F
:108B1000000000F040010020B0EB911F15D0FFE7EE
:108B200013984068C06B000C059013984068C06BA8
:108B300000F03F00049013984168402008621398A9
:108B40000599049A00F044FCFFE7FFE7089848B154
:108B5000FFE708981399496808621398089900F08C
:108B600027FCFFE7079860B1FFE70798139949686A
:108B70000862079A1399D1F89C001043C1F89C0031
:108B8000FFE7069860B1FFE7069813994968086205
:108B9000069A1399D1F89C001043C1F89C00FFE796
:108BA000FFE7FFE71398D0F89C0020B1FFE7139888
:108BB000FFF70AFBFFE714B080BD000000000000D3
:108BC00080B598B0169044F21041C0F6020101A899
:108BD0004C22F7F758FD169820B9FFE701208DF8D1
:108BE0005F00D9E1169800684AF20001C4F2000162
:108BF000884206D1FFE71699086800F58070486042
:108C0000FFE716988068B0F5407F01D1FFE7FFE7E6
:108C10001698006C08B1FFE7FFE71698806C08B162
:108C2000FFE7FFE71698006D08B1FFE7FFE716982A
:108C3000006E08B1FFE7FFE71699C86D096E08449A
:108C400008B1FFE7FFE7169890F8980040B9FFE7F2
:108C50001699002081F89900169800F0A1F9FFE715
:108C600016980168886920F01000886100F0D0FD36
:108C70001590FFE71698006880690007002817D54F
:108C8000FFE700F0C5FD1599401A0B280FD3FFE749
:108C90001699D1F89C0040F00100C1F89C0016998B
:108CA000032081F8980001208DF85F0074E1E1E76E
:108CB00016980168886940F00100886100F0A8FDFD
:108CC0001590FFE7169800688069C007B8B9FFE7FC
:108CD00000F09EFD1599401A0B280FD3FFE7169957
:108CE000D1F89C0040F00100C1F89C0016990320C7
:108CF00081F8980001208DF85F004DE1E2E71698B9
:108D00000168886940F0020088611698007C01289B
:108D100007D1FFE716980168886920F04000886154
:108D200006E016980168886940F040008861FFE716
:108D30001698407C012807D1FFE7169801688869DA
:108D400040F48040886106E016980168886920F444
:108D500080408861FFE71698807C012807D1FFE7F3
:108D600016980168886920F48050886106E016989A
:108D70000168886940F480508861FFE716980068B0
:108D8000806920F44070169A1168926810438861D7
:108D900016980168886920F0A40088611698016817
:108DA000086920F0100008611698C068012807D1F2
:108DB000FFE716980168886940F0040088612BE09D
:108DC0001698C06830B3FFE71698C068022819D01B
:108DD000FFE716980168886940F08000886116985E
:108DE0000168086940F0100008611698C0680328FF
:108DF00007D1FFE716980168886940F02000886174
:108E0000FFE706E016980168886940F02000886155
:108E1000FFE700E0FFE7FFE7169A116853699069E2
:108E2000D2F81CE0A0F1010C6FF0FF0000EB0E2067
:108E300040EA4C60126A013A10430022CFF6FF72FA
:108E400002EB03421043C86116988068B0F5407F7A
:108E50001CD1FFE7169A1168536A906AD2F82CE089
:108E600001386FF0FF0C0CEB0E2C40EA0C00D2F82E
:108E700030C06FF00F0202EB0C1210430022CFF64D
:108E8000FF7202EB03421043C860FFE71698006EC2
:108E900048B1FFE716980168426ED1F8C000104350
:108EA000C1F8C000FFE71699C86D096E084480B18B
:108EB000FFE716980068D0F8C80020F00700169A5F
:108EC0001168936E01AA52F823201043C1F8C8001C
:108ED000FFE71698006C80B1FFE716980068D0F89D
:108EE000BC0020F00700169A1168536C01AA52F8D2
:108EF00023201043C1F8BC00FFE71698806C88B1AE
:108F0000FFE716980068D0F8BC0020F07000169AB1
:108F10001168D36C01AA52F8232040EA0210C1F86C
:108F2000BC00FFE71698006D88B1FFE7169800684F
:108F3000D0F8BC0020F4E060169A1168536D01AAC5
:108F400052F8232040EA0220C1F8BC00FFE716983F
:108F500000684AF20001C4F20001884207D1FFE72D
:108F600016984168886820F003008860FFE716992A
:108F70000020C1F894001699C1F89C0016990120B0
:108F800081F898001698FAF753FA8DF853009DF877
:108F900053008DF85F00FFE79DF85F0018B080BDBB
:108FA00080B5C6B0459000204490439042904190D7
:108FB000409012A8B821F7F7C2FB459800684AF222
:108FC0000001C4F2000188425FD1FFE70020139046
:108FD0004FF4004012904FF080502D9012A802F0F4
:108FE00057FA18B1FFE7FAF7D7F9FFE740F2103068
:108FF000C2F200400168013101600068012810D10F
:10900000FFE7FFE744F2EC40C5F60200016841F4D7
:1090100080710160006800F4807011901198FFE782
:10902000FFE7FFE744F2E040C5F60200016841F0C7
:1090300008010160006800F0080010901098FFE738
:10904000032040900220419000200A9042904390DB
:109050000920449040F60040C5F6020040A900F007
:10906000EBF90A9A132008900521099100F028FDD8
:10907000089800F019FD09990A9A15200B9000F044
:109080001FFD0B9800F010FDD2E0459800684AF2F1
:109090000041C4F2000188425FD1FFE70020139035
:1090A0004FF4004012904FF080502D9012A802F023
:1090B000EFF918B1FFE7FAF76FF9FFE740F2103068
:1090C000C2F200400168013101600068012810D13E
:1090D000FFE7FFE744F2EC40C5F60200016841F407
:1090E00080710160006800F480700F900F98FFE7B6
:1090F000FFE7FFE744F2E040C5F60200016841F0F7
:1091000002010160006800F002000E900E98FFE777
:1091100060204090022041900020069042904390B1
:109120000920449040F20040C5F6020040A900F03A
:1091300083F9069A142004900521059100F0C0FCE3
:10914000049800F0B1FC0599069A1620079000F0EB
:10915000B7FC079800F0A8FC69E0459800684DF25C
:109160000041C4F20001884260D1FFE70020139063
:109170004FF4004012904FF080502D9012A802F052
:1091800087F918B1FFE7FAF707F9FFE740F2103067
:10919000C2F200400168013101600068012810D16D
:1091A000FFE7FFE744F2EC40C5F60200016841F436
:1091B00080710160006800F480700D900D98FFE7E9
:1091C000FFE7FFE744F2E040C5F60200016841F026
:1091D00008010160006800F008000C900C98FFE79F
:1091E0004FF4405040900220419000200290429065
:1091F000439005200190449040F60040C5F60200DF
:1092000040A900F019F90199029A9F20009000F0FE
:1092100057FC009800F048FC0199029AA0200390A6
:1092200000F04EFC039800F03FFCFFE7FFE7FFE78C
:1092300046B080BD0000000081B0009001B07047D2
:1092400080B590B00F900E910F9844F2E021C2F2D9
:109250000041884222D1FFE70F98402103AA01ABC9
:10926000FFF73AF88DF837009DF8370028B9FFE787
:1092700003A801A9F8F700F807E042F29651C2F2FC
:109280000041488901304881FFE744F2E020C2F202
:10929000004001210022FEF797FD55E00F9844F2AF
:1092A0008031C2F20041884222D1FFE70F9840216D
:1092B00003AA01ABFFF710F88DF837009DF83700CF
:1092C00028B9FFE703A801A9F8F74AF807E042F236
:1092D0009651C2F20041888901308881FFE744F24B
:1092E0008030C2F2004001210022FEF76DFD2AE02D
:1092F0000F9844F22041C2F20041884222D1FFE798
:109300000F98402103AA01ABFEF7E6FF8DF8370066
:109310009DF8370028B9FFE703A801A9F8F788F8F6
:1093200007E042F29651C2F20041C8890130C8817B
:10933000FFE744F22040C2F2004001210022FEF784
:1093400043FDFFE7FFE7FFE710B080BD000000002E
:1093500082B00190009102B0704700000000000050
:1093600082B00090009890F89800012811D1FFE792
:109370000099022081F8980000980168886920F01F
:109380000100886100990020C1F89C008DF8070059
:109390000AE00099D1F89C0040F00400C1F89C005C
:1093A00001208DF80700FFE79DF8070002B0704725
:1093B00082B00190009102B07047000000000000F0
:1093C00082B00190009102B07047000000000000E0
:1093D00083B002900191009203B07047000000003A
:1093E00082B00190009102B07047000000000000C0
:1093F00081B0009001B0704781B0009001B070471B
:1094000082B00190009102B070470000000000009F
:1094100082B00190009102B070470000000000008F
:1094200082B00190009102B070470000000000007F
:1094300081B0009001B070478FB00E900D91002068
:109440000C908020C5F600000990FFE70D98006899
:109450000C99C840002800F0C181FFE70D98006812
:109460000C9A0121914008400B900B98002800F0C5
:10947000B181FFE70D98406800F00300012807D094
:10948000FFE70D98406800F0030002282FD1FFE7A6
:109490000E9880680A900C984100032000FA01F1B0
:1094A0000A9888430A900D98C0680C99490000FA00
:1094B00001F10A9808430A900A980E9988600E985C
:1094C00040680A900C99012000FA01F10A9888433B
:1094D0000A900D984068C0F300100C9900FA01F151
:1094E0000A9808430A900A980E994860FFE70D9879
:1094F000406800F00300032818D0FFE70E98C0680A
:109500000A900C984100032000FA01F10A98884360
:109510000A900D9880680C99490000FA01F10A98A8
:1095200008430A900A980E99C860FFE70D984068B2
:1095300000F00300022826D1FFE70E980C996FF087
:10954000030202EA51010844006A0A900C9800F0F4
:10955000070081000F2000FA01F10A9888430A9061
:109560000D9800690C9901F00701890000FA01F1DA
:109570000A9808430A900A980E990C9B02EA530233
:1095800011440862FFE70E9800680A900C984100A9
:10959000032000FA01F10A9888430A900D98406868
:1095A00000F003000C99490000FA01F10A98084301
:1095B0000A900A980E9908600D9880798007002813
:1095C00000F00781FFE7FFE744F2F440C5F6020030
:1095D000016841F002010160006800F0020008909B
:1095E0000898FFE70C9820F0030040F20841C5F608
:1095F000000140580A900C9800F0030081000F20F1
:1096000000FA01F10A9888430A900E980021C5F6E5
:109610000201884203D1FFE7002007906CE00E981A
:1096200040F20041C5F60201884203D1FFE7012064
:1096300006905EE00E9840F60001C5F602018842F1
:1096400003D1FFE70220059050E00E9840F600415C
:10965000C5F60201884203D1FFE70320049042E0EF
:109660000E9841F20001C5F60201884203D1FFE7DE
:109670000420039034E00E9841F20041C5F6020147
:10968000884203D1FFE70520029026E00E9841F6BC
:109690000001C5F60201884203D1FFE706200190D0
:1096A00018E00E9841F60041C5F60201884203D148
:1096B000FFE7072000900AE00E9942F20042C5F64B
:1096C00002020A20914208BF09200090FFE700989B
:1096D0000190FFE701980290FFE702980390FFE7EF
:1096E00003980490FFE704980590FFE7059806901B
:1096F000FFE706980790FFE707980C9901F0030130
:10970000890000FA01F10A9808430A900A980C9916
:1097100021F0030140F20842C5F6000288504FF0E4
:10972000B04000680A900B990A9888430A900D98F7
:109730008079C006002805D5FFE70B990A980843F1
:109740000A90FFE70A984FF0B04108600420C5F680
:10975000000000680A900B990A9888430A900D98B7
:1097600080798006002805D5FFE70B990A98084301
:109770000A90FFE70A980421C5F6000108600998DD
:1097800040680A900B990A9888430A900D9880794E
:109790008007002805D5FFE70B990A9808430A902F
:1097A000FFE70A9809994860099800680A900B99A0
:1097B0000A9888430A900D988079C00728B1FFE77E
:1097C0000B990A9808430A90FFE70A9809990860DC
:1097D000FFE7FFE70C9801300C9037E60FB07047B9
:1097E00082B00190ADF802108DF801209DF80100C3
:1097F00028B1FFE7BDF802000199886105E0BDF8D6
:109800000200000401998861FFE702B07047000080
:109810004FF28840C2F2014000687047000000002B
:1098200040F23F20C2F2004002784FF28841C2F27B
:109830000141086810440860704700000000000003
:1098400080B582B0032000F053F903F0FDF844F234
:109850001842C5F602021168C1F3032344F20071F5
:10986000C0F60201CB5C03F01F03D84000900098C3
:10987000126802F00F02895C01F01F01C84040F23B
:109880006C11C2F200410860009840F26811C2F207
:10989000004108600F2000F013F820B1FFE701201D
:1098A0008DF8070005E000F0E3F800208DF80700D0
:1098B000FFE79DF8070002B080BD00000000000037
:1098C00080B590B00E900E980F2810D8FFE70E9933
:1098D0001C200090002200F0F3F8009800F0E4F85B
:1098E0000E9840F24021C2F20041086003E00120DE
:1098F0008DF83F004CE0FFE744F2E840C5F6020077
:10990000016841F001010160006800F00100019070
:109910000198FFE706A802A902F0FEFF0B98049049
:10992000049820B9FFE703F067F8059004E003F01E
:1099300063F840000590FFE705984DF68361C4F297
:109940001B31A0FB01014FF0FF3000EB9140039071
:1099500044F67820C2F200404FF08041016040F2AE
:10996000E731C1600399416000210161816004F029
:10997000C3FF48B9FFE744F67820C2F2004005F083
:109980005BF88DF83F0003E001208DF83F00FFE712
:109990009DF83F0010B080BD10B581B000900098D8
:1099A00040784EF69851CEF2000108604EF6A05174
:1099B000CEF20001086820F00100086000984068BD
:1099C0004EF69C52CEF200021060DDF800E09EF8E8
:1099D0000C0000079EF80B2040EA02609EF8002071
:1099E0009EF808309EF809C09EF80A4040EAC4403C
:1099F0009EF80D4040EA84409EF80E4040EA444004
:109A00009EF80FE040EA0E4040EA0C2040EA430096
:109A10001043086001B010BDBFF35F8F4EF62451B4
:109A2000CEF20001086820F4803008604EF69451B0
:109A3000CEF2000100200860704700000000000026
:109A400081B00090009840F001004EF69451CEF2A3
:109A5000000108604EF62451CEF20001086840F47F
:109A600080300860BFF34F8FBFF36F8F01B0704736
:109A700080B582B0FFE744F2F440C5F60200016809
:109A800041F002010160006800F0020001900198BD
:109A9000FFE76FF001000F21002200F011F802B083
:109AA00080BD00000000000080B582B0ADF8060067
:109AB000BDF9060016F0F8F802B080BD0000000005
:109AC00080B586B0ADF816000491039216F004F943
:109AD0000290BDF91600019002980499039A0AF0C9
:109AE00037FE0146019816F0FFF806B080BD000071
:109AF00080B582B00190019816F01AF902B080BDCD
:109B000016F036F90000000082B00190019800685C
:109B1000009001990120C1F8D8040199002081F832
:109B2000CC04009A916941F000619161009A516DF5
:109B30000323C1F200031943516502B070470000CE
:109B400082B001908DF8031002B070470000000051
:109B500082B00190ADF80210BDF8020001990968C9
:109B60004862002002B0704784B003908DF80B105B
:109B7000ADF8082003980068406A00909DF80B003B
:109B800048B9FFE7BDF80810009840EA0140039982
:109B90000968886233E003980068816A009800EBE6
:109BA0001140009000208DF80700FFE79DF80700A6
:109BB0009DF80B100139884213D2FFE70398006823
:109BC0009DF8071000EB8100D0F80411009800EB1D
:109BD00011400090FFE79DF8070001308DF8070065
:109BE000E4E7BDF80810009840EA014003990968CD
:109BF0009DF80B2001EB8201C1F80001FFE7002076
:109C000004B070470000000080B582B00190019858
:109C1000D0F8E00412F034FE02B080BD0000000075
:109C200080B582B001908DF80310019AD2F8E0045B
:109C30009DF8031001EBC10302EB8302126A12F0DC
:109C40007BFC02B080BD000080B582B001908DF831
:109C50000310019AD2F8E0049DF8031001EBC10350
:109C600002EB8302D2F8602212F02EFD02B080BD1A
:109C700080B582B001900198D0F8E00412F008FE9F
:109C800002B080BD0000000080B584B003908DF864
:109C90000B109DF80B00000600280CD5FFE7039879
:109CA0009DF80B1001F00F0101EBC10100EB8100E9
:109CB000143001900CE003989DF80B1001F00F0197
:109CC00001EBC10100EB810000F515700190FFE789
:109CD00003980068019914F08FFB8DF80A009DF835
:109CE0000A0004B080BD000080B584B002908DF8F9
:109CF00007109DF80700000600280FD5FFE702981F
:109D00009DF8071001F00F0101EBC10100EB81008C
:109D1000143000900099012048700FE002989DF8DF
:109D2000071001F00F0101EBC10100EB810000F50C
:109D300015700090009900204870FFE79DF807001B
:109D400000F00F0000990870FFE7029890F8940463
:109D5000012804D1FFE702208DF80F0014E00299DA
:109D6000012081F89404FFE7FFE70298006800995A
:109D700013F032FEFFE70299002081F89404FFE718
:109D800000208DF80F00FFE79DF80F0004B080BDA4
:109D900080B584B002908DF807109DF8070000F0A0
:109DA0000F0002990979884204D9FFE701208DF854
:109DB0000F004DE09DF80700000600280FD5FFE7D3
:109DC00002989DF8071001F00F0101EBC10100EBB3
:109DD0008100143000900099012048700FE0029833
:109DE0009DF8071001F00F0101EBC10100EB8100AC
:109DF00000F515700090009900204870FFE7009969
:109E0000002088709DF8070000F00F00009908708E
:109E1000FFE7029890F89404012804D1FFE702209C
:109E20008DF80F0014E00299012081F89404FFE7F7
:109E3000FFE702980068009914F03EF8FFE70299E6
:109E4000002081F89404FFE700208DF80F00FFE761
:109E50009DF80F0004B080BD82B001908DF8031012
:109E600001989DF8031001F00F0101EBC10100EB17
:109E70008100D0F8680202B07047000000000000C6
:109E800080B586B004908DF80F10ADF80C208DF8D9
:109E90000B3000208DF80A009DF80F000006002806
:109EA0000FD5FFE704989DF80F1001F00F0101EBAB
:109EB000C10100EB8100143001900199012048702C
:109EC0000FE004989DF80F1001F00F0101EBC101A4
:109ED00000EB810000F51570019001990020487099
:109EE000FFE79DF80F0000F00F0001990870BDF822
:109EF0000C006FF3DF20019988609DF80B00019939
:109F000008710198407820B1FFE7019908784883EB
:109F1000FFE79DF80B00022804D1FFE7019900201C
:109F20004871FFE7FFE7049890F89404012804D1F2
:109F3000FFE702208DF8170015E00499012081F851
:109F40009404FFE7FFE704980068019913F008FC08
:109F5000FFE70499002081F89404FFE79DF80A00C8
:109F60008DF81700FFE79DF8170006B080BD0000D0
:109F700080B586B005908DF8131003920293059872
:109F80009DF8131001F00F0101EBC10100EB8100FE
:109F900000F51570019003980199C8600298019925
:109FA0000861019900204861019948709DF81300EB
:109FB00000F00F000199087005988079012804D1FC
:109FC000FFE703980199C861FFE7059A10680199B6
:109FD000927914F015F8002006B080BD0000000052
:109FE00080B584B002908DF807109DF8070000F04E
:109FF0000F0002990979884204D9FFE701208DF802
:10A000000F0058E09DF80700000600280FD5FFE775
:10A0100002989DF8071001F00F0101EBC10100EB60
:10A020008100143000900099012048700DE00298E2
:10A030009DF8071001EBC10100EB810000F51570E0
:10A040000090009900204870FFE700990120887077
:10A050009DF8070000F00F0000990870FFE70298D4
:10A0600090F89404012804D1FFE702208DF80F0036
:10A0700021E00299012081F89404FFE7FFE70298AC
:10A080000068009913F068FF9DF80700000740B9C9
:10A09000FFE7029A1068917902F29C4213F0BCFE2D
:10A0A000FFE7FFE70299002081F89404FFE7002012
:10A0B0008DF80F00FFE79DF80F0004B080BD000091
:10A0C00080B586B005908DF8131003920293059821
:10A0D0009DF8131001F00F0101EBC10100EB8100AD
:10A0E0001430019003980199C860029801990861A1
:10A0F0000199002048610199012048709DF81300E2
:10A1000000F00F000199087005988079012804D1AA
:10A11000FFE703980199C861FFE7059A1068019964
:10A12000927913F06DFF002006B080BD00000000A2
:10A1300080B58CB00B900B9800680A900A98099033
:10A140000B98006814F098FA002840F03484FFE778
:10A150000B98006814F000FB10B9FFE700F02BBC6F
:10A160000998D0F80808C0F30D200B99C1F8D40461
:10A170000B98006814F0F0FA8007002807D5FFE775
:10A180000B980168486900F002004861FFE70B98EE
:10A19000006814F0E1FAC006002862D5FFE70B98CA
:10A1A0000168886920F0100088610A98006A0290AE
:10A1B0000B98029901F00F0101EBC10100EB810046
:10A1C00000F515700890029800F4F0110220B0EB31
:10A1D000514F23D1FFE7BDF8080047F6F071084260
:10A1E0001BD0FFE70A980899C968029AC2F30A12BD
:10A1F00014F0C2FA029847F6F07100EA0103089AD7
:10A20000D06800EB1310D060029800EA01020899B0
:10A21000486900EB12104861FFE71BE0029800F468
:10A22000F0110620B0EB514F12D1FFE70A980B99BD
:10A2300001F29C41082214F09FFA029847F6F0714F
:10A2400000EA01020899486900EB1210486100E039
:10A25000FFE7FFE70B980168886940F0100088610C
:10A26000FFE70B98006814F077FA0003002840F12C
:10A27000A680FFE7002004900B98006814F018FAFD
:10A280000690FFE70698002800F09880FFE79DF809
:10A290001800C007002800F08A80FFE70B980068CC
:10A2A0009DF8101014F040FA05909DF81400C007B6
:10A2B00060B1FFE70998049900EB41110120C1F852
:10A2C000080B0B9804990AF08FFDFFE79DF8140026
:10A2D000000700280CD5FFE70998049900EB41110D
:10A2E0000820C1F8080B0B9804990AF035FDFFE728
:10A2F0009DF81400C006002808D5FFE709980499C6
:10A3000000EB41111020C1F8080BFFE79DF8140085
:10A31000800700282DD5FFE70A984069000600282D
:10A3200008D5FFE70999D1F8040840F48060C1F826
:10A330000408FFE70B98049901EBC10100EB8100D1
:10A3400000F5157008900898C078012809D1FFE73A
:10A3500008990020C8700B989DF8101000F040FB81
:10A36000FFE70998049900EB41110220C1F8080B9E
:10A37000FFE79DF814008006002808D5FFE709983C
:10A38000049900EB41112020C1F8080BFFE79DF86C
:10A3900015008006002809D5FFE70998049900EB0D
:10A3A00041114FF40050C1F8080BFFE7FFE7049894
:10A3B0000130049006984008069063E7FFE70B9889
:10A3C000006814F0C9F94003002840F1C680FFE797
:10A3D0000B98006814F058F9069000200490FFE7ED
:10A3E0000698002800F0B880FFE79DF81800C00725
:10A3F000002800F0AA80FFE70B9800689DF8101075
:10A4000014F06AF905909DF81400C00700283ED0AA
:10A41000FFE7049800F00F01012000FA01F1039119
:10A42000039B099AD2F834189943C2F83418099951
:10A43000049A01EB4211C1F808090B9880790128B0
:10A440001FD1FFE70B98049901EBC10100EB8101DB
:10A45000CA69086A10440862049888B9FFE70B9833
:10A46000049901EBC10100EB8100406A40B9FFE7AC
:10A470000B99086801F29C42012113F0CDFCFFE723
:10A48000FFE70B989DF81010FFF7CAFBFFE79DF858
:10A4900014000007002808D5FFE70998049900EB8D
:10A4A00041110820C1F80809FFE79DF81400C00613
:10A4B000002808D5FFE70998049900EB4111102006
:10A4C000C1F80809FFE79DF814004006002808D5E8
:10A4D000FFE70998049900EB41114020C1F80809F1
:10A4E000FFE79DF814008007002822D5FFE70A98AF
:10A4F000049914F059F80B98049901EBC10100EB91
:10A500008100143008900898C078012809D1FFE72D
:10A5100008990020C8700B989DF8101000F050FAB0
:10A52000FFE70998049900EB41110220C1F80809DE
:10A53000FFE79DF814000006002805D5FFE70B98FB
:10A5400004990AF035FDFFE7FFE704980130049015
:10A5500006984008069043E7FFE70B98006814F060
:10A56000FBF8C00F00B3FFE70999D1F8040820F009
:10A570000100C1F804080B9890F8CC04012808D118
:10A58000FFE70B98002180F8CC140B98FFF7D8FA5E
:10A5900003E00B9800F0BCFBFFE70B9801684869EB
:10A5A00000F000404861FFE70B98006814F0D4F811
:10A5B0000005002811D5FFE70998D0F80808C00762
:10A5C00020B1FFE70B9800F037FCFFE70B9801681C
:10A5D000486900F400604861FFE70B98006814F0D8
:10A5E000BBF80001002820D5FFE70B9801684869F7
:10A5F00000F0006048610B9890F8CC0480B9FFE748
:10A600000B98012180F8CC140B980068406DC0F3C2
:10A6100083000B9AC2F8D0040B98FFF791FA03E07D
:10A620000B9800F009FCFFE7FFE70B98006814F0B7
:10A6300093F8C004002840F18680FFE70999D1F81B
:10A64000040820F00100C1F804080B9800681021EC
:10A6500013F0AAFF00200790FFE707980B990979EC
:10A66000884231D2FFE70998079900EB41114FF674
:10A670007F30C1F808090999079A01EB4212D2F814
:10A68000001921F40011C2F800190999079A01EB89
:10A690004211C1F8080B0998079900EB4111D1F854
:10A6A000000B20F40010C1F8000B0998079900EB8B
:10A6B0004111D1F8000B40F00060C1F8000BFFE73A
:10A6C000079801300790C8E70999D1F81C0840F0B5
:10A6D0000110C1F81C080B98C07B78B1FFE70999FD
:10A6E000D1F8840840F00B00C1F884080999D1F82A
:10A6F000440840F00B00C1F844080FE00999D1F874
:10A70000140842F22B021043C1F814080999D1F839
:10A71000100840F00B00C1F81008FFE70999D1F8C4
:10A72000000820F4FE60C1F800080B9A10689179C7
:10A7300002F29C4213F070FB0B980168486900F428
:10A7400080504861FFE70B98006814F005F880041A
:10A7500000281FD5FFE70B98006813F071F80B98DD
:10A76000006813F061FF0B99C8710B9800680190A5
:10A7700002F016F9014601980B9AD27914F0F8F814
:10A780000B9800F099FA0B980168486900F40050A2
:10A790004861FFE70B98006813F0DEFF0007002810
:10A7A0000AD5FFE70B9800F0BFFA0B9801684869DB
:10A7B00000F008004861FFE70B98006813F0CCFF39
:10A7C0000006002825D5FFE70A99886920F0800057
:10A7D000886101200490FFE704980B990979884269
:10A7E00016D2FFE70B98049901EBC10100EB810041
:10A7F00090F85702012806D1FFE70B989DF810103A
:10A80000FFF742FAFFE7FFE7049801300490E3E71F
:10A81000FFE70B98006813F09FFFC00200283CD5AB
:10A82000FFE701200490FFE704980B99097988421B
:10A830002CD2FFE70998049900EB4110D0F80009E9
:10A8400002900B98049901EBC10100EB8100007E9E
:10A85000012816D1FFE79DF80B000006002810D54F
:10A86000FFE70B98049901EBC10100EB8101012086
:10A87000C8750B989DF8101041F08001FFF704FA9D
:10A88000FFE7FFE7049801300490CDE70B980168DB
:10A89000486900F480104861FFE70B98006813F0E6
:10A8A0005BFF8002002856D5FFE701200490FFE7F8
:10A8B00004980B990979884246D2FFE709980499D0
:10A8C00000EB4110D0F8000B02900B98049901EBBB
:10A8D000C10100EB810090F8580201282FD1FFE759
:10A8E0009DF80B000006002829D5FFE7029800F428
:10A8F00080310B98D0F8D40400F00100B0EB114F78
:10A900001DD1FFE70B98049901EBC10100EB810118
:10A91000012081F857020A99886940F08000886117
:10A920000A9840690006002808D4FFE70999D1F881
:10A93000040840F40070C1F8040805E0FFE7FFE7F1
:10A94000049801300490B3E70B980168486900F45B
:10A9500000104861FFE70B98006813F0FDFE40000F
:10A9600000280AD5FFE70B98FFF74EF90B9801680E
:10A97000486900F080404861FFE70B98006813F0D9
:10A98000EBFE4007002815D5FFE70B9800684068EC
:10A9900002909DF808004007002804D5FFE70B98B7
:10A9A000FFF766F9FFE7029A0B98016848681043C1
:10A9B0004860FFE7FFE70CB080BD0000000000002A
:10A9C00080B582B001908DF803100198D0F8E004B2
:10A9D0009DF8031012F000F802B080BD00000000E6
:10A9E00080B582B001908DF803100198D0F8E00492
:10A9F0009DF8031012F028F802B080BD000000009E
:10AA000080B58CB00A900A9820B9FFE701208DF834
:10AA10002F000EE10A9890F8950440B9FFE70A99D3
:10AA2000002081F894040A9800F00AF9FFE70A99D7
:10AA3000032081F895040A98006813F0E1F90A9B55
:10AA40001868197C8DF8201059689A68DB6807939C
:10AA5000069205910599069A079BDDF820C0EE46FF
:10AA6000CEF800C012F004FF40B1FFE70A990220BF
:10AA700081F8950401208DF82F00DAE00A9800682B
:10AA8000002113F0D5FE40B1FFE70A99022081F8BA
:10AA9000950401208DF82F00CBE000208DF82700D1
:10AAA000FFE79DF827000A990979884241DAFFE714
:10AAB0000A989DF8271001EBC10100EB81010120EC
:10AAC00048759DF827000A9900EBC00201EB82014E
:10AAD00008759DF827000A9900EBC00201EB82017E
:10AAE000C8850A989DF8271001EBC10100EB810190
:10AAF000002008760A999DF8272002EBC20201EB9C
:10AB00008201C8610A999DF8272002EBC20201EB7D
:10AB1000820108620A999DF8272002EBC20201EB2C
:10AB200082014862FFE79DF8270001308DF8270079
:10AB3000B7E700208DF82700FFE79DF827000A9966
:10AB4000097988423EDAFFE70A989DF8271001EB61
:10AB5000C10100EB8101002081F855029DF827100A
:10AB60000A9A01EBC10302EB830282F854120A999C
:10AB70009DF8272002EBC20201EB820181F8580206
:10AB80000A999DF8272002EBC20201EB8201C1F86D
:10AB90005C020A999DF8272002EBC20201EB8201B8
:10ABA000C1F860020A999DF8272002EBC20201EB6E
:10ABB0008201C1F86402FFE79DF8270001308DF89B
:10ABC0002700BAE70A9B1868197C8DF8101059689D
:10ABD0009A68DB680393029201910199029A039BA0
:10ABE000DDF810C0EE46CEF800C012F0C1FF40B153
:10ABF000FFE70A99022081F8950401208DF82F00C3
:10AC000017E00A99002048740A99012081F89504F8
:10AC10000A98007B012804D1FFE70A98FEF774FF29
:10AC2000FFE70A98006812F08BFF00208DF82F00D4
:10AC3000FFE79DF82F000CB080BD00000000000071
:10AC400080B5B2B0319002A8B821F5F778FD3198FF
:10AC500000680021C4F2040188422BD1FFE70020E4
:10AC600003904FF4802002904FF44010239002A8EC
:10AC700000F00EFC18B1FFE7F8F78EFBFFE700F0DD
:10AC80004FF9FFE744F2D840C5F60200016841F0F1
:10AC900000710160006800F0007001900198FFE70A
:10ACA0004D20009005210022FEF70AFF0098FEF7D4
:10ACB000FBFEFFE732B080BD80B582B0019001207D
:10ACC0008DF803000198C07920B9FFE700208DF8C6
:10ACD00003000CE00198C079022804D1FFE70120AD
:10ACE0008DF8030002E0F8F757FBFFE7FFE7019854
:10ACF000D0F8E0049DF8031011F0AEFF0198D0F8F1
:10AD0000E00411F025FF02B080BD0000000000004B
:10AD100080B582B001900198D0F8E00411F068FF8E
:10AD200002B080BD0000000080B582B001900198A3
:10AD3000D0F8E00411F070FF02B080BD0000000008
:10AD400080B584B002908DF80710FFE7029890F864
:10AD50009404012804D1FFE702208DF80F0019E0C8
:10AD60000299012081F89404FFE7FFE79DF80700AE
:10AD700002994874029800689DF8071013F0C8FD06
:10AD8000FFE70299002081F89404FFE700208DF886
:10AD90000F00FFE79DF80F0004B080BD0000000029
:10ADA00080B582B001900199D1F8E00401F29C4194
:10ADB00011F07EFF02B080BD80B584B00290029891
:10ADC00000680190FFE7029890F89404012804D1EC
:10ADD000FFE702208DF80F0028E00299012081F89A
:10ADE0009404FFE7FFE70198C068400600280BD5F0
:10ADF000FFE70298407B012806D1FFE70199886BA5
:10AE000040F480308863FFE70298006813F084FB09
:10AE10000298006812F07CFEFFE70299002081F89A
:10AE20009404FFE700208DF80F00FFE79DF80F0066
:10AE300004B080BD0000000080B582B00190019890
:10AE4000D0F8E00411F0BCFF01980168D1F8000EC1
:10AE500040F00100C1F8000E0198C07A48B1FFE748
:10AE60004EF61051CEF20001086840F0060008606E
:10AE7000FFE702B080BD000080B584B0029044F6C8
:10AE80000C00C5F60200006800F004010020B0EBE1
:10AE9000910F13D1FFE744F60C00C5F602000068DD
:10AEA00000F007000299884204D0FFE701208DF8E6
:10AEB0000F002EE000208DF80F002AE044F60C0170
:10AEC000C5F60201086820F00700029A10430860E6
:10AED000FEF79EFC0190FFE744F60400C5F6020071
:10AEE000006800F400510020B0EB513F0DD1FFE7A6
:10AEF000FEF78EFC0199401AB0F57A7F04D9FFE77E
:10AF000001208DF80F0004E0E6E700208DF80F0027
:10AF1000FFE79DF80F0004B080BD000000000000B6
:10AF200044F60C01C5F60201086840F08070086024
:10AF3000704700000000000080B501F031FD44F2D0
:10AF40002041C5F602010968C1F3021244F2007102
:10AF5000C0F60201895C01F01F01C84080BD0000FD
:10AF600088B0079044F22840C5F60200016801F05D
:10AF7000030106910068C0F30530059044F22C40AF
:10AF8000C5F602000068C0F300100490049844F273
:10AF90003C41C5F60201096889B2C908484300EE80
:10AFA000100AB8EE400A8DED020A0598002800F05C
:10AFB0001181FFE70698009048B1FFE7009801284B
:10AFC00065D0FFE70098022800F08380A3E044F2F8
:10AFD0000040C5F60200006800F020010020B0EB40
:10AFE000511F31D0FFE744F20040C5F6020000686F
:10AFF000C0F3C10149F20000C0F2D030C840039054
:10B000009DED030AB8EE400A9DED051AB8EE411A0F
:10B0100080EE010A44F23840C5F6020000686FF382
:10B020005F2001EE100AB8EE411A9DED022A9FED55
:10B030006F3A02EE031AB7EE002A31EE021A20EE42
:10B04000010A8DED010A21E09DED050AB8EE401AD6
:10B050009FED680A80EE010A44F23840C5F602000E
:10B0600000686FF35F2001EE100AB8EE411A9DED03
:10B07000022A9FED5E3A02EE031AB7EE002A31EE85
:10B08000021A20EE010A8DED010AFFE765E09DED51
:10B09000050AB8EE401A9FED560A80EE010A44F206
:10B0A0003840C5F6020000686FF35F2001EE100A19
:10B0B000B8EE411A9DED022A9FED4C3A02EE031ABA
:10B0C000B7EE002A31EE021A20EE010A8DED010AD8
:10B0D00043E09DED050AB8EE401A9FED430A80EE6D
:10B0E000010A44F23840C5F6020000686FF35F20A1
:10B0F00001EE100AB8EE411A9DED022A9FED3B3A8F
:10B1000002EE031AB7EE002A31EE021A20EE010A0F
:10B110008DED010A21E09DED050AB8EE401A9FED84
:10B12000340A80EE010A44F23840C5F60200006895
:10B130006FF35F2001EE100AB8EE411A9DED022A6E
:10B140009FED2A3A02EE031AB7EE002A31EE021AF8
:10B1500020EE010A8DED010AFFE79DED010A44F2A0
:10B160003840C5F60200016889B2490A01EE101A9A
:10B17000B8EE411AB7EE002A31EE021A80EE010A4B
:10B180000799BCEEC00A81ED000A9DED010A016835
:10B19000C1F3064101EE101AB8EE411A31EE021A5F
:10B1A00080EE010A0799BCEEC00A81ED010A9DED0F
:10B1B000010A0068C0F3066001EE100AB8EE411AF9
:10B1C00031EE021A80EE010A0798BCEEC00A80ED4B
:10B1D000020A07E00799002008600799486007996C
:10B1E0008860FFE708B07047001BB74B00000039CC
:10B1F0000024744A0024744C88B0079044F228401C
:10B20000C5F60200016801F0030106910068C0F371
:10B210000550059044F22C40C5F602000068C0F3CA
:10B2200000200490049844F24441C5F602010968E4
:10B2300089B2C908484300EE100AB8EE400A8DED05
:10B24000020A0598002800F01181FFE70698009097
:10B2500048B1FFE70098012865D0FFE70098022871
:10B2600000F08380A3E044F20040C5F602000068CD
:10B2700000F020010020B0EB511F31D0FFE744F275
:10B280000040C5F602000068C0F3C10149F20000A9
:10B29000C0F2D030C84003909DED030AB8EE400ADA
:10B2A0009DED051AB8EE411A80EE010A44F24040C5
:10B2B000C5F6020000686FF35F2001EE100AB8EED9
:10B2C000411A9DED022A9FED6F3A02EE031AB7EE86
:10B2D000002A31EE021A20EE010A8DED010A21E06A
:10B2E0009DED050AB8EE401A9FED680A80EE010A4E
:10B2F00044F24040C5F6020000686FF35F2001EEA3
:10B30000100AB8EE411A9DED022A9FED5E3A02EE58
:10B31000031AB7EE002A31EE021A20EE010A8DED73
:10B32000010AFFE765E09DED050AB8EE401A9FEDC2
:10B33000560A80EE010A44F24040C5F60200006859
:10B340006FF35F2001EE100AB8EE411A9DED022A5C
:10B350009FED4C3A02EE031AB7EE002A31EE021AC4
:10B3600020EE010A8DED010A43E09DED050AB8EEDD
:10B37000401A9FED430A80EE010A44F24040C5F6B0
:10B38000020000686FF35F2001EE100AB8EE411A68
:10B390009DED022A9FED3B3A02EE031AB7EE002A1A
:10B3A00031EE021A20EE010A8DED010A21E09DED39
:10B3B000050AB8EE401A9FED340A80EE010A44F205
:10B3C0004040C5F6020000686FF35F2001EE100AEE
:10B3D000B8EE411A9DED022A9FED2A3A02EE031AB9
:10B3E000B7EE002A31EE021A20EE010A8DED010AB5
:10B3F000FFE79DED010A44F24040C5F602000168F6
:10B4000089B2490A01EE101AB8EE411AB7EE002AC5
:10B4100031EE021A80EE010A0799BCEEC00A81EDF6
:10B42000000A9DED010A0168C1F3064101EE101A00
:10B43000B8EE411A31EE021A80EE010A0799BCEE0D
:10B44000C00A81ED010A9DED010A0068C0F30660A3
:10B4500001EE100AB8EE411A31EE021A80EE010A2E
:10B460000798BCEEC00A80ED020A07E007990020A9
:10B4700008600799486007998860FFE708B070473F
:10B48000001BB74B000000390024744A0024744CA0
:10B4900080B59AB0189000208DF857008DF85600AE
:10B4A0001898C0780007002848D5FFE71898406E24
:10B4B000149078B1FFE71498B0F5801F13D0FFE720
:10B4C0001498B0F5001F16D0FFE71498B0F5401F90
:10B4D00019D019E044F22C41C5F60201086840F485
:10B4E0000030086014E01898083002210AF064F86F
:10B4F0008DF857000CE01898283002210AF044F922
:10B500008DF8570004E003E001208DF85700FFE7B5
:10B510009DF8570060B9FFE744F25041C5F60201BB
:10B52000086820F44010189A526E1043086004E036
:10B530009DF857008DF85600FFE7FFE71898407810
:10B54000C007002840D0FFE71898806D13900428AA
:10B5500020D81399DFE801F0030C141C1D0044F2FD
:10B560002C41C5F60201086840F40030086015E07F
:10B570001898083000210AF01FF88DF857000DE0E8
:10B580001898283000210AF0FFF88DF8570005E0E0
:10B5900004E003E001208DF85700FFE79DF8570015
:10B5A00060B9FFE744F25041C5F60201086820F097
:10B5B0000700189A926D1043086004E09DF8570048
:10B5C0008DF85600FFE7FFE71898407840070028FD
:10B5D00056D5FFE71898D0F8A4001290C8B1FFE73D
:10B5E0001298B0F5001F1DD0FFE71298B0F5800F3C
:10B5F00020D0FFE71298B0F5C00F23D0FFE71298D4
:10B60000B0F5000F1FD0FFE71298B0F5200F1BD048
:10B610001BE044F22C41C5F60201086840F40030FA
:10B62000086016E018980830002109F0C5FF8DF871
:10B6300057000EE01898283000210AF0A5F88DF880
:10B64000570006E005E004E003E001208DF8570014
:10B65000FFE79DF8570068B9FFE744F25841C5F687
:10B660000201086820F46000189AD2F8A420104360
:10B67000086004E09DF857008DF85600FFE7FFE7EB
:10B68000189840780007002856D5FFE71898D0F89A
:10B69000A8001190C8B1FFE71198B0F1807F1DD0CC
:10B6A000FFE71198B0F1007F20D0FFE71198B0F1CB
:10B6B000407F23D0FFE71198B0F1806F1FD0FFE7E4
:10B6C0001198B0F1A06F1BD01BE044F22C41C5F6DD
:10B6D0000201086840F40030086016E0189808304D
:10B6E000002109F069FF8DF857000EE01898283006
:10B6F00000210AF049F88DF8570006E005E004E063
:10B7000003E001208DF85700FFE79DF8570068B966
:10B71000FFE744F25841C5F60201086820F0E060F6
:10B72000189AD2F8A8201043086004E09DF857004A
:10B730008DF85600FFE7FFE71898C07880070028CB
:10B740003ED5FFE71898C06C1090F0B1FFE7109855
:10B75000102808D0FFE7109820280DD0FFE7109898
:10B76000302811D012E044F22C41C5F602010868DD
:10B7700040F4003008600DE018980830022109F00C
:10B780001BFF8DF8570005E004E003E001208DF871
:10B790005700FFE79DF8570060B9FFE744F24C41BE
:10B7A000C5F60201086820F03000189AD26C1043E8
:10B7B000086004E09DF857008DF85600FFE7FFE7AA
:10B7C00018984078C00600284ED5FFE71898C06D3D
:10B7D0000F90A0B1FFE70F98B0F5805F18D0FFE79A
:10B7E0000F98B0F5005F1BD0FFE70F98B0F5405FF2
:10B7F0001ED0FFE70F98B0F5804F1AD01AE044F240
:10B800002C41C5F60201086840F40030086015E0DC
:10B8100018980830002109F0CFFE8DF857000DE090
:10B8200018982830002109F0AFFF8DF8570005E087
:10B8300004E003E001208DF85700FFE79DF8570072
:10B8400060B9FFE744F25041C5F60201086820F4F0
:10B85000E040189AD26D1043086004E09DF857004C
:10B860008DF85600FFE7FFE718984078800600281B
:10B870004CD5FFE71898006E0E90C8B1FFE70E9800
:10B88000B0F5803F15D0FFE70E98B0F5003F18D017
:10B89000FFE70E98B0F5403F1BD0FFE70E98B0F5DC
:10B8A000802F17D0FFE70E98B0F5A02F13D013E02C
:10B8B00016E018980830012109F07EFE8DF8570037
:10B8C0000EE018982830012109F05EFF8DF857002E
:10B8D00006E005E004E003E001208DF85700FFE7F3
:10B8E0009DF8570060B9FFE744F25041C5F60201E8
:10B8F000086820F4E020189A126E1043086004E0F3
:10B900009DF857008DF85600FFE7FFE7189840783C
:10B91000400600284ED5FFE71898D0F8AC000D90EF
:10B92000C8B1FFE70D98B0F1805F15D0FFE70D9823
:10B93000B0F1005F18D0FFE70D98B0F1405F1BD069
:10B94000FFE70D98B0F1804F17D0FFE70D98B0F1E9
:10B95000A04F13D013E016E018980830012109F029
:10B960002BFE8DF857000EE018982830012109F0C1
:10B970000BFF8DF8570006E005E004E003E001202E
:10B980008DF85700FFE79DF8570068B9FFE744F2CC
:10B990005841C5F60201086820F0E040189AD2F834
:10B9A000AC201043086004E09DF857008DF8560065
:10B9B000FFE7FFE718984078000600283BD5FFE72F
:10B9C0001898C06E0C90D8B1FFE70C98B0F1805F6A
:10B9D00005D0FFE70C98B0F1005F09D011E044F208
:10B9E0002C41C5F60201086840F4003008600CE004
:10B9F00018980830012109F0DFFD8DF8570004E0A8
:10BA000003E001208DF85700FFE79DF8570060B96B
:10BA1000FFE744F25041C5F60201086820F04050AB
:10BA2000189AD26E1043086004E09DF857008DF814
:10BA30005600FFE7FFE71898C078C007002837D006
:10BA4000FFE71898806C0B90032817D80B99DFE854
:10BA500001F014020B1344F22C41C5F602010868F0
:10BA600040F4003008600DE018980830022109F019
:10BA7000A3FD8DF8570005E004E003E001208DF8F8
:10BA80005700FFE79DF8570060B9FFE744F24C41CB
:10BA9000C5F60201086820F00300189A926C104362
:10BAA000086004E09DF857008DF85600FFE7FFE7B7
:10BAB000189880784006002840F1B480FFE744F6EB
:10BAC0000001C5F60201086840F480700860FDF7C7
:10BAD0009FFE1690FFE744F60000C5F602000068DE
:10BAE000C00500280CD4FFE7FDF792FE1699401A16
:10BAF000652804D3FFE703208DF8570000E0EAE74C
:10BB00009DF85700002840F08780FFE744F270401E
:10BB1000C5F60200006800F440701899D1F8B01022
:10BB200001F44071884213D0FFE744F27041C5F63A
:10BB30000201086820F440701790086840F48030D3
:10BB40000860086820F48030086017980860FFE7F4
:10BB50001898D0F8B000B0F5807F1FD1FFE7FDF74F
:10BB600057FE1690FFE744F27040C5F602000068E9
:10BB700000F002010020B0EB510F0ED1FFE7FDF7FE
:10BB800047FE1699401A41F28931884204D3FFE7F3
:10BB900003208DF8570000E0E5E7FFE79DF8570028
:10BBA000A0BBFFE7FFE71898D0F8B00000F44070A2
:10BBB000B0F5407F13D1FFE744F21041C5F6020112
:10BBC000086820F47C50189AD2F8B0204FF6F04361
:10BBD000C0F6FF731A4040EA1210086008E044F211
:10BBE0001041C5F60201086820F47C500860FFE7A8
:10BBF0001898D0F8B0206FF31F3244F27041C5F6A8
:10BC00000201086810430860FFE704E09DF8570050
:10BC10008DF85600FFE704E09DF857008DF85600B8
:10BC2000FFE7FFE718980068C007002800F04C8085
:10BC3000FFE71898806F0A9028282BD80A99DFE828
:10BC400001F01529292929292929162929292929EC
:10BC500029291E2929292929292926292929292962
:10BC600029292729292929292929280016E018986E
:10BC70000830012109F0A0FC8DF857000EE018985B
:10BC80002830012109F080FD8DF8570006E005E01D
:10BC900004E003E001208DF85700FFE79DF857000E
:10BCA00060B9FFE744F25441C5F60201086820F08C
:10BCB0003800189A926F1043086004E09DF857000E
:10BCC0008DF85600FFE7FFE71898007880070028F6
:10BCD00039D5FFE71898406F0990052819D80999B8
:10BCE000DFE801F003040C14151616E0189808306C
:10BCF000012109F061FC8DF857000EE018982830FA
:10BD0000012109F041FD8DF8570006E005E004E04F
:10BD100003E001208DF85700FFE79DF8570060B958
:10BD2000FFE744F25441C5F60201086820F007001D
:10BD3000189A526F1043086004E09DF857008DF880
:10BD40005600FFE7FFE718980078400700283BD52A
:10BD5000FFE71898D0F890000890052819D808999E
:10BD6000DFE801F003040C14151616E018980830EB
:10BD7000012109F021FC8DF857000EE018982830B9
:10BD8000012109F001FD8DF8570006E005E004E00F
:10BD900003E001208DF85700FFE79DF8570068B9D0
:10BDA000FFE744F25841C5F60201086820F0070099
:10BDB000189AD2F890201043086004E09DF85700CC
:10BDC0008DF85600FFE7FFE71898007880060028F6
:10BDD0004ED5FFE71898D0F88C000790C8B1FFE760
:10BDE0000798B0F1805F15D0FFE70798B0F1005FCA
:10BDF00018D0FFE70798B0F1405F1BD0FFE7079826
:10BE0000B0F1804F17D0FFE70798B0F1A04F13D0E3
:10BE100013E016E018980830002109F0CDFB8DF8EA
:10BE200057000EE018982830022109F0ADFC8DF87B
:10BE3000570006E005E004E003E001208DF857001C
:10BE4000FFE79DF8570068B9FFE744F25441C5F693
:10BE50000201086820F0E040189AD2F88C201043C4
:10BE6000086004E09DF857008DF85600FFE7FFE7F3
:10BE700018980078400600284ED5FFE71898D0F8AB
:10BE800098000690C8B1FFE70698B0F5806F15D00E
:10BE9000FFE70698B0F5006F18D0FFE70698B0F5F9
:10BEA000406F1BD0FFE70698B0F5805F17D0FFE723
:10BEB0000698B0F5A05F13D013E016E0189808308C
:10BEC000002109F079FB8DF857000EE01898283012
:10BED000022109F059FC8DF8570006E005E004E066
:10BEE00003E001208DF85700FFE79DF8570068B97F
:10BEF000FFE744F25841C5F60201086820F4E0501B
:10BF0000189AD2F898201043086004E09DF8570072
:10BF10008DF85600FFE7FFE7189800780006002824
:10BF20004ED5FFE71898D0F89C000590C8B1FFE700
:10BF30000598B0F5005F15D0FFE70598B0F5804F84
:10BF400018D0FFE70598B0F5C04F1BD0FFE7059864
:10BF5000B0F5004F17D0FFE70598B0F5204F13D08C
:10BF600013E016E018980830002109F025FB8DF841
:10BF700057000EE018982830022109F005FC8DF8D2
:10BF8000570006E005E004E003E001208DF85700CB
:10BF9000FFE79DF8570068B9FFE744F25841C5F63E
:10BFA0000201086820F46040189AD2F89C201043DF
:10BFB000086004E09DF857008DF85600FFE7FFE7A2
:10BFC000189800780007002820D5FFE71898D0F8C7
:10BFD0008000B0F5805F0CD1FFE71898283002216F
:10BFE00009F0D2FB20B1FFE701208DF85600FFE7F2
:10BFF000FFE744F25441C5F60201086820F44050BE
:10C00000189AD2F8802010430860FFE7189800784B
:10C01000C006002820D5FFE71898D0F89400B0F5A6
:10C02000807F0CD1FFE718982830022109F0ACFB83
:10C0300020B1FFE701208DF85600FFE7FFE744F24B
:10C040005841C5F60201086820F44070189AD2F8E9
:10C05000942010430860FFE71898807800070028B4
:10C060003CD5FFE71898D0F8A000049050B1FFE746
:10C070000498B0F5803F0DD0FFE70498B0F5003F7D
:10C0800010D010E018980830002109F095FA8DF8CA
:10C0900057000CE018982830022109F075FB8DF844
:10C0A000570004E003E001208DF85700FFE79DF8FA
:10C0B000570068B9FFE744F25841C5F60201086825
:10C0C00020F44030189AD2F8A0201043086004E011
:10C0D0009DF857008DF85600FFE7FFE71898807825
:10C0E000400700283FD5FFE71898D0F88400039058
:10C0F000B0F5801F0AD0FFE70398B0F5001F0ED0FF
:10C10000FFE70398B0F5401F11D011E044F22C4135
:10C11000C5F60201086840F4003008600CE0189889
:10C120002830012109F030FB8DF8570004E003E0CE
:10C1300001208DF85700FFE79DF8570068B9FFE729
:10C1400044F25441C5F60201086820F44010189AE0
:10C15000D2F884201043086004E09DF857008DF861
:10C160005600FFE7FFE718988078C007A8B3FFE7FD
:10C170001898006D029028B1FFE70298B0F5803F53
:10C1800009D010E044F22C41C5F60201086840F4E1
:10C19000003008600BE018980830022109F00CFA12
:10C1A0008DF8570003E001208DF85700FFE79DF858
:10C1B000570060B9FFE744F24C41C5F60201086838
:10C1C00020F48030189A126D1043086004E09DF846
:10C1D00057008DF85600FFE7FFE71898C0788006F3
:10C1E00000280CD5FFE718982830022109F0CCFA76
:10C1F00020B1FFE701208DF85600FFE7FFE7189810
:10C200008078800700283AD5FFE71898C06F019022
:10C21000D0B1FFE70198B0F5807F0AD0FFE7019821
:10C22000B0F5007F0ED0FFE70198B0F5407F0AD04F
:10C230000BE044F22C41C5F60201086840F40030DE
:10C24000086006E005E004E003E001208DF85700F7
:10C25000FFE79DF8570060B9FFE744F25441C5F687
:10C260000201086820F44070189AD26F10430860E9
:10C2700004E09DF857008DF85600FFE7FFE7189897
:10C280008078C00600280CD5FFE744F25041C5F67F
:10C290000201086820F00040189A126F10430860ED
:10C2A000FFE718988078800600280CD5FFE744F255
:10C2B0005041C5F60201086820F08070189A926E0D
:10C2C00010430860FFE71898C0784006002811D591
:10C2D000FFE7FFE744F21041C5F60201086820F4C9
:10C2E000004008601898D0F8B4200868104308602F
:10C2F000FFE7FFE71898C078000600280CD5FFE795
:10C3000044F24C41C5F60201086820F04050189AEA
:10C31000526D10430860FFE71898807800060028E7
:10C320000DD5FFE744F25441C5F60201086820F438
:10C330004000189AD2F8882010430860FFE7189848
:10C340000079C00790B1FFE718980830002109F084
:10C3500033F98DF857009DF8570008B9FFE704E05E
:10C360009DF857008DF85600FFE7FFE71898007911
:10C370008007002812D5FFE718980830012109F03E
:10C380001BF98DF857009DF8570008B9FFE704E046
:10C390009DF857008DF85600FFE7FFE718980079E1
:10C3A0004007002812D5FFE718980830022109F04D
:10C3B00003F98DF857009DF8570008B9FFE704E02E
:10C3C0009DF857008DF85600FFE7FFE718980079B1
:10C3D0000007002812D5FFE718982830002109F03F
:10C3E000D3F98DF857009DF8570008B9FFE704E02E
:10C3F0009DF857008DF85600FFE7FFE71898007981
:10C40000C006002812D5FFE718982830012109F04E
:10C41000BBF98DF857009DF8570008B9FFE704E015
:10C420009DF857008DF85600FFE7FFE71898007950
:10C430008006002812D5FFE718982830022109F05D
:10C44000A3F98DF857009DF8570008B9FFE704E0FD
:10C450009DF857008DF85600FFE7FFE79DF856005E
:10C4600020B9FFE700208DF8670003E001208DF878
:10C470006700FFE79DF867001AB080BD000000006C
:10C4800080B586B004900391049820B9FFE701209D
:10C490008DF817003CE2039842F20001C5F200213A
:10C4A000096801F00F01884216D9FFE742F2000047
:10C4B000C5F20020016821F00F01039A11430160C9
:10C4C000006800F00F000399884204D0FFE70120C4
:10C4D0008DF817001CE2FFE7049800784007002859
:10C4E00019D5FFE70498006944F21841C5F6020126
:10C4F000096801F0700188420CD9FFE744F2184145
:10C50000C5F60201086820F07000049A1269104311
:10C510000860FFE7FFE7049800780007002819D5B6
:10C52000FFE70498406944F21C41C5F6020109681E
:10C5300001F0700188420CD9FFE744F21C41C5F6B6
:10C540000201086820F07000049A526910430860E4
:10C55000FFE7FFE704980078C006002819D5FFE739
:10C560000498806944F21C41C5F60201096801F48F
:10C57000E06188420CD9FFE744F21C41C5F6020194
:10C58000086820F4E060049A926910430860FFE7AD
:10C59000FFE7049800788006002819D5FFE7049883
:10C5A000C06944F22041C5F60201096801F070013A
:10C5B00088420CD9FFE744F22041C5F60201086821
:10C5C00020F07000049AD26910430860FFE7FFE78B
:10C5D000049800788007002819D5FFE70498C06800
:10C5E00044F21841C5F60201096801F00F018842C2
:10C5F0000CD9FFE744F21841C5F60201086820F0A3
:10C600000F00049AD26810430860FFE7FFE7049820
:10C610000078C007002800F08C80FFE744F2184142
:10C62000C5F60201086820F47060049A926810430D
:10C63000086004984068022811D1FFE744F20040E6
:10C64000C5F60200006800F400310020B0EB514F45
:10C6500004D1FFE701208DF8170059E13EE004986E
:10C660004068032811D1FFE744F20040C5F60200FC
:10C67000006800F000710020B0EB516F04D1FFE7BB
:10C6800001208DF8170043E127E004984068012855
:10C6900011D1FFE744F20040C5F60200006800F443
:10C6A00080710020B0EB112F04D1FFE701208DF83D
:10C6B00017002DE110E044F20040C5F602000068CA
:10C6C00000F004010020B0EB910F04D1FFE701203E
:10C6D0008DF817001CE1FFE7FFE7FFE744F2104188
:10C6E000C5F60201086820F00700049A526810435A
:10C6F0000860FDF78DF80190FFE744F21040C5F6A1
:10C700000200006800F0380004994968B0EBC10FDE
:10C710000ED0FFE7FDF77CF80199401A41F289310C
:10C72000884204D3FFE703208DF81700F0E0E4E728
:10C73000FFE7049800788007002819D5FFE70498E0
:10C74000C06844F21841C5F60201096801F00F0102
:10C7500088420CD2FFE744F21841C5F6020108688E
:10C7600020F00F00049AD26810430860FFE7FFE74B
:10C77000039842F20001C5F20021096801F00F019F
:10C78000884216D2FFE742F20000C5F2002001689D
:10C7900021F00F01039A11430160006800F00F00BF
:10C7A0000399884204D0FFE701208DF81700AFE01D
:10C7B000FFE7049800784007002819D5FFE70498A0
:10C7C000006944F21841C5F60201096801F07001E0
:10C7D00088420CD2FFE744F21841C5F6020108680E
:10C7E00020F07000049A126910430860FFE7FFE729
:10C7F000049800780007002819D5FFE704984069DD
:10C8000044F21C41C5F60201096801F0700188423A
:10C810000CD2FFE744F21C41C5F60201086820F083
:10C820007000049A526910430860FFE7FFE704981C
:10C830000078C006002819D5FFE70498806944F203
:10C840001C41C5F60201096801F4E06188420CD27E
:10C85000FFE744F21C41C5F60201086820F4E060DD
:10C86000049A926910430860FFE7FFE70498007894
:10C870008006002819D5FFE70498C06944F22041DA
:10C88000C5F60201096801F0700188420CD2FFE789
:10C8900044F22041C5F60201086820F07000049AB5
:10C8A000D26910430860FFE7FFE700F0CDF844F2DB
:10C8B0001842C5F602021168C1F3032344F2007165
:10C8C000C0F60201CB5C03F01F03D8400090009833
:10C8D000126802F00F02895C01F01F01C84040F2AB
:10C8E0006C11C2F200410860009840F26811C2F277
:10C8F0000041086040F24020C2F200400068FCF7AE
:10C90000DFFF8DF80B009DF80B008DF81700FFE797
:10C910009DF8170006B080BD82B00190009101998A
:10C920003F20086044F21040C5F60200006800F0A5
:10C9300007000199486044F21840C5F602000168FA
:10C9400001F47061019A9160016801F00F01019A90
:10C95000D160006800F070000199086144F21C4049
:10C96000C5F60200016801F07001019A516100688A
:10C9700000F4E0600199886144F22040C5F60200AD
:10C98000006800F070000199C86142F20000C5F231
:10C990000020006800F00F000099086002B07047A6
:10C9A00080B582B000F050F844F21842C5F6020299
:10C9B0001168C1F3032344F20071C0F60201CB5C9D
:10C9C00003F01F03D84001900198126802F00F0293
:10C9D000895C01F01F0120FA01F140F26C10C2F2F3
:10C9E00000400160019940F26812C2F200421160F9
:10C9F000006802B080BD000080B5FFF7D1FF44F2AF
:10CA00001C41C5F602010968C1F3021244F200712B
:10CA1000C0F60201895C01F01F01C84080BD000022
:10CA200080B5FFF7BDFF44F21C41C5F6020109685D
:10CA3000C1F3022244F20071C0F60201895C01F0E8
:10CA40001F01C84080BD00008AB044F21040C5F606
:10CA50000200006800F0380001460191182800F239
:10CA60005F810199DFE811F019005C015C015C0154
:10CA70005C015C015C015C013A005C015C015C01F1
:10CA80005C015C015C015C0140005C015C015C01DB
:10CA90005C015C015C015C01460044F20040C5F6AB
:10CAA0000200006800F020010020B0EB511F0ED002
:10CAB000FFE744F20040C5F602000068C0F3C10180
:10CAC00049F20000C0F2D030C840029005E049F2BF
:10CAD0000000C0F2D0300290FFE727E140F60010DE
:10CAE000C0F23D00029021E143F20060C0F26E10FE
:10CAF00002901BE144F22840C5F60200016801F0F3
:10CB0000030108910068C0F30510079044F22C401F
:10CB1000C5F60200006800F001000690069844F295
:10CB20003441C5F60201096889B2C908484300EEDC
:10CB3000100AB8EE400A8DED040A0798002800F0AC
:10CB4000EB80FFE70898009048B1FFE700980128C4
:10CB500065D0FFE70098022800F08380A3E044F24C
:10CB60000040C5F60200006800F020010020B0EB94
:10CB7000511F31D0FFE744F20040C5F602000068C3
:10CB8000C0F3C10149F20000C0F2D030C8400590A6
:10CB90009DED050AB8EE400A9DED071AB8EE411A60
:10CBA00080EE010A44F23040C5F6020000686FF3DF
:10CBB0005F2001EE100AB8EE411A9DED042A9FEDA8
:10CBC0005E3A02EE031AB7EE002A31EE021A20EEA8
:10CBD000010A8DED030A21E09DED070AB8EE401A27
:10CBE0009FED570A80EE010A44F23040C5F602007C
:10CBF00000686FF35F2001EE100AB8EE411A9DED58
:10CC0000042A9FED4D3A02EE031AB7EE002A31EEE8
:10CC1000021A20EE010A8DED030AFFE765E09DEDA3
:10CC2000070AB8EE401A9FED450A80EE010A44F269
:10CC30003040C5F6020000686FF35F2001EE100A75
:10CC4000B8EE411A9DED042A9FED3B3A02EE031A1D
:10CC5000B7EE002A31EE021A20EE010A8DED030A2A
:10CC600043E09DED070AB8EE401A9FED320A80EED0
:10CC7000010A44F23040C5F6020000686FF35F20FD
:10CC800001EE100AB8EE411A9DED042A9FED2A3AF2
:10CC900002EE031AB7EE002A31EE021A20EE010A64
:10CCA0008DED030A21E09DED070AB8EE401A9FEDD5
:10CCB000230A80EE010A44F23040C5F60200006803
:10CCC0006FF35F2001EE100AB8EE411A9DED042AC1
:10CCD0009FED193A02EE031AB7EE002A31EE021A5E
:10CCE00020EE010A8DED030AFFE744F23040C5F65D
:10CCF0000200006881B2012000EB512009909DEDF7
:10CD0000030A9DED091AB8EE411A80EE010ABCEE45
:10CD1000C00A8DED020A02E000200290FFE705E064
:10CD200040F60010C0F23D000290FFE702980AB002
:10CD3000704700BF001BB74B000000390024744A45
:10CD40000024744C0000000080B58CB00A900A9852
:10CD500028B9FFE701208DF82F0000F001BD0A98E7
:10CD60000078C007002800F0B980FFE744F21040C7
:10CD7000C5F60200006800F03800069044F2284032
:10CD8000C5F6020000680590069810280AD0FFE753
:10CD9000069818281CD1FFE7059800F00300022828
:10CDA00016D1FFE744F20040C5F60200006800F427
:10CDB00000310020B0EB514F09D0FFE70A984068DE
:10CDC00028B9FFE701208DF82F0000F0C9BC84E0EE
:10CDD000FFE70A984068B0F5803F09D1FFE744F2C9
:10CDE0000041C5F60201086840F48030086032E076
:10CDF0000A98406868B9FFE744F20041C5F60201AD
:10CE0000086820F480300860086820F480200860FA
:10CE100020E00A984068B0F5A02F0DD1FFE744F25A
:10CE20000041C5F60201086840F4802008600868E7
:10CE300040F4803008600CE044F20041C5F6020185
:10CE4000086820F480300860086820F480200860BA
:10CE5000FFE7FFE7FFE7FFE70A984068F0B1FFE769
:10CE6000FCF7D6FC0990FFE744F20040C5F602004B
:10CE7000006800F400310020B0EB514F0DD1FFE706
:10CE8000FCF7C6FC0999401A652805D3FFE7032083
:10CE90008DF82F0000F064BCE6E71DE0FCF7B8FC5D
:10CEA0000990FFE744F20040C5F60200006800F474
:10CEB00000310020B0EB514F0DD0FFE7FCF7A8FC8C
:10CEC0000999401A652805D3FFE703208DF82F0044
:10CED00000F046BCE6E7FFE7FFE7FFE70A980078C7
:10CEE0008007002840F1C580FFE744F21040C5F6F6
:10CEF0000200006800F03800049044F22840C5F6B3
:10CF0000020000680390049850B1FFE704981828C5
:10CF100050D1FFE79DF80C00800700284AD1FFE7B9
:10CF200044F20040C5F60200006800F00401002051
:10CF3000B0EB910F09D0FFE70A98C06828B9FFE766
:10CF400001208DF82F0000F00BBC44F20041C5F623
:10CF50000201086820F019000A9AD268104308609C
:10CF6000FCF756FC0990FFE744F20040C5F60200CA
:10CF7000006800F004010020B0EB910F0CD1FFE736
:10CF8000FCF746FC0999401A032804D3FFE7032065
:10CF90008DF82F00E4E3E7E744F20441C5F602010F
:10CFA000086820F0FE400A9A126940EA02600860B0
:10CFB000FFE75DE00A98C068A0B3FFE744F20041D4
:10CFC000C5F60201086820F019000A9AD2681043D9
:10CFD0000860FCF71DFC0990FFE744F20040C5F62D
:10CFE0000200006800F004010020B0EB910F0CD1AA
:10CFF000FFE7FCF70DFC0999401A032804D3FFE76B
:10D0000003208DF82F00ABE3E7E744F20441C5F6B7
:10D010000201086820F0FE400A9A126940EA0260A4
:10D02000086024E044F20041C5F60201086820F0DF
:10D0300001000860FCF7ECFB0990FFE744F20040B8
:10D04000C5F60200006800F004010020B0EB910F6B
:10D050000CD0FFE7FCF7DCFB0999401A032804D346
:10D06000FFE703208DF82F007AE3E7E7FFE7FFE70C
:10D07000FFE70A980078C006002840F1A080FFE78B
:10D0800044F21040C5F60200006800F0380002903B
:10D0900044F22840C5F60200006801900298082872
:10D0A0000AD0FFE7029818282BD1FFE7019800F07B
:10D0B0000300012825D1FFE744F20040C5F6020035
:10D0C000006800F480710020B0EB112F09D0FFE759
:10D0D0000A98C069802804D0FFE701208DF82F004E
:10D0E0003EE3FFE744F20C41C5F60201086820F078
:10D0F0007C500A9A126A40EA02600860FFE7FFE784
:10D100005CE00A98C06998B3FFE744F20041C5F6B5
:10D110000201086840F080000860FCF779FB099084
:10D12000FFE744F20040C5F60200006800F4807199
:10D130000020B0EB112F0CD1FFE7FCF769FB099938
:10D14000401A032804D3FFE703208DF82F0007E3DC
:10D15000E7E7FFE744F20C41C5F60201086820F05A
:10D160007C500A9A126A40EA02600860FFE724E0F5
:10D1700044F20041C5F60201086820F08000086012
:10D18000FCF746FB0990FFE744F20040C5F60200B9
:10D19000006800F480710020B0EB112F0CD0FFE785
:10D1A000FCF736FB0999401A032804D3FFE7032054
:10D1B0008DF82F00D4E2E7E7FFE7FFE7FFE70A98E3
:10D1C0000078000700284FD5FFE70A98406928B388
:10D1D000FFE744F27441C5F60201086840F001001F
:10D1E0000860FCF715FB0990FFE744F27440C5F6B0
:10D1F0000200006800F002010020B0EB510F0CD1DA
:10D20000FFE7FCF705FB0999401A032804D3FFE761
:10D2100003208DF82F00A3E2E7E724E044F27441F5
:10D22000C5F60201086820F001000860FCF7F0FA7A
:10D230000990FFE744F27440C5F60200006800F070
:10D2400002010020B0EB510F0CD0FFE7FCF7E0FA31
:10D250000999401A032804D3FFE703208DF82F0013
:10D260007EE2E7E7FFE7FFE70A98007880060028FC
:10D270004FD5FFE70A98806928B3FFE744F20041E1
:10D28000C5F60201086840F480500860FCF7C0FA57
:10D290000990FFE744F20040C5F60200006800F480
:10D2A00000510020B0EB513F0CD1FFE7FCF7B0FA82
:10D2B0000999401A032804D3FFE703208DF82F00B3
:10D2C0004EE2E7E724E044F20041C5F602010868B7
:10D2D00020F480500860FCF79BFA0990FFE744F2C5
:10D2E0000040C5F60200006800F400510020B0EBD9
:10D2F000513F0CD0FFE7FCF78BFA0999401A03283D
:10D3000004D3FFE703208DF82F0029E2E7E7FFE7CA
:10D31000FFE70A9800784007002840F1A780FFE760
:10D3200044F60001C5F60201086840F48070086008
:10D33000FCF76EFA0990FFE744F60000C5F602001C
:10D340000068C00500280CD4FFE7FCF761FA0999D2
:10D35000401A652804D3FFE703208DF82F00FFE172
:10D36000EAE7FFE70A988068012809D1FFE744F25D
:10D370007041C5F60201086840F00100086031E024
:10D380000A98806868B9FFE744F27041C5F6020167
:10D39000086820F001000860086820F004000860B8
:10D3A0001FE00A98806805280DD1FFE744F270411C
:10D3B000C5F60201086840F004000860086840F003
:10D3C000010008600CE044F27041C5F602010868F3
:10D3D00020F001000860086820F004000860FFE702
:10D3E000FFE7FFE7FFE70A988068F8B1FFE7FCF77F
:10D3F0000FFA0990FFE744F27040C5F6020000689A
:10D4000000F002010020B0EB510F0ED1FFE7FCF756
:10D41000FFF90999401A41F28931884204D3FFE7A4
:10D4200003208DF82F009BE1E5E71EE0FCF7F0F903
:10D430000990FFE744F27040C5F60200006800F072
:10D4400002010020B0EB510F0ED0FFE7FCF7E0F92E
:10D450000999401A41F28931884204D3FFE7032039
:10D460008DF82F007CE1E5E7FFE7FFE70A98406AC7
:10D47000002800F07181FFE744F21040C5F6020079
:10D48000006800F03800182800F0E080FFE70A98F4
:10D49000406A022840F0B480FFE744F20041C5F63C
:10D4A0000201086820F080700860FCF7B1F909906B
:10D4B000FFE744F20040C5F60200006800F000718A
:10D4C0000020B0EB516F0CD0FFE7FCF7A1F90999F0
:10D4D000401A032804D3FFE703208DF82F003FE113
:10D4E000E7E7FFE744F22841C5F60201086840F289
:10D4F000F33290430A9B9A6ADB6A42EA03121043B2
:10D5000008600A99086BD1F834C08B6BCA6B01387C
:10D510006FF35F204FF60061CFF6FF7101EB4C21F6
:10D5200089B208440021CFF6FF7101EB034101F4F9
:10D53000FE0108444FF07F4101EB026101F0FE4122
:10D54000084444F23041C5F602010860FFE744F2A6
:10D550002C41C5F602010091086820F00100086026
:10D5600044F23442C5F6020210684FF6F87398434D
:10D570000A9B9B6C40EAC3001060086820F00C0016
:10D580000A9A126C10430860086820F002000A9A98
:10D59000526C10430860086840F4803008600868E6
:10D5A00040F400300860086840F480200860086893
:10D5B00040F00100086044F20041C5F6020108682D
:10D5C00040F080700860FCF723F90990FFE744F20F
:10D5D0000040C5F60200006800F000710020B0EBCA
:10D5E000516F0CD1FFE7FCF713F90999401A032892
:10D5F00004D3FFE703208DF82F00B1E0E7E724E034
:10D6000044F20041C5F60201086820F0807008600D
:10D61000FCF7FEF80990FFE744F20040C5F602006F
:10D62000006800F000710020B0EB516F0CD0FFE7F4
:10D63000FCF7EEF80999401A032804D3FFE703200A
:10D640008DF82F008CE0E7E7FFE784E044F2284004
:10D65000C5F602000068089044F23040C5F60200AA
:10D66000006807900A98406A012837D0FFE70898B9
:10D6700000F003000A99896A88422FD1FFE70898D1
:10D6800000F47C710A98C06AB0EB111F26D1FFE745
:10D6900007986FF35F200A99096B013988421DD101
:10D6A000FFE7BDF81C100A98406B0138B0EB512F12
:10D6B00014D1FFE7079800F4FE010A98806B013847
:10D6C000B0EB114F0AD1FFE7079800F0FE410A982E
:10D6D000C06B0138B0EB116F04D0FFE701208DF86B
:10D6E0002F003DE044F23440C5F60200006880B2ED
:10D6F000C00808900A98806C0899884229D0FFE7F2
:10D7000044F22C41C5F60201086820F001000860CF
:10D71000FCF77EF80990FFE7FCF77AF80999401AC0
:10D7200008B9FFE7F8E744F23441C5F6020108689A
:10D730004FF6F87290430A9A926C40EAC200086071
:10D7400044F22C41C5F60201086840F0010008606F
:10D75000FFE7FFE7FFE7FFE700208DF82F00FFE777
:10D760009DF82F000CB080BD80B586B00490039169
:10D7700002920193049820B9FFE701208DF8170069
:10D7800056E00498D0F8880040B9FFE704990020DB
:10D7900081F88400049802F09FFFFFE70499242099
:10D7A000C1F8880004980168086820F0010008604A
:10D7B0000498806A20B1FFE704980CF089F9FFE72C
:10D7C00004980CF0A5FC012804D1FFE701208DF896
:10D7D00017002DE004980168886840F48040886054
:10D7E00004980068806820F4004003990843049975
:10D7F000096888600298400500900199009840EA05
:10D80000014000900498006800686FF31940009987
:10D81000084304990968086004980168086840F0A2
:10D820000100086004980CF0F7F98DF81700FFE785
:10D830009DF8170006B080BD81B0009001B0704720
:10D8400080B588B00790079800680069069007982F
:10D85000006840690590069805990840049007986B
:10D8600000688068039000200290079890F881007B
:10D870008DF8070007980068303000909DF815007B
:10D880000007002810D5FFE79DF8180000070028C2
:10D890000AD5FFE707980168886940F4006088614D
:10D8A000079800F0BDFB91E19DF8100040060028AC
:10D8B00015D4FFE79DF81000800600280FD4FFE77D
:10D8C0009DF810004007002809D5FFE70798416F31
:10D8D00088470798016F884701200290FFE79DF86D
:10D8E00010004006002811D4FFE79DF81000C00783
:10D8F00060B1FFE79DF810004007002806D4FFE75D
:10D900000798016F884701200290FFE79DF81000FB
:10D910008006002812D4FFE79DF810008007002839
:10D920000CD5FFE79DF810004007002806D4FFE75C
:10D930000798416F884701200290FFE7029808B1DD
:10D94000FFE743E19DF810000007002840F18980BF
:10D95000FFE707980168886940F008008861079828
:10D960000168886940F0100088610798016888693B
:10D9700040F40060886107980168086920F0080099
:10D98000086107980068806810F4404F3AD1FFE7BB
:10D99000FFE70798B0F86A0098B3FFE70798C068F8
:10D9A00010280BD3FFE707980068006B0799496EB2
:10D9B00008600799486E043048661BE00798C06805
:10D9C00008280AD3FFE7009800880799496E088065
:10D9D0000799486E023048660BE00798006890F897
:10D9E00030000799496E08700799486E0130486603
:10D9F000FFE7FFE70799B1F86A000138A1F86A006C
:10DA0000C7E7FFE7079809F077FD0799012081F83C
:10DA100081000798D0F8840020B1FFE70798FFF74E
:10DA20000BFFD3E09DF80700052804D1FFE7079816
:10DA300000F082FE14E09DF80700042804D1FFE7FF
:10DA4000079800F0E9FA0AE09DF80700032804D1DE
:10DA5000FFE7079800F06CFE00E0FFE7FFE7FFE755
:10DA6000B4E0BDF8100010F4587F00F0AF80FFE77D
:10DA70009DF81000400600280ED5FFE70799D1F861
:10DA8000840040F00400C1F88400079801688869A8
:10DA900040F040008861FFE79DF8110080070028F2
:10DAA0000ED5FFE70799D1F8840040F00100C1F8D6
:10DAB000840007980168886940F400708861FFE776
:10DAC0009DF81100C00770B1FFE70799D1F88400F5
:10DAD00040F00800C1F8840007980168886940F4A4
:10DAE00080708861FFE79DF81000800600280ED541
:10DAF000FFE70799D1F8840040F08000C1F8840066
:10DB000007980168886940F020008861FFE707985E
:10DB1000D0F88400002858D0FFE70798016808680B
:10DB200020F00100086007980168086940F26B3234
:10DB300090430861039800F44040B0F5404F3BD15A
:10DB4000FFE707980168886820F4404088600798DC
:10DB5000C06FB0B1FFE70798C16F47F21160C0F620
:10DB6000010008650798C06FF7F79EFC40B1FFE71A
:10DB70000799D1F8840040F04000C1F88400FFE725
:10DB8000FFE70798806FB0B1FFE70798816F47F212
:10DB90001160C0F6010008650798806FF7F784FCF4
:10DBA00040B1FFE70799D1F8840040F04000C1F888
:10DBB0008400FFE7FFE707E00799012081F8810073
:10DBC0000798FFF739FEFFE7FFE7FFE708B080BDE2
:10DBD00080B586B00490049820B9FFE701208DF845
:10DBE00017003AE10498406A08B9FFE7FFE7049993
:10DBF000002088620498006843F20001C4F2010129
:10DC000088421BD0FFE70498006843F60001C4F285
:10DC10000001884212D0FFE70498006843F60041F3
:10DC2000C4F20001884209D0FFE70498C0681028B8
:10DC300004D3FFE701208DF817000EE1049809F0E6
:10DC4000FFFC02900498006843F20001C4F2010155
:10DC5000884216D0FFE70498006843F60001C4F23A
:10DC6000000188420DD0FFE70498006843F60041A8
:10DC7000C4F20001884204D0FFE7029808281FD8A8
:10DC8000FFE70498006843F20001C4F201018842F2
:10DC900012D0FFE70498006843F60001C4F20001C7
:10DCA000884209D0FFE70498006843F60041C4F2B7
:10DCB0000001884208D1FFE70298112804D3FFE74A
:10DCC00001208DF81700C8E0049890F8810040B951
:10DCD000FFE70499002081F88000049800F0C4F860
:10DCE000FFE70499022081F8810004980168086820
:10DCF00020F00100086004980068806800F4F810C3
:10DD0000039004988069B0F1806F1BD1FFE70498FD
:10DD10004068B0F5800F04D1FFE70498806B50B1E4
:10DD2000FFE70498406868B9FFE70498806BB0F19A
:10DD3000805F07D1FFE704980168086840F48050CD
:10DD40000860FFE7049880794006002810D5FFE7B7
:10DD50000498C06807280BD3FFE7049800680068A0
:10DD600020F48070049A1168126D1043086006E078
:10DD700004980168086820F480700860FFE7049B3D
:10DD80001968DA68D869D3F828C040EA0C00DDF8D1
:10DD90000CC040EA0C00DB6B184310438860049A07
:10DDA0000192506B516A0843916B08439169084393
:10DDB0001168D2F804C09368D2F810E040EA0E006F
:10DDC000D2F814E040EA0E00D2F820E040EA0E005B
:10DDD00040EA0C00D2F84CC040EA0C001843936CA7
:10DDE0001843926D1043C8600498406898B9FFE7E3
:10DDF000049800688068012161F3CC2004990968C7
:10DE00008860049800688068022161F34A200499C0
:10DE100009688860FFE704980168086D20F0010038
:10DE2000086504988079400600280BD5FFE7049820
:10DE30000068C06820F00040049A1168526D1043D9
:10DE4000C860FFE704990020C1F88400049A01210A
:10DE500082F881108DF81700FFE79DF8170006B0D3
:10DE600080BD00000000000080B5BEB03D900020E5
:10DE70003C903B903A90399038900AA8B821F2F73C
:10DE80005EFC3D98006843F60001C4F20001884240
:10DE900040F0BF80FFE700200B904FF480510A91C3
:10DEA00021900AA8FDF7F4FA18B1FFE7F5F774FA24
:10DEB000FFE7FFE744F2E840C5F60200016841F4DD
:10DEC00080410160006800F4804009900998FFE7F4
:10DED000FFE744F2E040C5F60200016841F00401AA
:10DEE0000160006800F0040008900898FFE7FFE771
:10DEF00044F2E040C5F60200016841F00201016011
:10DF0000006800F0020007900798FFE706203890AD
:10DF1000022002903990002005903A903B90052015
:10DF200003903C9040F60000C5F6020038A9049129
:10DF3000FBF782FA029B03980499059A4FF4005C60
:10DF4000CDF8E0C039933A923B923C9040F20040C9
:10DF5000C5F60200FBF770FA059943F6A860C2F215
:10DF6000004006901022C4F20202026027224260A2
:10DF70008160C1604FF48062026141618161C16171
:10DF80004FF4403202624162F8F7C6FE18B1FFE773
:10DF9000F5F702FAFFE7FFE73D9843F6A861C2F202
:10DFA0000041C1673D988863FFE743F62070C2F2E5
:10DFB000004001902821C4F2020101602821416043
:10DFC000402181600021C1604FF4806202614161A3
:10DFD0008161C1614FF4403202624162F8F79CFEF8
:10DFE00018B1FFE7F5F7D8F9FFE7FFE73D9843F6EB
:10DFF0002071C2F2004181673D988863FFE72420C9
:10E00000009005210022FBF75BFD0098FBF74CFD1B
:10E01000FFE73EB080BD000081B0009001B07047C6
:10E0200081B0009001B0704780B590B0DDF848C075
:10E030000E900D910C92ADF82E300E9800682030A5
:10E040000A900E980068303009900E98C16B01203C
:10E0500000EB5110ADF81200FBF7DAFB0890BDF8A9
:10E060002E00ADF81600BDF82E00ADF814000E9885
:10E0700090F88100012804D0FFE702208DF83F00CE
:10E0800050E30D9838B1FFE70C9820B1FFE7BDF8D9
:10E090002E0020B9FFE701208DF83F0042E3FFE7A3
:10E0A0000E9890F88000012804D1FFE702208DF837
:10E0B0003F0037E30E99012081F88000FFE7FFE77A
:10E0C0000E99052081F881000E990020C1F8840086
:10E0D0000C990E9A5166BDF82E100E9AA2F86A108D
:10E0E000BDF82E100E9AA2F868100D990E9AD165FF
:10E0F000BDF82E100E9AA2F86210BDF82E100E9ADE
:10E10000A2F860100E9908670E9948670E9800688B
:10E11000C06820F4C0200E990968C8600E98006895
:10E1200043F20001C4F20101884212D0FFE70E98C9
:10E13000006843F60001C4F20001884209D0FFE7FD
:10E140000E98006843F60041C4F20001884203D1F2
:10E15000FFE71020079002E008200790FFE70E98E5
:10E16000006840684FF6FF718843BDF82E100844E0
:10E170000E99096848600E980168086840F001002F
:10E1800008600E984068B0F5800F07D1FFE70E9841
:10E190000168086840F400700860FFE70E98C068E6
:10E1A0001028C0F0B580FFE7079880080790FFE7C8
:10E1B000BDF816100120039039B9FFE7BDF814002F
:10E1C000002818BF01200390FFE70398C00700282C
:10E1D00000F09D80FFE70E980068406980070028E6
:10E1E00022D5FFE7BDF81600F0B1FFE7BDF8140037
:10E1F000BDF81610079A1144884215D2FFE70E9811
:10E200000168C06D006808620E99C86D0430C86569
:10E210000E99B1F862000138A1F862000E98B0F8CA
:10E220006200ADF81600FFE70E980068406906909E
:10E23000BDF81400002869D0FFE70E980068406917
:10E24000C007B0B1FFE70E980068006B0E99496EE9
:10E2500008600E99486E043048660E99B1F86A005D
:10E260000138A1F86A000E98B0F86A00ADF8140001
:10E270004BE0BDF81400BDF8121088421CDAFFE72D
:10E280009DF819000006002816D5FFE70E980068D3
:10E29000006B0E99496E08600E99486E043048660E
:10E2A0000E99B1F86A000138A1F86A000E98B0F82A
:10E2B0006A00ADF8140027E0FBF7AAFA0899401AA3
:10E2C0001299884204D3FFE71298013018B9FFE78A
:10E2D0001298C0B9FFE70E9809F00EF90E99D1F81F
:10E2E000840040F48070C1F884000E99012081F808
:10E2F0008100FFE70E99002081F88000FFE70320EE
:10E300008DF83F000EE2FFE7FFE7FFE750E7DCE1B3
:10E310000E98C0680828C0F0DE80FFE70798400824
:10E320000790FFE7BDF816100120029039B9FFE70A
:10E33000BDF81400002818BF01200290FFE70298E2
:10E34000C007002800F0C680FFE70E98006840690B
:10E350008007002822D5FFE7BDF81600F0B1FFE7DF
:10E36000BDF81400BDF81610079A1144884215D262
:10E37000FFE70E98C06D00880A9908800E99C86D55
:10E380000230C8650E99B1F862000138A1F8620048
:10E390000E98B0F86200ADF81600FFE70E9800681E
:10E3A00040690690BDF81400002800F09280FFE755
:10E3B0000E9800684069C007A8B1FFE70998008877
:10E3C0000E99496E08800E99486E023048660E9983
:10E3D000B1F86A000138A1F86A000E98B0F86A0036
:10E3E000ADF8140074E0BDF81400BDF812108842B6
:10E3F00024DAFFE79DF81900000600281ED5FFE784
:10E40000099800880E99496E08800E99486E02306E
:10E410004866099800880E99496E08800E99486EE2
:10E42000023048660E99B1F86A000238A1F86A0015
:10E430000E98B0F86A00ADF8140048E0BDF814007A
:10E4400001281BD1FFE79DF819008006002815D58B
:10E45000FFE7099800880E99496E08800E99486E6A
:10E46000023048660E99B1F86A000138A1F86A00D6
:10E470000E98B0F86A00ADF8140027E0FBF7C8F971
:10E480000899401A1299884204D3FFE71298013084
:10E4900018B9FFE71298C0B9FFE70E9809F02CF8F9
:10E4A0000E99D1F8840040F48070C1F884000E9970
:10E4B000012081F88100FFE70E99002081F880009B
:10E4C000FFE703208DF83F002CE1FFE7FFE7FFE7C0
:10E4D000FFE727E7F8E0FFE7BDF8161001200190FD
:10E4E00039B9FFE7BDF81400002818BF01200190DA
:10E4F000FFE70198C007002800F0E580FFE70E98CD
:10E50000006840698007002823D5FFE7BDF81600A2
:10E51000F8B1FFE7BDF81400BDF81610079A1144D2
:10E52000884216D2FFE70E980168C06D007881F826
:10E5300020000E99C86D0130C8650E99B1F86200CF
:10E540000138A1F862000E98B0F86200ADF816002C
:10E55000FFE70E98006840690690BDF81400002897
:10E5600000F0B080FFE70E9800684069C007B8B1BE
:10E57000FFE70E98006890F830000E99496E087019
:10E580000E99486E013048660E99B1F86A0001385C
:10E59000A1F86A000E98B0F86A00ADF8140090E097
:10E5A000BDF81400BDF8121088423EDAFFE79DF86E
:10E5B00019000006002838D5FFE70E98006890F88B
:10E5C00030000E99496E08700E99486E0130486609
:10E5D0000E98006890F830000E99496E08700E99F8
:10E5E000486E013048660E98006890F830000E9929
:10E5F000496E08700E99486E013048660E980068A2
:10E6000090F830000E99496E08700E99486E0130EE
:10E6100048660E99B1F86A000438A1F86A000E98AD
:10E62000B0F86A00ADF814004AE0BDF81400032801
:10E630001DD8FFE79DF8190010F0600F17D0FFE715
:10E640000E98006890F830000E99496E08700E9987
:10E65000486E013048660E99B1F86A000138A1F899
:10E660006A000E98B0F86A00ADF8140027E0FBF7D6
:10E67000CFF80899401A1299884204D3FFE71298FC
:10E68000013018B9FFE71298C0B9FFE70E9808F0FB
:10E6900033FF0E99D1F8840040F48070C1F88400F3
:10E6A0000E99012081F88100FFE70E99002081F882
:10E6B0008000FFE703208DF83F0033E0FFE7FFE72E
:10E6C000FFE7FFE708E7FFE7FFE70E98129B0899CF
:10E6D0006A4611600821002208F0CAFF40B1FFE736
:10E6E0000E99D1F8840040F02000C1F88400FFE7C3
:10E6F0000E9808F001FF0E99012081F88100FFE7D4
:10E700000E99002081F88000FFE70E98D0F8840071
:10E7100020B1FFE701208DF83F0003E000208DF8D5
:10E720003F00FFE79DF83F0010B080BD00000000F3
:10E7300081B0009001B0704781B0009001B0704787
:10E7400082B00190009140F20441C5F600010868D2
:10E75000019A9043009A1043086002B0704700008D
:10E7600081B0009001B0704781B0009001B0704757
:10E7700081B0009001B0704785B003900291FFE72F
:10E78000039890F83C00012804D1FFE702208DF89F
:10E790001300ABE00399012081F83C00FFE7FFE79D
:10E7A0000399022081F83D000398006840680190B9
:10E7B0000398006880680090039800680021C4F204
:10E7C0000101884209D0FFE70398006840F2004148
:10E7D000C4F2010188420AD1FFE7019820F47000D9
:10E7E000019002984168019808430190FFE7019861
:10E7F00020F0700001900298016801980843019090
:10E800000198039909684860039800680021C4F2E0
:10E81000010188424ED0FFE703980068B0F1804FB5
:10E8200048D0FFE70398006840F20041C4F20001BD
:10E8300088423FD0FFE70398006840F60001C4F229
:10E840000001884236D0FFE70398006840F6004197
:10E85000C4F2000188422DD0FFE70398006840F21F
:10E860000041C4F20101884224D0FFE70398006808
:10E8700041F60001C4F2000188421BD0FFE7039873
:10E88000006844F20001C4F20101884212D0FFE79F
:10E89000039800684EF20001C4F20001884209D0DA
:10E8A000FFE7039800684EF20041C4F2000188427D
:10E8B0000ED1FFE7009820F0800000900298816858
:10E8C0000098084300900098039909688860FFE762
:10E8D0000399012081F83D00FFE70399002081F8AA
:10E8E0003C00FFE700208DF81300FFE79DF81300C0
:10E8F00005B070470000000080B582B0009000981D
:10E9000020B9FFE701208DF8070045E0009890F856
:10E910003D0040B9FFE70099002081F83C000098D5
:10E9200000F03EF8FFE70099022081F83D000099D1
:10E9300051F8040B09F078FC0099012081F8480097
:10E94000FFE70099012081F83E00009981F83F001F
:10E95000009981F84000009981F84100009981F800
:10E960004200009981F84300FFE7FFE7009901208A
:10E9700081F84400009981F84500009981F846002B
:10E98000009981F84700FFE70099012081F83D00D8
:10E9900000208DF80700FFE79DF8070002B080BD5A
:10E9A00080B584B003900398006840F20041C4F23F
:10E9B000000188423CD1FFE7FFE744F2E840C5F69A
:10E9C0000200016841F002010160006800F00200ED
:10E9D00002900298FFE743F69870C2F2004001905F
:10E9E0007021C4F202010160182141604021816060
:10E9F0000021C1604FF4806202614FF40062426105
:10EA00004FF400528261C16101624162F8F784F9FA
:10EA100018B1FFE7F4F7C0FCFFE7FFE7039843F600
:10EA20009871C2F20041816203988863FFE7FFE7B3
:10EA300004B080BD0000000083B00190019890F800
:10EA40003D00012804D0FFE701208DF80B0083E092
:10EA50000199022081F83D0001980168C86840F0E2
:10EA60000100C860019800680021C4F201018842D9
:10EA70004ED0FFE701980068B0F1804F48D0FFE723
:10EA80000198006840F20041C4F2000188423FD082
:10EA9000FFE70198006840F60001C4F200018842D7
:10EAA00036D0FFE70198006840F60041C4F200014B
:10EAB00088422DD0FFE70198006840F20041C4F27F
:10EAC0000101884224D0FFE70198006841F6000167
:10EAD000C4F2000188421BD0FFE70198006844F2AD
:10EAE0000001C4F20101884212D0FFE701980068DA
:10EAF0004EF20001C4F20001884209D0FFE70198FC
:10EB000000684EF20041C4F20001884219D1FFE7CB
:10EB10000198006880680721C0F201010840009058
:10EB2000009806280CD0FFE70098B0F5803F07D08A
:10EB3000FFE701980168086840F001000860FFE7FE
:10EB400006E001980168086840F001000860FFE7EE
:10EB500000208DF80B00FFE79DF80B0003B0704715
:10EB600080B586B00490039100208DF80B00FFE77C
:10EB7000049890F83C00012804D1FFE702208DF8AA
:10EB80001700D1E00499012081F83C00FFE7FFE77E
:10EB90000499022081F83D00049800688068019083
:10EBA00001984FF68871CFF6CE7108400190019818
:10EBB00020F47F40019001980499096888600398C7
:10EBC00000680090002800F09580FFE7009810286A
:10EBD00000F09080FFE70098202800F08B80FFE78E
:10EBE0000098302800F08680FFE70098402874D015
:10EBF000FFE70098502856D0FFE7009860285FD0C4
:10EC0000FFE7009870282AD0FFE70098B0F5805FF2
:10EC100024D0FFE70098B0F5005F35D0FFE70098FB
:10EC2000B0F5801F66D0FFE70098B0F1101F61D0EB
:10EC3000FFE700982021C0F2100188425AD0FFE778
:10EC400000983021C0F21001884253D0FFE70098AD
:10EC50004021C0F2100188424CD052E055E00498A7
:10EC60000068039B5A689968DB6809F0C9FC04983E
:10EC7000006880680190019840F077000190019849
:10EC800004990968886040E004980068039B5A680A
:10EC90009968DB6809F0B4FC04980168886840F45E
:10ECA0008040886031E004980068039A5168D26817
:10ECB0000AF036F804980068502109F0BDFC24E001
:10ECC00004980068039A5168D2680AF051F80498D1
:10ECD0000068602109F0B0FC17E004980068039A0E
:10ECE0005168D2680AF01CF804980068402109F0C5
:10ECF000A3FC0AE0049800680399096809F09CFCE9
:10ED000003E001208DF80B00FFE70499012081F852
:10ED10003D00FFE70499002081F83C00FFE79DF8E3
:10ED20000B008DF81700FFE79DF8170006B080BDB7
:10ED300081B0009001B0704781B0009001B0704781
:10ED400080B584B0039003980068C068029003986F
:10ED50000068006901909DF804008007002824D510
:10ED6000FFE79DF80800800700281DD5FFE70398FE
:10ED700001686FF002000861039901200877039889
:10ED800000688069800720B1FFE70398FFF7D4FF90
:10ED900006E0039800F05CF9039800F0B1FAFFE791
:10EDA000039900200877FFE7FFE79DF8040040077C
:10EDB000002825D5FFE79DF80800400700281ED54C
:10EDC000FFE7039801686FF00400086103990220CF
:10EDD000087703980068806910F4407F04D0FFE74B
:10EDE0000398FFF7A9FF06E0039800F031F90398B4
:10EDF00000F086FAFFE7039900200877FFE7FFE7B6
:10EE00009DF804000007002824D5FFE79DF80800BE
:10EE1000000700281DD5FFE7039801686FF0080080
:10EE2000086103990420087703980068C069800787
:10EE300020B1FFE70398FFF77FFF06E0039800F09B
:10EE400007F9039800F05CFAFFE7039900200877C0
:10EE5000FFE7FFE79DF80400C006002825D5FFE77F
:10EE60009DF80800C00600281ED5FFE7039801683A
:10EE70006FF0100008610399082008770398006874
:10EE8000C06910F4407F04D0FFE70398FFF754FFF8
:10EE900006E0039800F0DCF8039800F031FAFFE791
:10EEA000039900200877FFE7FFE79DF80400C007FB
:10EEB00078B1FFE79DF80800C00748B1FFE7039865
:10EEC00001686FF001000861039800F0B5FDFFE7ED
:10EED000FFE7019800F08000802806D0FFE79DF84A
:10EEE00005008006002810D5FFE79DF80800000601
:10EEF000002809D5FFE7039801686FF40250086104
:10EF00000398FFF731FCFFE7FFE79DF80500C00716
:10EF100080B1FFE79DF808000006002809D5FFE74B
:10EF2000039801686FF4807008610398FFF718FC7C
:10EF3000FFE7FFE79DF804004006002810D5FFE733
:10EF40009DF808004006002809D5FFE703980168EE
:10EF50006FF040000861039800F07EFDFFE7FFE7D7
:10EF60009DF804008006002810D5FFE79DF80800F2
:10EF70008006002809D5FFE7039801686FF020009C
:10EF800008610398FFF7F4FBFFE7FFE704B080BDDB
:10EF900080B588B0079000200690059004900390FB
:10EFA00002900798006840F20041C4F200018842D4
:10EFB0001FD1FFE7FFE744F2E040C5F60200016819
:10EFC00041F001010160006800F00100019001982A
:10EFD000FFE780200290022003900021049103218A
:10EFE000059106900020C5F6020002A9FAF724FA5E
:10EFF00029E00798006841F60001C4F20001884248
:10F0000020D1FFE7FFE744F2E040C5F602000168C7
:10F0100041F002010160006800F0020000900098D9
:10F02000FFE74FF40040029002200390002104917A
:10F030000591069040F20040C5F6020002A9FAF7D9
:10F04000FBF9FFE7FFE708B080BD0000000000000B
:10F0500081B0009001B0704780B586B004900391F4
:10F06000029200208DF80700FFE7049890F83C001A
:10F07000012804D1FFE702208DF81700C0E00499B1
:10F08000012081F83C00FFE7FFE702980090142878
:10F0900000F2A7800099DFE801F00BA4A4A424A447
:10F0A000A4A43EA4A4A457A4A4A471A4A4A48A00C4
:10F0B00004980068039909F0D7FA049801688869F0
:10F0C00040F00800886104980168886920F0040015
:10F0D000886103980269049801688869104388610F
:10F0E00083E004980068039909F066FB04980168BE
:10F0F000886940F40060886104980168886920F498
:10F10000806088610398026904980168886940EA10
:10F110000220886169E004980068039909F004FC02
:10F1200004980168C86940F00800C8610498016843
:10F13000C86920F00400C861039802690498016856
:10F14000C8691043C86150E004980068039909F049
:10F15000A3FC04980168C86940F40060C861049881
:10F160000168C86920F48060C86103980269049846
:10F170000168C86940EA0220C86136E00498006866
:10F18000039909F0F9FC04980168486D40F0080003
:10F19000486504980168486D20F0040048650398AC
:10F1A000026904980168486D104348651DE00498A1
:10F1B0000068039909F048FD04980168486D40F41F
:10F1C0000060486504980168486D20F480604865D7
:10F1D0000398026904980168486D40EA0220486576
:10F1E00003E001208DF80700FFE7FFE70499002006
:10F1F00081F83C00FFE79DF807008DF81700FFE756
:10F200009DF8170006B080BD80B582B000900098D0
:10F2100020B9FFE701208DF8070045E0009890F83D
:10F220003D0040B9FFE70099002081F83C000098BC
:10F2300000F03EF8FFE70099022081F83D000099B8
:10F2400051F8040B08F0F0FF0099012081F8480004
:10F25000FFE70099012081F83E00009981F83F0006
:10F26000009981F84000009981F84100009981F8E7
:10F270004200009981F84300FFE7FFE70099012071
:10F2800081F84400009981F84500009981F8460012
:10F29000009981F84700FFE70099012081F83D00BF
:10F2A00000208DF80700FFE79DF8070002B080BD41
:10F2B00080B584B003900398006841F60001C4F261
:10F2C0000001884219D1FFE7FFE744F2E840C5F6A4
:10F2D0000200016841F040010160006800F0400058
:10F2E00002900298FFE72B20019005210022FAF7F7
:10F2F000E7FB0198FAF7D8FBFFE704B080BD0000F8
:10F3000080B582B001900198006840F20041C4F2DB
:10F31000000188420ED1FFE70198042100F084FA31
:10F3200001980168002088634FF23351C2F2014115
:10F330000870FFE702B080BD81B0009001B0704757
:10F3400080B598B0169015911492ADF84E3000200B
:10F350008DF84D00159828B9FFE7169890F83E00F3
:10F36000119034E01598042805D1FFE7169890F81D
:10F370003F00109028E01598082805D1FFE716985F
:10F3800090F840000F901CE015980C2805D1FFE77D
:10F39000169890F841000E9010E01598102805D1AD
:10F3A000FFE7169890F842000D9004E0169890F848
:10F3B00043000D90FFE70D980E90FFE70E980F9019
:10F3C000FFE70F981090FFE710981190FFE7119852
:10F3D000022804D1FFE702208DF85F001DE2159896
:10F3E00028B9FFE7169890F83E000C9034E0159885
:10F3F000042805D1FFE7169890F83F000B9028E00D
:10F400001598082805D1FFE7169890F840000A9053
:10F410001CE015980C2805D1FFE7169890F84100DC
:10F42000099010E01598102805D1FFE7169890F87C
:10F430004200089004E0169890F843000890FFE717
:10F4400008980990FFE709980A90FFE70A980B903F
:10F45000FFE70B980C90FFE70C9801284ED1FFE7CF
:10F46000149820B1FFE7BDF84E0020B9FFE7012056
:10F470008DF85F00D1E1159828B9FFE716990220B1
:10F4800081F83E0038E01598042806D1FFE7169968
:10F49000022081F83F0007902CE01598082806D13B
:10F4A000FFE71699022081F8400006901FE01598AA
:10F4B0000C2806D1FFE71699022081F8410005903B
:10F4C00012E01598102806D1FFE71699022081F85E
:10F4D0004200049005E01699022081F84300049050
:10F4E000FFE704980590FFE705980690FFE7069868
:10F4F0000790FFE70798FFE7FFE703E001208DF89B
:10F500005F008AE1FFE7159803900C2800F2B680AF
:10F510000399DFE801F007B3B3B332B3B3B35DB31C
:10F52000B3B388001698416A48F22940C0F601003A
:10F53000C8631698416A48F2E940C0F601000864C1
:10F540001698416A48F26150C0F60100C8641698E6
:10F550000268406A14993432BDF84E30F8F78CF8DE
:10F5600020B1FFE701208DF85F0056E11698016891
:10F57000C86840F40070C86084E01698816A48F258
:10F580002940C0F60100C8631698816A48F2E94034
:10F59000C0F6010008641698816A48F26150C0F60E
:10F5A0000100C86416980268806A14993832BDF860
:10F5B0004E30F8F761F820B1FFE701208DF85F00C9
:10F5C0002BE116980168C86840F48060C86059E073
:10F5D0001698C16A48F22940C0F60100C86316981F
:10F5E000C16A48F2E940C0F6010008641698C16A91
:10F5F00048F26150C0F60100C86416980268C06AFB
:10F6000014993C32BDF84E30F8F736F820B1FFE7D8
:10F6100001208DF85F0000E116980168C86840F489
:10F620000060C8602EE01698016B48F22940C0F6D1
:10F630000100C8631698016B48F2E940C0F601006A
:10F6400008641698016B48F26150C0F60100C86466
:10F6500016980268006B14994032BDF84E30F8F7E6
:10F660000BF820B1FFE701208DF85F00D5E0169878
:10F670000168C86840F48050C86003E001208DF83C
:10F680004D00FFE79DF84D00002840F0C180FFE7E6
:10F690001698006815990122019208F0A9FE0198B8
:10F6A000169909680022C4F20102914202902DD0FD
:10F6B000FFE716980168012040F20042C4F20102FF
:10F6C0009142029022D0FFE716980168012044F28F
:10F6D0000002C4F201029142029017D0FFE716988F
:10F6E0000168012044F20042C4F2010291420290FA
:10F6F0000CD0FFE7169800684BF60001CBF6FE71C0
:10F700000844B0FA80F040090290FFE70298C00771
:10F7100038B1FFE716980168486C40F4004048642F
:10F72000FFE7169800680021C4F2010188424ED01C
:10F73000FFE716980068B0F1804F48D0FFE71698B1
:10F74000006840F20041C4F2000188423FD0FFE768
:10F750001698006840F60001C4F20001884236D0D5
:10F76000FFE71698006840F60041C4F200018842A5
:10F770002DD0FFE71698006840F20041C4F2010165
:10F78000884224D0FFE71698006841F60001C4F2D1
:10F79000000188421BD0FFE71698006844F2000180
:10F7A000C4F20101884212D0FFE7169800684EF2B9
:10F7B0000001C4F20001884209D0FFE716980068F2
:10F7C0004EF20041C4F20001884219D1FFE71698B9
:10F7D000006880680721C0F2010108401290129869
:10F7E00006280CD0FFE71298B0F5803F07D0FFE75E
:10F7F00016980168086840F001000860FFE706E01D
:10F8000016980168086840F001000860FFE7FFE70C
:10F810009DF84D008DF85F00FFE79DF85F0018B080
:10F8200080BD00000000000080B58AB009900891FA
:10F8300000208DF81F00089806900C2835D80699EE
:10F84000DFE801F007333333123333331D333333FF
:10F85000280009980168C86820F40070C8600998F9
:10F86000406AF5F721FE24E009980168C86820F491
:10F870008060C8600998806AF5F716FE19E009985B
:10F880000168C86820F40060C8600998C06AF5F78C
:10F890000BFE0EE009980168C86820F48050C8602B
:10F8A0000998006BF5F700FE03E001208DF81F00BA
:10F8B000FFE79DF81F00002840F0B980FFE7099896
:10F8C00000680899002208F093FD0998016801205A
:10F8D0000022C4F20102914205902DD0FFE7099861
:10F8E0000168012040F20042C4F2010291420590F9
:10F8F00022D0FFE709980168012044F20002C4F217
:10F9000001029142059017D0FFE709980168012094
:10F9100044F20042C4F20102914205900CD0FFE78C
:10F92000099800684BF60001CBF6FE710844B0FA66
:10F9300080F040090590FFE70598C007D8B1FFE7C0
:10F94000FFE709980068006A41F21111084210D1DE
:10F95000FFE709980068006A40F24441084207D175
:10F96000FFE709980168486C20F400404864FFE70D
:10F97000FFE7FFE7FFE7FFE709980068006A41F249
:10F980001111084210D1FFE709980068006A40F29F
:10F990004441084207D1FFE709980168086820F050
:10F9A00001000860FFE7FFE7FFE7089828B9FFE7D5
:10F9B0000999012081F83E0038E00898042806D112
:10F9C000FFE70999012081F83F0004902CE0089896
:10F9D000082806D1FFE70999012081F8400003902B
:10F9E0001FE008980C2806D1FFE70999012081F84B
:10F9F0004100029012E00898102806D1FFE709990B
:10FA0000012081F84200019005E00999012081F868
:10FA100043000190FFE701980290FFE702980390EE
:10FA2000FFE703980490FFE70498FFE7FFE79DF8DE
:10FA30001F000AB080BD000080B582B0019001981F
:10FA40000068B0F1804F03D1FFE7F9F7E9FEFFE767
:10FA500002B080BD0000000081B0009001B070478E
:10FA600083B00190FFE7019890F88400012804D149
:10FA7000FFE702208DF80B002CE00199012081F8AE
:10FA80008400FFE7FFE701992420C1F8880001986E
:10FA900000680068009001980168086820F0010083
:10FAA0000860009820F000500090019900204866FE
:10FAB000009801990968086001992020C1F8880020
:10FAC000FFE70199002081F88400FFE700208DF80E
:10FAD0000B00FFE79DF80B0003B07047000000002B
:10FAE00080B586B004900391ADF80A200498D0F850
:10FAF0008C00202844D1FFE7039820B1FFE7BDF830
:10FB00000A0020B9FFE701208DF817003CE00499B6
:10FB10000120C86604990020086704980399BDF87D
:10FB20000A200BF01DF88DF809009DF8090010BBA4
:10FB3000FFE70498C06E012818D1FFE70498016818
:10FB400010200862FFE7FFE70498006850E8000F04
:10FB500040F010000190FFE701990498026842E824
:10FB600000100028F0D1FFE7FFE703E001208DF847
:10FB70000900FFE7FFE79DF809008DF8170003E093
:10FB800002208DF81700FFE79DF8170006B080BD32
:10FB900080B584B00390ADF80A10039844F6A43100
:10FBA000C2F20041884206D1FFE7F0F749FF0C207E
:10FBB000F3F7DEFBFFE7039844F63841C2F2004159
:10FBC000884240F0F780FFE70B20F3F7D1FB4FF2BC
:10FBD0006C40C2F20140019046F2CE21C2F20041D7
:10FBE0000091F3F775F9009846F29021C2F20041B6
:10FBF000F3F73AFA019946F2E822C2F200420020F5
:10FC0000106044F63840C2F200401922FFF768FF46
:10FC100044F21000C2F2004000681021C4F2020158
:10FC2000884200F0B280FFE744F21000C2F20040C8
:10FC300000682821C4F20201884200F0A680FFE794
:10FC400044F21000C2F2004000684021C4F20201F8
:10FC5000884200F09A80FFE744F21000C2F20040B0
:10FC600000685821C4F20201884200F08E80FFE74C
:10FC700044F21000C2F2004000687021C4F2020198
:10FC8000884200F08280FFE744F21000C2F2004098
:10FC900000688821C4F20201884276D0FFE744F26E
:10FCA0001000C2F200400068A021C4F202018842A4
:10FCB0006BD0FFE744F21000C2F200400068B821A8
:10FCC000C4F20201884260D0FFE744F21000C2F2A1
:10FCD0000040006840F21041C4F20201884254D052
:10FCE000FFE744F21000C2F20040006840F22841F1
:10FCF000C4F20201884248D0FFE744F21000C2F289
:10FD00000040006840F24041C4F2020188423CD009
:10FD1000FFE744F21000C2F20040006840F2584190
:10FD2000C4F20201884230D0FFE744F21000C2F270
:10FD30000040006840F27041C4F20201884224D0C1
:10FD4000FFE744F21000C2F20040006840F2884130
:10FD5000C4F20201884218D0FFE744F21000C2F258
:10FD60000040006840F2A041C4F2020188420CD079
:10FD7000FFE744F21000C2F20040006840F2B841D0
:10FD8000C4F2020188420AD1FFE744F21000C2F235
:10FD900000400168086820F00800086009E044F2AB
:10FDA0001000C2F200400168086820F004000860FA
:10FDB000FFE7FFE7039844F61031C2F200418842A2
:10FDC0000DD1FFE744F6CC41C2F2004100200860AB
:10FDD00040F64620C2F2004002F022FAFFE704B0EB
:10FDE00080BD00000000000081B0009001B07047AD
:10FDF00080B584B002900191FFE7029890F88400EA
:10FE0000012804D1FFE702208DF80F0032E00299AB
:10FE1000012081F88400FFE7FFE702992420C1F860
:10FE200088000298006800680090029801680868DD
:10FE300020F00100086002980068806820F060608F
:10FE400001990843029909688860029809F0FCFD4D
:10FE5000009802990968086002992020C1F888007A
:10FE6000FFE70299002081F88400FFE700208DF869
:10FE70000F00FFE79DF80F0004B080BD00000000F8
:10FE800080B584B002900191FFE7029890F8840059
:10FE9000012804D1FFE702208DF80F0032E002991B
:10FEA000012081F88400FFE7FFE702992420C1F8D0
:10FEB000880002980068006800900298016808684D
:10FEC00020F00100086002980068806820F060401F
:10FED00001990843029909688860029809F0B4FD05
:10FEE000009802990968086002992020C1F88800EA
:10FEF000FFE70299002081F88400FFE700208DF8D9
:10FF00000F00FFE79DF80F0004B080BD0000000067
:10FF100081B0009001B0704781B0009001B070478F
:10FF200081B0009001B0704780B592B011901198E7
:10FF30000068C06910901198006800680F901198CF
:10FF4000006880680E90109840F60F0108400D90F0
:10FF50000D98E0B9FFE79DF840008006002815D510
:10FF6000FFE79DF83C008006002806D4FFE79DF8D7
:10FF70003B00C006002809D5FFE71198406F20B16B
:10FF8000FFE71198416F8847FFE74AE3FFE70D98C5
:10FF9000002800F00C81FFE70E980121C1F200015A
:10FFA000084209D1FFE70F9840F22011C0F200414A
:10FFB000084200F0FC80FFE79DF84000C00788B1D0
:10FFC000FFE79DF83D00C00760B1FFE711980168A9
:10FFD000012008621199D1F8900040F00100C1F8A9
:10FFE0009000FFE79DF840008007002811D5FFE74B
:10FFF0009DF83800C00760B1FFE711980168022042
:020000040801F1
:1000000008621199D1F8900040F00400C1F8900006
:10001000FFE79DF840004007002811D5FFE79DF855
:100020003800C00760B1FFE711980168042008623A
:100030001199D1F8900040F00200C1F89000FFE75C
:100040009DF840000007002819D5FFE79DF83C0007
:100050008006002807D4FFE70E980121C1F20001B5
:1000600008420CD0FFE71198016808200862119936
:10007000D1F8900040F00800C1F89000FFE79DF82B
:1000800041000007002813D5FFE79DF83F00400717
:1000900000280DD5FFE7119801684FF40060086251
:1000A0001199D1F8900040F02000C1F89000FFE7CE
:1000B0001198D0F89000002878D0FFE79DF8400014
:1000C0008006002815D5FFE79DF83C008006002833
:1000D00006D4FFE79DF83B00C006002809D5FFE7DE
:1000E0001198406F20B1FFE71198416F8847FFE7F3
:1000F000FFE71198D0F890000C9011980068806884
:1001000000F04000402806D0FFE79DF8300010F0D6
:10011000280F42D0FFE7119809F056FF11980068A8
:1001200080684006002833D5FFE7FFE7FFE7119816
:10013000006850E8020F20F040000B90FFE70B9999
:100140001198026842E802100028F0D1FFE7FFE7AB
:100150001198D0F88000B0B1FFE71198D0F8801066
:1001600049F66150C0F6010008651198D0F880008A
:10017000F5F79AF930B1FFE71198D0F88000016DDA
:100180008847FFE703E01198FFF7CAFEFFE703E0A7
:100190001198FFF7C5FEFFE707E01198FFF7C0FED3
:1001A00011990020C1F89000FFE7FFE739E21198AC
:1001B000C06E012840F0D681FFE79DF84000C006E0
:1001C000002840F1CF81FFE79DF83C00C0060028E1
:1001D00040F1C881FFE7119801681020086211986A
:1001E000006880684006002840F15A81FFE71198B6
:1001F000D0F8800000681021C4F20201884200F0AB
:10020000A280FFE71198D0F8800000682821C4F28E
:100210000201884200F09780FFE71198D0F8800033
:1002200000684021C4F20201884200F08C80FFE7A0
:100230001198D0F8800000685821C4F20201884269
:1002400000F08180FFE71198D0F8800000687021ED
:10025000C4F20201884276D0FFE71198D0F88000FE
:1002600000688821C4F2020188426CD0FFE711982F
:10027000D0F880000068A021C4F20201884262D058
:10028000FFE71198D0F880000068B821C4F202019D
:10029000884258D0FFE71198D0F88000006840F2FB
:1002A0001041C4F2020188424DD0FFE71198D0F806
:1002B0008000006840F22841C4F20201884242D026
:1002C000FFE71198D0F88000006840F24041C4F286
:1002D0000201884237D0FFE71198D0F8800000680B
:1002E00040F25841C4F2020188422CD0FFE7119835
:1002F000D0F88000006840F27041C4F202018842E8
:1003000021D0FFE71198D0F88000006840F28841C2
:10031000C4F20201884216D0FFE71198D0F880009D
:10032000006840F2A041C4F2020188420BD0FFE70E
:100330001198D0F88000006840F2B841C4F2020180
:10034000884207D1FFE71198D0F880000068406824
:10035000019006E01198D0F8800000684068019094
:10036000FFE70198ADF82A00BDF82A0000287BD0ED
:10037000FFE7BDF82A001199B1F85C10884273DAE2
:10038000FFE7BDF82A001199A1F85E001198D0F896
:100390008000C069B0F5807F59D0FFE7FFE7FFE735
:1003A0001198006850E8000F20F480700990FFE772
:1003B00009991198026842E800100028F0D1FFE77F
:1003C000FFE7FFE7FFE71198006850E8020F20F011
:1003D00001000890FFE708991198026842E80210AE
:1003E0000028F0D1FFE7FFE7FFE7FFE7119800687B
:1003F00050E8020F20F040000790FFE7079911989E
:10040000026842E802100028F0D1FFE7FFE71199E7
:100410002020C1F88C0011990020C866FFE7FFE793
:100420001198006850E8000F20F010000690FFE7D8
:1004300006991198026842E800100028F0D1FFE701
:10044000FFE71198D0F88000F4F772FBFFE71199ED
:10045000022008671198B0F85C10B0F85E20891A85
:1004600089B2FFF795FB1AE0BDF82A001199B1F89F
:100470005C10884212D1FFE71198D0F88000C06963
:10048000B0F5807F09D1FFE7119902200867119824
:10049000B0F85C10FFF77CFBFFE7FFE7FFE7C0E089
:1004A0001199B1F85C00B1F85E10401AADF8160071
:1004B0001198B0F85E00002853D0FFE7BDF8160091
:1004C00000284ED0FFE7FFE7FFE71198006850E8EB
:1004D000000F20F490700490FFE7049911980268CF
:1004E00042E800100028F0D1FFE7FFE7FFE7FFE751
:1004F0001198006850E8020F4FF6FE71CEF6FF71BA
:1005000008400390FFE703991198026842E802103F
:100510000028EDD1FFE7FFE711992020C1F88C00FA
:1005200011990020C86611994867FFE7FFE7119805
:10053000006850E8000F20F010000290FFE70299D9
:100540001198026842E800100028F0D1FFE7FFE7A9
:100550001199022008671198BDF81610FFF718FBD3
:10056000FFE75EE09DF84200C00600280FD5FFE7D8
:100570009DF83A004006002809D5FFE71198016868
:100580004FF4801008621198FFF7C6FC49E09DF80F
:1005900040000006002815D5FFE79DF83C00000646
:1005A000002806D4FFE79DF83A000006002809D588
:1005B000FFE71198806F20B1FFE71198816F88479E
:1005C000FFE72EE09DF84000400600280AD5FFE72F
:1005D0009DF83C004006002804D5FFE7119809F07B
:1005E00043FD1EE09DF84200000600280AD5FFE703
:1005F0009DF83F004006002804D5FFE71198FFF75B
:1006000087FC0EE09DF84300C00750B1FFE79DF85E
:100610003F000006002804D5FFE71198FFF7E4FB30
:10062000FFE712B080BD000080B582B00090009856
:1006300020B9FFE701208DF8070046E000988069A7
:1006400008B1FFE700E0FFE70098D0F8880040B964
:10065000FFE70099002081F88400009800F03CF842
:10066000FFE700992420C1F8880000980168086815
:1006700020F0010008600098806A20B1FFE7009830
:1006800009F026FAFFE7009809F042FD012804D19D
:10069000FFE701208DF8070017E00098016848681F
:1006A00020F49040486000980168886820F02A0093
:1006B000886000980168086840F0010008600098B0
:1006C00009F0AAFA8DF80700FFE79DF8070002B0CD
:1006D00080BD00000000000080B5CAB04990002035
:1006E0004890479046904590449016A8B821F0F75E
:1006F00026F84998006845F20001C4F200018842DA
:1007000040F0BC80FFE70020179002211691339043
:1007100016A8FAF7BDFE18B1FFE7F2F73DFEFFE7B6
:10072000FFE744F2E840C5F60200016841F4801199
:100730000160006800F4801015901598FFE7FFE74E
:1007400044F2E040C5F60200016841F00401016096
:10075000006800F0040014901498FFE7FFE744F2EB
:10076000E040C5F60200016841F008010160006840
:1007700000F0080013901398FFE74FF48050449066
:1007800002200A90459000200D9046904790082046
:100790000B90489040F60000C5F6020044A90C9169
:1007A000F8F74AFE0A9B0B980C990D9A4FF0040C2F
:1007B000CDF810C1459346924792489040F60040CC
:1007C000C5F60200F8F738FE0D9944F21000C2F2A7
:1007D00000400E904022C4F20202026041224260B8
:1007E0008160C1604FF48062026141618161C161D9
:1007F00001624162F6F790FA18B1FFE7F2F7CCFD1B
:10080000FFE7FFE7499844F21001C2F20041C0F847
:10081000801049988863FFE744F28800C2F20040E4
:1008200009905821C4F20201016042214160402137
:1008300081600021C1604FF4806202614161816189
:10084000C16101624162F6F767FA18B1FFE7F2F79A
:10085000A3FDFFE7FFE7499844F28801C2F2004197
:10086000C16749988863FFE7352008900521002279
:10087000F9F726F90898F9F717F948E14998006857
:1008800041F20001C4F20101884240F09980FFE783
:100890000020179001211691349016A8FAF7F8FD60
:1008A00018B1FFE7F2F778FDFFE7FFE744F2F04009
:1008B000C5F60200016841F010010160006800F017
:1008C000100012901298FFE7FFE744F2E040C5F6EF
:1008D0000200016841F001010160006800F00100C0
:1008E00011901198FFE74FF4C060449002204590AA
:1008F0000020069046904790072048900020C5F6BB
:10090000020044A9F8F798FD069944F20010C2F2DB
:100910000040079040F25842C4F2020202602922CD
:1009200042608160C1604FF4806202614161816117
:10093000C16101624162F6F7EFF918B1FFE7F2F722
:100940002BFDFFE7FFE7499844F20011C2F2004196
:10095000C0F8801049988863FFE744F27810C2F22B
:100960000040059040F27041C4F2020101602A216A
:100970004160402181600021C1604FF480620261CA
:1009800041618161C16101624162F6F7C5F918B147
:10099000FFE7F2F701FDFFE7FFE7499844F278111E
:1009A000C2F20041C16749988863FFE7252004909F
:1009B00005210022F9F784F80498F9F775F8A5E005
:1009C0004998006844F20041C4F20001884240F0B6
:1009D0009C80FFE70020179002211691339016A803
:1009E000FAF756FD18B1FFE7F2F7D6FCFFE7FFE78D
:1009F00044F2E840C5F60200016841F400310160AC
:100A0000006800F4003010901098FFE7FFE744F210
:100A1000E040C5F60200016841F00801016000688D
:100A200000F008000F900F98FFE77020449002201C
:100A3000459000200290469047900720489040F64D
:100A40000040C5F6020044A9F8F7F6FC029944F20A
:100A5000F010C2F20040039040F21042C4F20202D1
:100A600002602B2242608160C1604FF480620261AB
:100A700041618161C1614FF4803202624162F6F7E7
:100A80004BF918B1FFE7F2F787FCFFE7FFE749985A
:100A900044F2F011C2F20041C0F880104998886316
:100AA000FFE744F26820C2F200400190B821C4F28E
:100AB000020101602C214160402181600021C16060
:100AC0004FF48062026141618161C1614FF4803203
:100AD00002624162F6F720F918B1FFE7F2F75CFC19
:100AE000FFE7FFE7499844F26821C2F20041C1677D
:100AF00049988863FFE72620009005210022F8F737
:100B0000DFFF0098F8F7D0FFFFE7FFE7FFE74AB005
:100B100080BD00000000000081B0009001B070476F
:100B200081B0009001B0704780B586B00490039109
:100B3000ADF80A200498D0F88800202870D1FFE78B
:100B4000039820B1FFE7BDF80A0020B9FFE70120B4
:100B50008DF8170068E0039804990865BDF80A004D
:100B60000499A1F85400BDF80A000499A1F85600B0
:100B700004990020C1F8900004992120C1F8880050
:100B80000498C06F88B3FFE70498C16F49F63170CD
:100B9000C0F60100C8630498C16F49F6B170C0F691
:100BA000010008640498C16F49F68150C0F6010045
:100BB000C8640498C16F0020086504980268016D3C
:100BC000C06F2832BDF80A30F6F756FD60B1FFE776
:100BD00004991020C1F8900004992020C1F88800E1
:100BE00001208DF817001FE0FFE7049801684020FE
:100BF0000862FFE7FFE70498006850E8020F40F042
:100C000080000190FFE701990498026842E8021011
:100C10000028F0D1FFE7FFE700208DF8170003E080
:100C200002208DF81700FFE79DF8170006B080BD81
:100C300081B0009001B0704781B0009001B0704762
:100C400080B584B003900399002001900874039B41
:100C5000D3F8F400596846F24462C2F200420092AE
:100C600012889B7B5A43EFF70EFD0099039A506858
:100C70000988927B5143EFF762FD0099039AD2F8FD
:100C800018010988927B51435143EFF758FD0099B1
:100C9000039AD2F80C010988137B927B5943514384
:100CA000EFF74DFD01988DF80B00FFE79DF80B0065
:100CB0000399897B884243DAFFE70398D0F8F40070
:100CC0009DF80B1000EB810090ED000AB5EE400A94
:100CD000F1EE10FA2DD0FFE7039AD2F8F4109DF848
:100CE0000B0051F82000127C41F822009DF80B0007
:100CF000039A516A127C8854DDF80CC0DCF81800A5
:100D00009DF80BE050F82E00DCF80C119CF80C203C
:100D10009CF81030DCF814C01CF80EC012FB03C2A3
:100D200001EB820141F8040C0399087C013008743E
:100D3000FFE7FFE79DF80B0001308DF80B00B5E7EA
:100D400000208DF80A00FFE79DF80A000399097C4E
:100D5000884216DAFFE7039BD869596A9DF80A2092
:100D6000895C50F82100D3F818111B7C12FB032278
:100D700041F82200FFE79DF80A0001308DF80A00D3
:100D8000E2E70399087CA1F878000399087BA1F8B1
:100D90007A000399087BA1F880000399087CA1F8E8
:100DA00082000399087CA1F890000399087CA1F8BF
:100DB00092000399087BA1F898000399087CA1F898
:100DC0009A000399087CA1F8480004B080BD000097
:100DD000FFE7FEE70000000080B586B049F69A10F4
:100DE000C3F6197004904FF07E50039001F010FB91
:100DF000132808DCFFE70020C4F2A00003900120C4
:100E00008DF8170076E001F003FB232829DCFFE7CB
:100E10004FF07E5003909DED030A9FED381A20EEAF
:100E2000010AB2EE041A20EE010A8DED020A01F069
:100E3000E7FA9DED020A01EE100AB8EEC11A80EE43
:100E4000010A9FED301A20EE010ABCEEC00A46F2FC
:100E50004860C2F2004080ED000A01208DF81700C2
:100E600048E001F0D5FA642837DCFFE74FF07C500A
:100E700003909DED030A9FED211A20EE010AB2EEC8
:100E8000041A20EE010A8DED000A01F0C1FA9DED71
:100E9000000AC0F1640001EE100AB8EEC11A20EE9B
:100EA000010A9FED171A80EE010A8DED010A01F08B
:100EB000A7FA9DED010A01EE100AB8EEC11A80EE04
:100EC000010ABCEEC00A46F24860C2F2004080ED62
:100ED000000A01208DF817000CE046F24861C2F2CA
:100EE0000041002008604FF07C50039001208DF8F5
:100EF0001700FFE79DF8170006B080BD00007A4498
:100F000000008C42AE47813F80B58AB004A90291AF
:100F10000146029809910999D1F8EC1009680891E5
:100F20000999D1F8EC10496807910999D1F8EC10AA
:100F3000896806910999D1F8EC10C968059190ED7E
:100F4000041A90ED042A90ED030A90ED033A20EE86
:100F5000030AA1EE020A90ED021A90ED022AA1EE18
:100F6000020A90ED011A90ED012AA1EE020A0FF09B
:100F700047FE029880ED000A00208DF80F00FFE781
:100F80009DF80F00032817DCFFE7029890ED001A88
:100F90000998D0F8EC009DF80F1000EB810090ED5F
:100FA000000A20EE010A80ED000AFFE79DF80F001D
:100FB00001308DF80F00E3E7029991ED030A40F24A
:100FC0000040C2F20040019090ED6F1A20EE010A3D
:100FD000B6EE002A20EE020A099AD2F8002182ED2C
:100FE000040A91ED020A90ED6F1A20EE010A20EE3C
:100FF000020A099AD2F8002182ED050A91ED040A4D
:1010000090ED6F1A20EE010ABEEE001A20EE010AE2
:10101000099AD2F8002182ED0A0A91ED010A90EDB9
:101020006F3A20EE030A20EE020A099AD2F8002154
:1010300082ED0B0A91ED010A90ED6F3A20EE030A62
:1010400020EE010A099AD2F8002182ED100A91EDF2
:10105000040A90ED6F3A20EE030A20EE010A099A85
:10106000D2F8002182ED110A91ED020A90ED6F3A5B
:1010700020EE030A20EE020A099AD2F8002182ED3E
:10108000160A91ED030A90ED6F2A20EE020A20EE77
:10109000010A0999D1F8001181ED170A90ED741A2F
:1010A0000999D1F8F81091ED1C0A80EE010A81ED42
:1010B0001C0A90ED741A0998D0F8F80090ED230AF4
:1010C00080EE010A80ED230A0998D0F8F80090ED2F
:1010D0001C0A9FED151AB4EE410AF1EE10FA09DD73
:1010E000FFE70998D0F8F81044F20000C4F21C6041
:1010F0000867FFE70998D0F8F80090ED230A9FED04
:101100000A1AB4EE410AF1EE10FA0ADDFFE7099877
:10111000D0F8F81044F20000C4F21C60C1F88C0052
:10112000FFE70AB080BD00BF00401C460000000081
:1011300080B58CB08DED0B0ACDED0A0A8DED091A44
:10114000CDED081A8DED072ACDED062A40F20041BB
:10115000C2F200410591012008700B98C1F8B0015E
:101160000A98C1F8B4010998C1F8B8014CF6774063
:10117000C3F22B20C1F8CC01002081F83801C1F85E
:101180004401C1F84001C1F84C01C1F84801079879
:10119000C1F8BC019DED080AB7EE001AB4EE410A91
:1011A000F1EE10FA04DDFFE74FF07E500890FFE704
:1011B000089940F20040C2F200400390C0F8D011FC
:1011C0000430062100220192032301F02DFA039935
:1011D00001F5E07001F5E4730122029211460EF070
:1011E000A7FF019A02990398D0F8ECC04FF07E5304
:1011F000CCF80030D0F8EC305A60D0F8EC309A607F
:10120000D0F8EC30DA6041F27122C0F60102C0F889
:10121000D02040F60972C0F60102C0F8D42041F295
:10122000B922C0F60102C0F8D82041F60912C0F672
:101230000102C0F8DC2080F82E1080F82F10D0F8C2
:10124000040144F22871C0F6020190220492EFF7E3
:101250001AFA0398049AD0F8FC0040F2D001C2F2C6
:101260000041EFF710FA0CB080BD00000000000054
:1012700080B582B001900198D0F8F81040F2D0000B
:10128000C2F200409022EFF7FEF90198D0F81C114D
:1012900040F26030C2F2004048220092EFF7F3F9CA
:1012A000009A0198D0F80C1140F21830C2F20040B8
:1012B000EFF7E9F902B080BD80B586B005900598DA
:1012C000D0F8EC0090ED000A30EE000A8DED040A33
:1012D0000598D0F8EC0090ED010A30EE000A8DED93
:1012E000030A0598D0F8EC0090ED020A30EE000AEF
:1012F0008DED020A0598D0F8EC0090ED030A30EE6F
:10130000000A8DED010A059BD3F80C0146F24461F9
:10131000C2F2004109881A7B9B7B59435143EFF786
:101320000EFA9DED020AB1EE400A0598D0F80C01C4
:1013300080ED000A01980599D1F80C1148609DEDE7
:10134000040AB1EE400A0598D0F80C0180ED020ABB
:1013500003980599D1F80C11C86003980599D1F844
:101360000C11886104980599D1F80C11C861019895
:101370000599D1F80C11086202980599D1F80C1161
:10138000486204980599D1F80C1108639DED030A91
:10139000B1EE400A0598D0F80C0180ED0D0A9DEDE4
:1013A000020AB1EE400A0598D0F80C0180ED0E0A51
:1013B00001980599D1F80C11C86306B080BD0000F2
:1013C00080B590B08DED0F0ACDED0E0A8DED0D1AA2
:1013D000CDED0C1A8DED0B2ACDED0A2A9DED0F0AED
:1013E00040F20040C2F20040059090ED581A30EEF5
:1013F000410A80ED5B0A9DED0E0A90ED591A30EE20
:10140000410A80ED5C0A9DED0D0A90ED5A1A30EE0E
:10141000410A80ED5D0A90ED5B0A90ED6F1AB6EE21
:10142000002A20EE020A20EE010A8DED090A90ED55
:101430005C0A90ED6F1A20EE020A20EE010A8DED93
:10144000080A90ED5D0A90ED6F1A20EE020A20EE78
:10145000010A8DED070AD0F8040144F22871C0F6A4
:1014600002019022EFF70FF905999DED090AB1EEFF
:10147000400AD1F8040180ED010A9DED080AB1EEA1
:10148000400AD1F8040180ED020A9DED070AB1EE91
:10149000400AD1F8040180ED030A0998D1F804212B
:1014A00090610798D1F8042110629DED080AB1EE11
:1014B000400AD1F8040180ED090A0898D1F8042106
:1014C00010639DED070AB1EE400AD1F8040180EDEA
:1014D0000D0A0998D1F80421D0630798D1F80421A6
:1014E00090640898D1F80421D0649DED090AB1EE0A
:1014F000400AD1F8040180ED140AD1F84801D1F86E
:101500004C110843C8B9FFE70C9840F20041C2F201
:101510000041C1F878010B98C1F87C010A98C1F824
:101520008001D1F84821D1F84C01013240F100008E
:10153000C1F84821C1F84C01FFE740F20040C2F277
:101540000040049090ED5E0A90ED641A90ED6F3AC1
:1015500020EE010A33EE012A80EE020A9DED0C1AFC
:1015600021EE031A81EE021A30EE010A80ED5E0AC6
:1015700090ED5F0A90ED641A90ED6F3A20EE010A4B
:1015800033EE012A80EE020A9DED0B1A21EE031ABA
:1015900081EE021A30EE010A80ED5F0A90ED600ADA
:1015A00090ED641A90ED6F3A20EE010A33EE012AB5
:1015B00080EE020A9DED0A1A21EE031A81EE021A4C
:1015C00030EE010A80ED600A90ED5E2A90ED5F0A30
:1015D00090ED601A20EE000AA2EE020AA1EE010AC6
:1015E00012F01EFA049880ED660A90ED661AB7EEC6
:1015F000000A80EE010A8DED060A90ED5E0A9DED6F
:10160000061A20EE010A816881ED000A90ED5F0A5A
:101610009DED061A20EE010A816881ED010A90ED28
:10162000600A9DED061A20EE010A816881ED020A2A
:1016300090ED5B2A90ED5C0A90ED5D1A20EE000AB9
:10164000A2EE020AA1EE010A12F0EAF9049880ED76
:10165000650A90ED650A9FEDA51AB4EE410AF1EE18
:1016600010FA24DAFFE740F20040C2F2004090EDA9
:10167000660A9FED9F1AB4EE410AF1EE10FA16DDEC
:10168000FFE740F20040C2F2004090ED660A9FED95
:10169000991AB4EE410AF1EE10FA08DAFFE740F2C7
:1016A0000041C2F20041012081F8390107E040F217
:1016B0000041C2F20041002081F83901FFE740F209
:1016C0000041C2F20041039191ED6C0A91ED6F1A55
:1016D00020EE010A081DD1F8182182ED000A91EDD3
:1016E0006C0A91ED6F1A20EE010AD1F8182182EDF3
:1016F000070A91ED6C0A91ED6F1A20EE010AD1F8FC
:10170000182182ED0E0A91ED6C0A91ED6F1A20EE10
:10171000010AD1F8182182ED150A91ED6D0A91EDBB
:101720006F1A20EE010AD1F8182182ED1C0A91ED02
:101730006D0A91ED6F1A20EE010AD1F8182182EDA1
:10174000230AD1F81C31D1F8B8211A60D1F81C3124
:10175000D1F8B8211A61D1F81C21D1F8B811116261
:1017600001F0BEFB039841680968C0F85011416858
:101770004968C0F8541141688968C0F85811416837
:10178000C968C0F85C1190ED543A90ED552A90ED7F
:10179000561A90ED570A21EE000AA3EE020AF6EE61
:1017A000000ACDED010AE2EE420AE1EE410A00F53F
:1017B000D0700EF049FB039890ED680A9FED4E1A29
:1017C0008DED021A20EE010A80ED680A90ED540AB0
:1017D00090ED551A90ED563A90ED572A20EE030AF7
:1017E00091EE020AB8EE001A20EE010A11F0D8F9C3
:1017F000DDED010A9DED021A039820EE010A80ED4D
:10180000690A90ED540A90ED553A90ED562A90ED04
:10181000571A20EE010AA3EE020AE2EE420AE1EEB6
:10182000410A00F5D4700EF00FFB9DED021A0398EB
:1018300090ED6A0A20EE010A80ED6A0A41680969A2
:10184000C0F8601141684969C0F864110021C0F80E
:10185000681190ED6A0A90ED761A30EE410A9FED1C
:10186000271AB4EE410AF1EE10FA0ADDFFE740F262
:101870000041C2F20041B1F8D4010138A1F8D4010D
:101880001CE040F20040C2F2004090ED6A0A90ED88
:10189000761A30EE410A9FED1A1AB4EE410AF1EEC3
:1018A00010FA0ADAFFE740F20041C2F20041B1F853
:1018B000D4010130A1F8D401FFE7FFE740F2004175
:1018C000C2F20041B1F9D40100EE100AB8EEC01A1C
:1018D00091ED6A0A9FED0B2AA1EE020A81ED6B0AD7
:1018E000D1F8A801C1F8D80110B080BD9A99993EED
:1018F000CDCC1441CDCC2441E12E654200003443CF
:10190000000034C30000B44380B58CB007A9049133
:101910000B900B9901F1780080310EF035FE0B9998
:1019200081F8C8000B99B1F87800A1F8A8000B99CC
:10193000B1F85A00A1F8AA000B9A02F1780002F15E
:101940005801A8320EF0B8FD0B9981F8C8000B9928
:10195000B1F8A800A1F8B0000B99B1F88200A1F885
:10196000B2000B9A02F1A80002F18001B0320EF031
:10197000A3FD0B9981F8C8000B99B1F89000A1F86C
:10198000A0000B99B1F89200A1F8A2000B9A02F105
:10199000B00002F19001A0320EF0AAFB0B9981F881
:1019A000C8000B9901F1A000B0310EF0C5FB014653
:1019B00004980B9A82F8C8100B99D1F8EC100968BA
:1019C0000A910B99D1F8EC10496809910B99D1F85B
:1019D000EC10896808910B99D1F8EC10C96807914F
:1019E0000B9AB2F87810A2F8B8100B9A0121A2F85D
:1019F000BA1090ED021A90ED002A90ED030A90EDD6
:101A0000013A20EE030A91EE020A30EE000A0B9929
:101A1000D1F82C1181ED000A90ED031A90ED022A05
:101A200090ED010A90ED003A20EE030AA1EE020AC1
:101A300030EE000A0B99D1F82C1181ED010A90EDDE
:101A4000031A90ED032A90ED020A90ED023A20EE7F
:101A5000030A91EE020A90ED011A90ED012AA1EE1F
:101A6000420A90ED001A90ED002AA1EE020A0B98AE
:101A7000D0F82C0180ED020A00208DF81B00FFE752
:101A80009DF81B0002281EDCFFE70B98D0F82C0104
:101A90009DF81B1000EB810090ED000AB0EEC00A2B
:101AA0000EF0DEFA9DF81B1040F20040C2F200403A
:101AB00000EB810080ED610AFFE79DF81B0001301B
:101AC0008DF81B00DCE70B99B1F84800A1F8C000C5
:101AD0000B9901200290A1F8C2000B9A02F1480074
:101AE00002F1B801C0320EF02FFD014602980B9AA8
:101AF00082F8C8100B9AB2F8C010A2F8A8100B997F
:101B0000A1F8AA000B9A02F1B00002F1C001A832BC
:101B10000EF0D2FC014602980B9A82F8C8100B997D
:101B2000A1F8B8000B99B1F8C000A1F8BA000B9960
:101B300001F1C000B8310EF027FD0B9981F8C80003
:101B40000B9901F1B800A83140F20042C2F2004204
:101B5000039202F5E0720EF0AFFC014603980B9A77
:101B600082F8C81090ED720A90ED731AB6EE002A52
:101B700021EE021AB4EE410AF1EE10FA08DAFFE79C
:101B800040F20041C2F20041012081F83801FFE734
:101B900040F20040C2F2004090ED720A90ED731ADC
:101BA000B4EE410AF1EE10FA64DDFFE740F20040C6
:101BB000C2F2004090F8380100285BD0FFE740F205
:101BC0000040C2F2004090F8390180B1FFE740F2D6
:101BD0000041C2F20041D1F84021D1F84401013264
:101BE00040F10000C1F84021C1F8440109E040F291
:101BF0000041C2F200410020C1F84401C1F8400197
:101C0000FFE740F20040C2F20040D0F84011D0F8A7
:101C10004401333970F100000BD3FFE740F200417B
:101C2000C2F20041002081F838010B9981F82C00A4
:101C30001FE00B9BD3F8E800D3F8EC1046F24462A7
:101C4000C2F20042019212881B7B5A43EEF71BFD41
:101C5000019A0B9BD3F8F800D3F8FC1012881B7B79
:101C60005A435A43EEF70FFD0B99012081F82C00DF
:101C700063E142E040F20040C2F2004090ED720A9F
:101C800090ED731A9FEDAE2A21EE021AB4EE410ACE
:101C9000F1EE10FA1BDDFFE740F20040C2F2004017
:101CA00090F8380198B1FFE740F20040C2F20040DE
:101CB00090ED720A90ED731A31EE400A9FEDA12A61
:101CC00021EE021A80EE010A80ED670A08E040F278
:101CD0000041C2F200414FF07E50C1F89C01FFE785
:101CE00040F20041C2F200410020C1F84401C1F8B5
:101CF00040010B9981F82C00FFE70B99B1F85800CF
:101D0000A1F8A8000B99B1F88200A1F8AA000B9ADB
:101D100002F1580002F18001A8320EF0CDFB0B99C0
:101D200081F8C8000B9A02F1A80002F1B0019832C4
:101D30000EF0C2FB0B9981F8C80000208DF81A0044
:101D4000FFE79DF81A000B9AB2F89810B2F89A20A3
:101D5000514388421ADAFFE740F20040C2F20040E5
:101D600090ED671A0B98D0F81C019DF81A1000EB43
:101D7000810090ED000A20EE010A80ED000AFFE7E5
:101D80009DF81A0001308DF81A00DAE704208DF86A
:101D90001900FFE79DF81900052835DCFFE7002052
:101DA0008DF81800FFE79DF81800022825DCFFE7F2
:101DB0009DF8191040F20040C2F2004000EB810093
:101DC00090ED5D0A9FED621A80EE011A0B98D0F833
:101DD0001C0101EB41019DF81820114400EB81002A
:101DE00090ED000A20EE010A80ED000AFFE79DF861
:101DF000180001308DF81800D5E7FFE79DF81900AD
:101E000001308DF81900C5E70B99B1F89800A1F8D9
:101E1000B8000B990120A1F8BA000B9A02F19800C2
:101E200002F1C001B8320EF047FB0B9981F8C800EF
:101E300040F20040C2F2004090F8380100286BD018
:101E4000FFE704208DF81700FFE79DF8170005282D
:101E500061DCFFE70B98D0F8BC009DF8171000EB91
:101E6000810090ED000A40F20040C2F2004090ED87
:101E70006F1A9FED352A21EE021AB4EE410AF1EEF7
:101E800010FA14DDFFE740F20040C2F2004090ED8E
:101E90006F0A9FED2D1A20EE010A0B98D0F8BC00B6
:101EA0009DF8171000EB810080ED000AFFE70B980A
:101EB000D0F8BC009DF8171000EB810090ED000AEF
:101EC00040F20040C2F2004090ED6F1A9FED1F2AD1
:101ED00021EE021AB4EE410AF1EE10FA14DAFFE72D
:101EE00040F20040C2F2004090ED6F0A9FED171AD9
:101EF00020EE010A0B98D0F8BC009DF8171000EBFB
:101F0000810080ED000AFFE7FFE79DF81700013030
:101F10008DF8170099E7FFE70B98D0F8BC10002068
:101F2000C8600B9A02F1380002F1B80130320EF0AD
:101F3000DFF80B9981F8C800FFE70CB080BD00BF47
:101F4000CDCCCC3D6666663F0AD7233C0AD723BC7E
:101F5000DA0FC93F0000000080B5B2EE040A9FED21
:101F60000D1AF7EE001A9FED0C2ADFED0C2AF0EEA9
:101F7000420AFFF7DDF89FED0A0A02F0EDFAFFE7EB
:101F8000EEF7EAFF20B1FFE70A200EF065FFF7E762
:101F900080BD00BF8096184B6F12833A000000008E
:101FA00000007A440000000080B582B000200028C4
:101FB00040F0DE80FFE740F2A832C2F2004202F1B8
:101FC000100002F11C012832EEF7E6FF42F68040D5
:101FD000C2F200400078D0B9FFE742F68041C2F279
:101FE000004108780130087040F2A830C2F2004089
:101FF00090ED070AD0ED080A90ED091ADFED852A69
:10200000F0EE621AB0EE622A02F0D2F8FFE742F276
:102010009550C2F20040007802286DD1FFE743F6E8
:10202000C031C2F200414DF6E010C3F6E220086074
:102030004CF20A00C3F67E30486048F65620C3F6DC
:10204000A330886091ED001A40F2A830C2F200403F
:1020500090ED040A30EE410A80ED040A91ED011A78
:1020600090ED050A30EE410A80ED050A91ED021A65
:1020700090ED060A30EE410A80ED060A90ED060A60
:10208000B0EEC00A9FED641AB4EE410AF1EE10FA08
:1020900007DAFFE740F2A831C2F200410020886170
:1020A000FFE740F2A830C2F20040019090ED043A00
:1020B00090ED051A90ED060A90ED072AF1EE430A1D
:1020C000B1EE411AD0ED091AB1EE422A90ED083A6C
:1020D000F1EE432AFFF774F9F1F73EFC019880ED29
:1020E0000C0AF1F741FC019880ED0B0AF1F774FC42
:1020F000019880ED0D0A3AE042F29550C2F200409C
:102100000078012832D1FFE740F2A831C2F2004145
:1021100091ED041A43F6C030C2F2004090ED000A7F
:1021200030EE010A80ED000A91ED051A90ED010AEA
:1021300030EE010A80ED010A91ED061A90ED020AD7
:1021400030EE010A80ED020A42F63430C2F200405D
:10215000016801310160006838B1FFE742F2955132
:10216000C2F2004102200870FFE7FFE7FFE7FFE748
:1021700040F2E430C2F2004000684CF6CD41CCF6AB
:10218000CC4148434FEA700049F69911C1F69911C4
:10219000884233D8FFE740F2A830C2F2004090ED09
:1021A0000A0A40F26010C2F2004090ED001A30EED0
:1021B000410AB0EEC00AB3EE0E1AB4EE410AF1EED7
:1021C00010FA1ADAFFE742F29550C2F200400078A6
:1021D00098B9FFE740F2E830C2F2004001680131EF
:1021E00001600068022807D3FFE742F29551C2F26E
:1021F000004101200870FFE7FFE7FFE70E20F1F73D
:10220000B7F840F2E431C2F20041086801300860DA
:1022100002B080BD00000000A69B443B000000000F
:1022200080B582B0019001980EF01AFD01980078F7
:10223000A92840F0A080FFE701984078532840F09B
:102240009A80FFE7019815210CF04EFD002800F060
:102250008980FFE701998878C97840EA01206FF307
:10226000DF2044F6E041C2F2004100910880088876
:10227000A0F580600880019AD0781279C00840EA01
:1022800042106FF3DF2048804888A0F580604880C6
:10229000019A107953799279800940EA830040EAE3
:1022A00082206FF3DF2088808888A0F58060888096
:1022B000019A9079D279400840EAC2106FF3DF208A
:1022C000C880C888A0F58060C880019A107A527AC8
:1022D000400840EAC2106FF3DF2008810889A0F5AA
:1022E000806008810198C079C0F30110487301989B
:1022F000C079C0F3801088720198C079C009C87293
:102300000198007A00F0010008730198407AC0F348
:1023100000108873019A907AD27A40EA02200882EB
:10232000019A107B527B40EA02204882019A907BFE
:10233000D27B40EA022088820198007C00F00300F2
:1023400088750198007CC0F38100C8750198007CF5
:10235000C0F301100876019A507C927C40EA02207A
:10236000488307E040F2EC31C2F2004108680130D6
:102370000860FFE7FFE702B080BD0000000000003A
:1023800083B0029001918DF8032000208DF80200A7
:102390008DF80200FFE79DF802009DF803108842C7
:1023A00029DAFFE70298000F092809D8FFE7029809
:1023B000000F303001999DF8022001F8120009E069
:1023C0000299372000EB117001999DF8022001F865
:1023D0001200FFE702980001029001989DF8021098
:1023E00000EB410100204870FFE79DF8020001303A
:1023F0008DF80200CFE703B0704700000000000036
:1024000040F62820C2F20040408A704700000000D9
:1024100040F62821C2F20041888AC98A401A00B2D7
:10242000704700000000000040F2F430C2F20040AB
:10243000007800F00100704780B544F61030C2F219
:1024400000404EF62C51C2F201414FF4C062FDF73C
:1024500047FB44F20010C2F2004000681021C4F2B1
:102460000201884200F0B280FFE744F20010C2F29D
:10247000004000682821C4F20201884200F0A680D2
:10248000FFE744F20010C2F2004000684021C4F2AD
:102490000201884200F09A80FFE744F20010C2F285
:1024A000004000685821C4F20201884200F08E808A
:1024B000FFE744F20010C2F2004000687021C4F24D
:1024C0000201884200F08280FFE744F20010C2F26D
:1024D000004000688821C4F20201884276D0FFE7FC
:1024E00044F20010C2F200400068A021C4F20201D0
:1024F00088426BD0FFE744F20010C2F2004000684F
:10250000B821C4F20201884260D0FFE744F2001013
:10251000C2F20040006840F21041C4F20201884259
:1025200054D0FFE744F20010C2F20040006840F2CD
:102530002841C4F20201884248D0FFE744F200106B
:10254000C2F20040006840F24041C4F202018842F9
:102550003CD0FFE744F20010C2F20040006840F2B5
:102560005841C4F20201884230D0FFE744F2001023
:10257000C2F20040006840F27041C4F20201884299
:1025800024D0FFE744F20010C2F20040006840F29D
:102590008841C4F20201884218D0FFE744F20010DB
:1025A000C2F20040006840F2A041C4F20201884239
:1025B0000CD0FFE744F20010C2F20040006840F285
:1025C000B841C4F2020188420AD1FFE744F2001088
:1025D000C2F200400168086820F00800086009E0C5
:1025E00044F20010C2F200400168086820F00400C4
:1025F0000860FFE780BD000044F6E040C2F2004002
:10260000428B46F29021C2F200410A83827D8A7594
:10261000C27DCA75028A0A82428A4A82808A888278
:10262000704700000000000080B58AB009908DF866
:1026300023108DF822208DF8213046F24461C2F239
:10264000004106910420088046F24261C2F2004136
:10265000082008809DF82300099908739DF822003E
:10266000099948739DF821000999887309990020F8
:1026700008749DF821000FF0BBF909994861099889
:1026800040699DF82110EEF738F8069800889DF80B
:10269000211048430FF0ACF90699099A9061099806
:1026A000806909889DF821205143EEF748F8069883
:1026B00000889DF8211048430FF09AF90699099A6D
:1026C000D0610998C06909889DF821205143EEF72F
:1026D00036F8069800889DF8231048430FF088F9D3
:1026E0000699099A10620998006A09889DF82320C2
:1026F0005143EEF724F89DF821000FF079F909997C
:1027000048620998406A9DF82110EDF7F6FF069897
:1027100000889DF8231048430FF06AF90699099A3A
:1027200010600998006809889DF823205143EEF74E
:1027300006F8069800889DF8211048430FF058F9D4
:102740000699099A50600998406809889DF82120E7
:102750005143EDF7F4FF069800889DF82210484396
:102760000FF046F90699099A9060099880680988DF
:102770009DF822205143EDF7E2FF069800889DF86E
:10278000231048430FF034F90699099AC2F8E8007B
:102790000998D0F8E80009889DF823205143EDF707
:1027A000CEFF099A02F13000117BD2F8E830012205
:1027B00007920DF0BDFC069800889DF82310484351
:1027C0000FF016F90699099AC2F8EC000998D0F8AA
:1027D000EC0009889DF823205143EDF7B0FF079ADC
:1027E000099B03F13800197BD3F8EC300DF0A0FC05
:1027F0009DF8220010B3FFE746F24460C2F20040A9
:10280000059000889DF8221048430FF0F1F80599D3
:10281000099AC2F8F0000998D0F8F00009889DF8EC
:1028200022205143EDF78BFF099A02F14000517BC2
:10283000D2F8F03001220DF07BFCFFE746F2446055
:10284000C2F20040049000889DF8211048430FF028
:10285000CFF80499099AC2F8F4000998D0F8F40066
:1028600009889DF821205143EDF769FF099A02F18B
:102870004800917BD2F8F43001220DF059FC049805
:1028800000889DF82310484348430FF0B1F804999D
:10289000099AC2F8F8000998D0F8F80009889DF85C
:1028A000232051435143EDF74AFF099901F15000AC
:1028B0000A7BD1F8F83011460DF03AFC04980088F4
:1028C0009DF82310484348430FF092F80499099A61
:1028D000C2F8FC000998D0F8FC0009889DF8232074
:1028E00051435143EDF72BFF099901F158000A7B41
:1028F000D1F8FC3011460DF01BFC049800889DF8BF
:102900002310484348430FF073F801460498099A8E
:10291000C2F8001100889DF82310484348430FF087
:1029200067F80499099AC2F804010998D0F80001DF
:1029300009889DF8232051435143EDF700FF049986
:102940000998D0F8040109889DF823205143514388
:10295000EDF7F5FE099901F160000A7BD1F800312D
:1029600011460DF0E5FB099901F168000A7BD1F8E9
:10297000043111460DF0DCFB9DF8220040B3FFE767
:1029800046F24460C2F20040039000889DF8231094
:1029900048439DF8221048430FF02AF80399099AFA
:1029A000C2F808010998D0F8080109889DF8232089
:1029B00051439DF822205143EDF7C1FE099B03F1DD
:1029C0007000197B5A7BD3F808310DF0B1FBFFE79B
:1029D00046F24460C2F20040019000889DF8211048
:1029E00048439DF8231048430FF002F80146019830
:1029F000099AC2F80C1100889DF8231048439DF8ED
:102A0000211048430EF0F4FF0199099AC2F8100111
:102A10000998D0F80C0109889DF8212051439DF8B0
:102A200023205143EDF78BFE01990998D0F810014E
:102A300009889DF8232051439DF821205143EDF74B
:102A40007EFE099B03F178001A7B997BD3F80C3149
:102A50000DF06EFB099B03F18000197B9A7BD3F884
:102A600010310DF065FB019800889DF82310484354
:102A700048430EF0BDFF0199099AC2F81401099864
:102A8000D0F8140109889DF8232051435143EDF7F4
:102A900056FE099901F188000A7BD1F814311146DC
:102AA0000DF046FB019800889DF8211048434843EB
:102AB0000EF09EFF0199099AC2F818010998D0F802
:102AC000180109889DF8212051435143EDF737FE45
:102AD000099901F190008A7BD1F8183111460DF067
:102AE00027FB019800889DF8231048439DF821108A
:102AF00048430EF07DFF0199099AC2F81C0109981C
:102B0000D0F81C0109889DF8232051439DF821200D
:102B10005143EDF714FE099B03F19800197B9A7B52
:102B2000D3F81C310DF004FB019800880999097B4A
:102B3000484348430EF05CFF0199099AC2F820010E
:102B4000099AD2F820010988127B51435143EDF7CD
:102B5000F6FD019800880999097B484348430EF027
:102B600047FF0199099AC2F82401099AD2F8240171
:102B70000988127B51435143EDF7E1FD019800882C
:102B80000999097B484348430EF032FF0199099A9D
:102B9000C2F82801099AD2F828010988127B51430A
:102BA0005143EDF7CCFD019800880999097B484312
:102BB0000EF01EFF0199099AC2F82C01099AD2F869
:102BC0002C010988127B5143EDF7B9FD019800886B
:102BD0000999097B48430EF00BFF0199099AC2F845
:102BE0003001099AD2F82C010988127B5143EDF784
:102BF000A6FD099901F1A0000A7BD1F82031114608
:102C00000DF096FA099901F1A8000A7BD1F8243158
:102C100011460DF08DFA099901F1B0000A7BD1F847
:102C2000283111460DF084FA099A02F1B800117B9F
:102C3000D2F82C31012202920DF07AFA029A099B05
:102C400003F1C000197BD3F830310DF071FA099906
:102C5000002081F82800099981F82900099981F854
:102C60002A00099981F82B00099981F82C000AB0F3
:102C700080BD00000000000080B582B00190019886
:102C8000C07B20B1FFE70198FDF7DAFF16E0019B5A
:102C9000D3F8F400596846F24462C2F2004200924E
:102CA00012889B7B5A43EDF7EEFC0099019A50681D
:102CB0000988927B5143EDF742FDFFE7019BD3F872
:102CC000F000996846F24462C2F2004212885B7BCF
:102CD0005A43EDF7D8FC02B080BD000000000000B0
:102CE00080B582B00190019890F82C00B0BBFFE74E
:102CF0000199B1F89800A1F8A8000199B1F87A00FB
:102D0000A1F8AA000199B1F8A800A1F8B0000199B2
:102D1000B1F85A00A1F8B200019A02F1980002F14C
:102D20007801A8320DF0C8FB019981F8C800019A1A
:102D300002F1A80002F15801B0320DF0BDFB01997B
:102D400081F8C800019A02F1580002F1B001503236
:102D50000DF0FAFB019981F8C800FFE702B080BDD1
:102D600080B582B00190019890F82900A8BBFFE7D8
:102D7000019901F1600068310DF006FC019981F8BC
:102D8000C800019A02F1600002F1500158320DF0C2
:102D900093FB019981F8C8000199B1F85800A1F896
:102DA000A8000199B1F86A00A1F8AA00019A02F1FD
:102DB000580002F16801A8320DF07EFB019981F8FC
:102DC000C800019A02F1A80002F1880158320DF002
:102DD0008FF9019981F8C800FFE702B080BD0000BB
:102DE00080B582B00190019890F82A00002872D135
:102DF000FFE7019901F1780080310DF0C5FB0199E1
:102E000081F8C8000199B1F87800A1F8A8000199EB
:102E1000B1F85A00A1F8AA00019A02F1780002F173
:102E20005801A8320DF048FB019981F8C8000199BA
:102E3000B1F8A800A1F8B0000199B1F88200A1F89A
:102E4000B200019A02F1A80002F18001B0320DF047
:102E500033FB019981F8C8000199B1F89000A1F8FD
:102E6000A0000199B1F89200A1F8A200019A02F124
:102E7000B00002F19001A0320DF03AF9019981F809
:102E8000C800019901F1A000B0310DF055F9019988
:102E900081F8C8000199B1F85800A1F8A80001997B
:102EA000B1F88200A1F8AA00019A02F1580002F1DB
:102EB0008001A8320DF000FB019981F8C800019A49
:102EC00002F1A80002F1B00198320DF0F5FA019973
:102ED00081F8C800FFE702B080BD000000000000DC
:102EE00080B584B003900398FFF7C6FE0398D0F82E
:102EF000CC0028B1FFE70398D0F8CC108847FFE753
:102F0000039800F0B5F80398D0F8D00028B1FFE797
:102F10000398D0F8D0108847FFE70398FFF720FF09
:102F20000398D0F8D40028B1FFE70398D0F8D41064
:102F30008847FFE70398007C20B9FFE70398C07B30
:102F4000F0B9FFE70398FFF74BFF0398D0F8D800DC
:102F500028B1FFE70398D0F8D8108847FFE7039817
:102F600000F0DAF80398D0F8DC0028B1FFE7039806
:102F7000D0F8DC108847FFE70398FFF7B1FE1BE0AD
:102F8000039BD3F8E800D3F8EC1046F24462C2F297
:102F90000042019212881B7B5A43EDF774FB019AA1
:102FA000039BD3F8F800D3F8FC1012881B7B5A431C
:102FB0005A43EDF768FBFFE70398D0F8E00028B12B
:102FC000FFE70398D0F8E0108847FFE700208DF86E
:102FD0000B00FFE79DF80B000399097B88422CDA70
:102FE000FFE70398D0F8F8209DF80B10037B11FB46
:102FF000031302EB830292ED000A006A00EB8100EA
:1030000090ED001AB4EE410AF1EE10FA0EDAFFE785
:10301000039B186A9DF80B2050F82200D3F8F81093
:103020001B7B12FB032241F82200FFE7FFE79DF81C
:103030000B0001308DF80B00CCE7039B1868D3F828
:10304000E81046F24462C2F2004212881B7B5A43E7
:10305000EDF719FB0398D0F8E40028B1FFE70398D7
:10306000D0F8E4108847FFE70398006804B080BDFB
:1030700080B582B00190019890F82800002846D1D0
:10308000FFE70198407B012834DBFFE70199087BCB
:10309000A1F8B800019901200090A1F8BA00019AA6
:1030A00002F1600002F13001B8320DF005FA01467C
:1030B0000098019A82F8C810019A117BA2F8C010FA
:1030C0000199A1F8C200019A02F1700002F14001D9
:1030D000C0320DF0F1F9019981F8C800019A02F1AE
:1030E000B80002F1C00138320DF002F8019981F800
:1030F000C8000BE0019A02F1600002F130013832A1
:103100000DF0DAF9019981F8C800FFE7FFE702B096
:1031100080BD00000000000080B582B001900198E1
:1031200090F82B0000284BD1FFE70199B1F8780007
:10313000A1F8B800019901200090A1F8BA00019A05
:1031400002F1780002F13801B8320DF0B5F901460C
:103150000098019A82F8C810019AB2F84810A2F8B3
:10316000C0100199A1F8C200019A02F1480002F1D1
:10317000B801C0320DF0E8F901460098019A82F8D2
:10318000C810019AB2F89810A2F8B8100199A1F8E5
:10319000BA00019A02F1980002F1C001B8320DF0B4
:1031A0008BF9019981F8C800019A02F1380002F107
:1031B000B80130320CF09CFF019981F8C800FFE79C
:1031C00002B080BD0000000080B586B005908DED96
:1031D000040ACDED030A8DED021ACDED011A8DED35
:1031E000002A059858309DED040ADDED030A9DED97
:1031F000021AB1EE411ADDED011A00F039F8059816
:1032000090ED1D0ADDED020A9DED001A00F020F997
:103210000599C869C1F8900006B080BD00000000A3
:1032200088B007908DED060ACDED050A8DED041AE4
:10323000CDED031A8DED022ACDED012A8DED003A78
:1032400006980799086005980799486004980799B7
:103250008860039807998861029807990862019825
:103260000799C86200980799486308B07047000042
:1032700089B008908DED070ACDED060A8DED051A8F
:10328000CDED041A0899C86808619DED070A9DED07
:10329000061A30EE410A089880ED030A089890ED6E
:1032A0000A3A90ED0B1A9DED052AB7EE000A30EEB2
:1032B000410A20EE030AA1EE020A8DED050A9DEDFA
:1032C000050A089890ED021A20EE010A80ED070A1F
:1032D000089890ED002A90ED031A90ED070AA1EEF0
:1032E000020A80ED070A089890ED012A90ED031A72
:1032F00090ED050AA1EE020A80ED050A089890ED0E
:10330000050A90ED061AB1EE411AB4EE410AF1EE4B
:1033100010FA08DCFFE7089890ED060AB1EE400AC3
:103320008DED030A1BE0089890ED050A90ED061A52
:10333000B4EE410AF1EE10FA06DBFFE7089890EDD3
:10334000060A8DED020A05E0089890ED050A8DED5C
:10335000020AFFE79DED020A8DED030AFFE79DEDEE
:10336000030A089880ED050A089890ED051A90ED7B
:10337000070A30EE010A80ED070A089890ED070A67
:1033800090ED0D1A9DED042AA1EE020A80ED070AC8
:10339000089890ED070A90ED081AB1EE411AB4EEC4
:1033A000410AF1EE10FA08DCFFE7089890ED080AF0
:1033B000B1EE400A8DED010A1BE0089890ED070A76
:1033C00090ED081AB4EE410AF1EE10FA06DBFFE7C1
:1033D000089890ED080A8DED000A05E0089890ED38
:1033E000070A8DED000AFFE79DED000A8DED010A49
:1033F000FFE79DED010A089880ED070A05980899F6
:10340000886209B07047000087B006908DED050A0C
:10341000CDED040A8DED031ACDED021A8DED012AD2
:10342000CDED002A05980699086004980699486031
:103430000398069988600298069988610198069910
:10344000086200980699886207B070470000000083
:1034500089B008908DED070ACDED060A8DED051AAD
:103460000899C86808619DED070A9DED061A30EEBF
:10347000410AB5EE400AF1EE10FA09DBFFE79DEDD7
:10348000070A9DED061A30EE410A8DED040A08E0A8
:103490009DED071A9DED060A30EE410A8DED040AF6
:1034A000FFE79DED040A089890ED091AB4EE410A71
:1034B000F1EE10FA04DAFFE708990020C86009E08D
:1034C0009DED070A9DED061A30EE410A089880ED41
:1034D000030AFFE7089890ED021A90ED030A90EDB9
:1034E000042A30EE420A20EE010A80ED070A08980D
:1034F00090ED002A90ED031A90ED070AA1EE020A62
:1035000080ED070A089890ED012A90ED031A90EDDE
:10351000050AA1EE020A80ED050A089890ED050A59
:1035200090ED061AB1EE411AB4EE410AF1EE10FA2E
:1035300008DCFFE7089890ED060AB1EE400A8DED31
:10354000030A1BE0089890ED050A90ED061AB4EE08
:10355000410AF1EE10FA06DBFFE7089890ED060A43
:103560008DED020A05E0089890ED050A8DED020A3E
:10357000FFE79DED020A8DED030AFFE79DED030ACB
:10358000089880ED050A089890ED051A90ED070A55
:1035900030EE010A80ED070A089890ED070A90EDD9
:1035A0000A1A9DED052AA1EE020A80ED070A089885
:1035B00090ED070A90ED081AB1EE411AB4EE410AF7
:1035C000F1EE10FA08DCFFE7089890ED080AB1EE7A
:1035D000400A8DED010A1BE0089890ED070A90ED76
:1035E000081AB4EE410AF1EE10FA06DBFFE708987C
:1035F00090ED080A8DED000A05E0089890ED070AA5
:103600008DED000AFFE79DED000A8DED010AFFE751
:103610009DED010A089880ED070A09B07047000087
:1036200080B586B000200190059004900390029030
:10363000F6F7F2F9019801218DF808108DF80900CC
:1036400003901F228DF8102087228DF811208DF80D
:1036500012008DF813008DF814108DF815108DF8E8
:1036600016008DF8170002A8F6F796F90420F6F771
:10367000E7F906B080BD000080B58EB0FFE744F2E8
:10368000D840C5F60200016841F001010160006800
:1036900000F001000D900D98FFE7FFE744F2D840DD
:1036A000C5F60200016841F002010160006800F007
:1036B00002000C900C98FFE70B2001900521099166
:1036C00000220A92F6F7FCF90198F6F7EDF909994C
:1036D0000A9A0C200290F6F7F3F90298F6F7E4F94B
:1036E00009990A9A0D200390F6F7EAF90398F6F77C
:1036F000DBF909990A9A0E200490F6F7E1F904988B
:10370000F6F7D2F909990A9A0F200590F6F7D8F939
:103710000598F6F7C9F909990A9A2F200690F6F745
:10372000CFF90698F6F7C0F909990A9A3820079058
:10373000F6F7C6F90798F6F7B7F909990A9A3B2000
:103740000890F6F7BDF90898F6F7AEF909990A9AC4
:103750003C200B90F6F7B4F90B98F6F7A5F90EB0EC
:1037600080BD00000000000080B582B044F2E0207F
:10377000C2F2004001904AF20001C4F2000101606F
:1037800000228260C260027442748274032141612B
:10379000142181611D21C1610A210162012141625F
:1037A0004FF0020CC0F828C00D21C162C0F830C033
:1037B000426304218163C163082303644164836419
:1037C000C164C0F850C041658365C36520230366AA
:1037D00042668166F5F7F4F918B1FFE7EFF7DCFD13
:1037E000FFE702B080BD000080B582B044F28030B7
:1037F000C2F2004001904AF20041C4F200010160AF
:1038000000228260C2600274427482744FF0030C22
:10381000C0F814C0142181611D21C1610A21016217
:1038200001214162022383620D23C362016340F2DE
:103830000641416304218163C16308230364416439
:103840008364C164C0F850C041658365C365036685
:1038500042668166F5F7B4F918B1FFE7EFF79CFD12
:10386000FFE702B080BD000080B582B044F2204086
:10387000C2F2004000904DF20041C4F2000101602C
:10388000002201928260C2600274427482744FF01E
:10389000030CC0F814C00A2181611D23C3610162B9
:1038A000C0F824C08162C362016340F61201416323
:1038B00001218163C2630421016441648264C164A3
:1038C000026541658265C265016642668166F5F7FB
:1038D00077F918B1FFE7EFF75FFDFFE702B080BDB2
:1038E000B0B5EAB044F2E450C0F6020001684268A4
:1038F0008368D0F80CC0D0F810E044696894CDF823
:103900009CE1CDF898C16593649263918069699058
:1039100063A8002100910DF0BBFA009942F63C32F9
:10392000C2F20042106044F2E840C0F602000268B1
:103930004368D0F808C0D0F80CE004694569619587
:103940006094CDF87CE1CDF878C15D935C9280699C
:1039500062905CA80DF09CFA009940F21432C2F219
:103960000042106044F22050C0F602000268436832
:10397000D0F808C0D0F80CE0046945695A9559940C
:10398000CDF860E1CDF85CC15693559280695B90AB
:1039900055A80DF07DFA009940F2F832C2F20042CB
:1039A000106044F25C40C0F6020002684368D0F840
:1039B00008C0D0F80CE00469456953955294CDF8DD
:1039C00044E1CDF840C14F934E92806954904EA887
:1039D0000DF05EFA009940F2E822C2F20042106057
:1039E00044F23C50C0F6020002684368D0F808C0B8
:1039F000D0F80CE0046945694C954B94CDF828E16A
:103A0000CDF824C14893479280694D9047A80DF0A6
:103A10003FFA009940F2FC32C2F20042106044F2D8
:103A2000B040C0F6020002684368D0F808C0D0F881
:103A30000CE00469456945954494CDF80CE1CDF856
:103A400008C1419340928069469040A80DF020FA49
:103A5000009940F20432C2F20042106044F2585021
:103A6000C0F6020002684368D0F808C0D0F80CE045
:103A7000046945693E953D94CDF8F0E0CDF8ECC081
:103A80003A93399280693F9039A80DF001FA009974
:103A900040F2E452C2F20042106044F2AC50C0F670
:103AA000020002684368D0F808C0D0F80CE004694E
:103AB000456937953694CDF8D4E0CDF8D0C033932E
:103AC00032928069389032A80DF0E2F9009940F204
:103AD000F452C2F20042106044F20450C0F60200F8
:103AE00002684368D0F808C0D0F80CE00469456962
:103AF00030952F94CDF8B8E0CDF8B4C02C932B922C
:103B0000806931902BA80DF0C3F9009940F2F03292
:103B1000C2F20042106044F29440C0F60200026813
:103B20004368D0F808C0D0F80CE0046945692995CD
:103B30002894CDF89CE0CDF898C025932492806914
:103B40002A9024A80DF0A4F9009940F20032C2F2A4
:103B50000042106044F27450C0F6020002684368EC
:103B6000D0F808C0D0F80CE004694569229521948A
:103B7000CDF880E0CDF87CC01E931D928069239023
:103B80001DA80DF085F9009940F2E852C2F20042FA
:103B9000106044F29050C0F6020002684368D0F80A
:103BA00008C0D0F80CE0046945691B951A94CDF85B
:103BB00064E0CDF860C01793169280691C9016A837
:103BC0000DF066F9009940F2F052C2F20042106026
:103BD00044F27840C0F6020002684368D0F808C09A
:103BE000D0F80CE00469456914951394CDF848E0C9
:103BF000CDF844C010930F92806915900FA80DF076
:103C000047F9009940F2FC22C2F20042106044F2EF
:103C1000CC40C0F6020002684368D0F808C0D0F873
:103C20000CE0046945690D950C94CDF82CE0CDF8B5
:103C300028C00993089280690E9008A80DF028F911
:103C4000009940F20C32C2F20042106044F2C850B7
:103C5000C0F6020002684368D0F808C0D0F80CE053
:103C60000469456906950594CDF810E0CDF80CC0BF
:103C7000029301928069079001A80DF009F941F6BD
:103C80001031C2F2004108606AB0B0BD000000000F
:103C900080B58EB000200D900C900B900A9009908A
:103CA000FFE744F2E040C5F60200016841F0800100
:103CB0000160006800F0800008900898FFE7FFE7C7
:103CC00044F2E040C5F60200016841F004010160E1
:103CD000006800F0040007900798FFE7FFE744F250
:103CE000E040C5F60200016841F001010160006892
:103CF00000F0010006900698FFE7FFE744F2E0407D
:103D0000C5F60200016841F002010160006800F0A0
:103D1000020005900598FFE7FFE744F2E040C5F692
:103D20000200016841F008010160006800F008002D
:103D300004900498FFE740F60000C5F602000290E8
:103D40000921009101220192F5F74AFD009A01999B
:103D5000029809920A91002103910B9103210C9181
:103D600009A9F5F769FB03994FF00060FAF7E8FC41
:103D70000EB080BD0000000080B582B044F6A410F3
:103D8000C2F20040009043F60001C4F2000101605D
:103D90004FF4800141600021019181600722C260DF
:103DA0004FF0007202614FF0807242614FF080620A
:103DB00082614FF08042C261016241628162C162F0
:103DC00042638163C163016441648164C1640165CC
:103DD00041658165F9F7FCFE18B1FFE7EFF7DCFA02
:103DE000FFE702B080BD000080B58CB000210191DA
:103DF0000B910A91099108910791069105910491FF
:103E00000391029144F62C20C2F2004041F60002D8
:103E1000C4F200020260EF224260816040F2E732A9
:103E2000C26001618161FBF7EFF918B1FFE7EFF7BD
:103E3000B3FAFFE7002009900B9044F62C20C2F261
:103E4000004009A9FAF798FC18B1FFE7EFF7A4FAC8
:103E5000FFE760200290002003900490069044F653
:103E60002C20C2F2004002A90422FBF7F5F818B199
:103E7000FFE7EFF791FAFFE744F62C20C2F200408B
:103E8000FBF786F80CB080BD80B590B000210191A1
:103E90000F910E910D910C910B910A91099108913E
:103EA00007910691059104910391029144F6C42073
:103EB000C2F2004040F20042C4F20002026002225C
:103EC000426081606322C26001618161FAF714FD82
:103ED00018B1FFE7EFF760FAFFE74FF480500C905E
:103EE00044F6C420C2F200400CA9FAF739FE18B11A
:103EF000FFE7EFF751FAFFE744F6C420C2F20040B3
:103F0000FBF782F918B1FFE7EFF746FAFFE7002069
:103F100009900B9044F6C420C2F2004009A9FAF7B8
:103F20002BFC18B1FFE7EFF737FAFFE760200290AC
:103F3000002003900490069044F6C420C2F2004092
:103F400002A90422FBF788F818B1FFE7EFF724FA7B
:103F5000FFE744F6C420C2F20040FBF719F810B0A6
:103F600080BD00000000000080B582B044F63840FB
:103F7000C2F20040019045F20001C4F2000101606C
:103F800048F2A061C0F2010141604FF480518160AC
:103F90000021C1604FF4806202610C2242618161A4
:103FA000C161016241628162FCF73EFB18B1FFE72B
:103FB000EFF7F2F9FFE744F63840C2F20040002183
:103FC000FBF75EFF18B1FFE7EFF7E6F9FFE744F60E
:103FD0003840C2F200400021FBF70AFF18B1FFE7AA
:103FE000EFF7DAF9FFE744F63840C2F20040FBF79A
:103FF00037FD18B1FFE7EFF7CFF9FFE702B080BD5B
:1040000080B582B044F61030C2F20040009041F218
:104010000001C4F2010101604FF4612141600021FF
:1040200001918160C16001610C2242618161C161C5
:10403000016241628162FCF7F7FA18B1FFE7EFF71E
:10404000ABF9FFE744F61030C2F200400021FBF765
:1040500017FF18B1FFE7EFF79FF9FFE744F61030BD
:10406000C2F200400021FBF7C3FE18B1FFE7EFF7F3
:1040700093F9FFE744F61030C2F20040FBF7F0FC82
:1040800018B1FFE7EFF788F9FFE702B080BD000045
:1040900080B582B044F6A430C2F20040009044F2F1
:1040A0000041C4F20001016048F28041C0F21E01EB
:1040B00041604FF48051816000230193C3604FF44D
:1040C000806101610C2141618361C36103624362CC
:1040D000836219461A46F9F747FB18B1FFE7EFF775
:1040E0005BF9FFE744F6A430C2F200400021FBF781
:1040F000C7FE18B1FFE7EFF74FF9FFE744F6A4302A
:10410000C2F200400021FBF773FE18B1FFE7EFF7A2
:1041100043F9FFE744F6A430C2F20040FBF7A0FCED
:1041200018B1FFE7EFF738F9FFE702B080BD0000F4
:1041300080B543F6CC30C2F2004040F2B001C2F28A
:104140000041012208F080F918B1FFE7EFF724F9E8
:10415000FFE743F6CC30C2F2004040F27011C2F2E9
:10416000004108F09DFE18B1FFE7EFF715F9FFE7F2
:1041700043F6CC30C2F2004040F20C21C2F20041C2
:1041800007F04EFB18B1FFE7EFF706F9FFE743F63C
:10419000CC30C2F2004009F013F818B1FFE7EFF796
:1041A000FBF8FFE7F6F7BCFE80BD00000000000052
:1041B00080B59CB08DED1B0ACDED1A0A8DED191A54
:1041C000CDED181A8DED172ACDED162A9DED1B1A8F
:1041D0009DED1A0A20EE000AA1EE010A9DED191AC2
:1041E000A1EE010A0CF024FD8DED150A9DED151AC6
:1041F0009DED1B0A20EE010A8DED1B0A9DED151A9F
:104200009DED1A0A20EE010A8DED1A0A9DED151A90
:104210009DED190A20EE010A8DED190A9DED180A8F
:10422000B5EE400AF1EE10FA39D0FFE79DED170A1E
:10423000B5EE400AF1EE10FA31D0FFE79DED160A17
:10424000B5EE400AF1EE10FA29D0FFE79DED181AFD
:104250009DED170A20EE000AA1EE010A9DED161A47
:10426000A1EE010A0CF0E4FC8DED150A9DED151A86
:104270009DED180A20EE010A8DED180A9DED151A24
:104280009DED170A20EE010A8DED170A9DED151A16
:104290009DED160A20EE010A8DED160AFFE79DED51
:1042A0001B0AB1EE400ADDED190A0EF00FFD8DED8F
:1042B000130A9DED1A0ADDED190A0EF007FD8DEDCA
:1042C000120A9DED120A0FF0E3FA8DED0B0A9DED37
:1042D000120A0EF0A9FE8DED0A0A9DED130A0EF0EA
:1042E000A3FE8DED080A9DED130A0FF0D1FA8DEDB6
:1042F000090A9DED180AB5EE400AF1EE10FA43D016
:10430000FFE79DED170AB5EE400AF1EE10FA3BD03B
:10431000FFE79DED160AB5EE400AF1EE10FA33D034
:10432000FFE79DED181A9DED083A9DED170A9DEDEA
:10433000092A20EE020A9DED0B4A20EE040AA1EEA6
:10434000030A9DED161A21EE021A9DED0A2AA1EE2E
:10435000020A8DED070A9DED171A9DED0A2A9DEDC3
:10436000160A9DED0B3A20EE030A91EE020A8DED3E
:10437000060A9DED060AB1EE400ADDED070A0EF0D1
:10438000A5FC8DED140A02E000201490FFE79DEDDE
:10439000120AB6EE001A8DED011A20EE010A0EF097
:1043A00043FE9DED011A8DED110A9DED130A20EEDD
:1043B000010A0EF039FE9DED011A8DED100A9DEDFA
:1043C000140A20EE010A0EF02FFE9DED011A8DED6C
:1043D0000F0A9DED120A20EE010A0FF059FA9DED29
:1043E000011A8DED0E0A9DED130A20EE010A0FF061
:1043F0004FFA9DED011A8DED0D0A9DED140A20EE88
:10440000010A0FF045FA8DED0C0A9DED110A9DEDA4
:10441000101A20EE011A9DED0F2A9DED0E0A9DED5A
:104420000D3A20EE030A9DED0C3A20EE030AA1EEB0
:10443000020A46F28023C2F20043029383ED000A8F
:104440009DED0E0A9DED101A20EE011A9DED0F2A2A
:104450009DED110A9DED0D3A20EE030A9DED0C3AFB
:1044600020EE030A91EE020A46F28422C2F20042D2
:10447000039282ED000A9DED110A9DED0D1A20EECA
:10448000011A9DED0F2A9DED0E0A9DED103A20EECA
:10449000030A9DED0C3A20EE030AA1EE020A46F251
:1044A0008821C2F20041049181ED000A9DED110ABC
:1044B0009DED101A20EE011A9DED0C2A9DED0E0ABD
:1044C0009DED0D3A20EE030A9DED0F3A20EE030A12
:1044D00091EE020A46F28C20C2F20040059080ED77
:1044E000000A93ED001A92ED000A20EE000AA1EEF8
:1044F000010A91ED001AA1EE010A90ED001AA1EE59
:10450000010A00F06DF8029B039A049905988DED5D
:10451000150A9DED151A93ED000A20EE010A83EDB0
:10452000000A9DED151A92ED000A20EE010A82EDB7
:10453000000A9DED151A91ED000A20EE010A81EDA9
:10454000000A9DED151A90ED000A20EE010A80ED9B
:10455000000A1CB080BD000081B08DED000A46F25B
:104560008061C2F200410020086046F28022C2F25F
:1045700000424FF07E51116046F28421C2F20041A8
:10458000086046F28821C2F20041086046F28C21A0
:10459000C2F20041086044F6D041C2F20041086016
:1045A00044F6D441C2F20041086044F6D841C2F258
:1045B0000041086042F29451C2F2004108709DED42
:1045C000001AB7EE000A80EE010A44F6DC40C2F29F
:1045D000004080ED000A01B07047000000000000BC
:1045E00084B08DED030A9DED030AB6EE001A20EEAD
:1045F000010A8DED020A039801900198009000993C
:1046000045F6DF10C5F63770A0EB6100009000980A
:1046100001909DED010A9DED021A21EE003AB7EEE0
:10462000081AB0EE412AA3EE402A20EE020A8DEDD0
:10463000010A9DED010A9DED022A22EE002AA2EE5A
:10464000401A20EE010A8DED010A9DED010A04B029
:104650007047000000000000FFE7FEE700000000D8
:1046600082B00190002000900199B1F90000B1F9E9
:104670000810401A10F57A6F0BDAFFE70199B1F9CB
:104680000000B1F90810401A41F6FF71084400908B
:104690001DE00199B1F90000B1F90810401AB0F518
:1046A0007A6F0BDDFFE70199B1F90000B1F908104D
:1046B000401A41F6FF71401A009007E00199B1F9E4
:1046C0000000B1F90810401A0090FFE7FFE7009AD8
:1046D000019908691044086101990888088102B0AD
:1046E000704700000000000080B582B001908DF896
:1046F00003108DF802209DF8020038B9FFE70198F9
:104700009DF8031000220CF01BFA0CE09DF802004B
:10471000012807D0FFE701989DF8031000220CF054
:10472000D7F8FFE7FFE702B080BD000000000000FF
:1047300081B00090009900200861009A11881181D1
:104740000099C86001B07047FFE7FEE70000000075
:1047500088B0079006910592079800F00700049032
:104760000498C0F10700052803D3FFE70420019057
:1047700004E00498C0F107000190FFE7019803905E
:1047800004980430062803D8FFE70020009003E0D7
:10479000049803380090FFE7009802900698039968
:1047A000012202FA01F101390840029B9840059963
:1047B0009A40013A1140084308B0704700000000D9
:1047C00080B582B00190FFE714200CF045FBFBE7B9
:1047D00080B582B00190FFE7ECF7A2F901200CF060
:1047E0003BFBF9E70000000080B582B0019040F289
:1047F000DC500CF031FBEDF7EFF8FFE704F094FB31
:1048000002200CF029FBF9E780B582B001904FF44B
:104810007A700CF021FBFFE704F0FEFC0A200CF09C
:104820001BFBF9E70000000080B58AB0099040F258
:104830000430C2F2004000680CF0A6FB44F2E02015
:10484000C2F200400168886920F00100886144F2EA
:104850008030C2F2004007900121002208920CF043
:104860005FF80798089A02210CF05AF80798089AFE
:1048700003210CF055F80798089B69464B600B60C4
:1048800040F2FF111A460AF0EBF9FFE768460023F1
:1048900005934360036044F28030C2F2004004900C
:1048A00040F2FF111A460AF0DBF90498059A01213B
:1048B00006910CF035F80498059A02210CF030F8B6
:1048C0000498059A03210CF02BF80698F3F758FA90
:1048D00040F20830C2F200400078012809D0FFE71A
:1048E00040F2ED51C2F2004101200870ECF718F9D6
:1048F000FFE746F29020C2F20040807A02280AD0F8
:10490000FFE746F29020C2F20040807A18B1FFE73C
:10491000F5F7F6F8FFE732210023029318461A460E
:104920000AF076FC4B200390F3F72AFA029B184614
:1049300019461A460AF06CFC0398F3F721FAA5E72A
:1049400080B582B001904FF496600CF085FAEFF7D5
:10495000C3F8FFE704F0F8FC01200CF07DFAF9E75A
:1049600080B582B00190FDF7F7FAFFE7FDF71CFB79
:1049700001200CF071FAF9E780B582B00190FFE7F1
:1049800001200CF069FAFBE780B584B003900AF0CF
:104990002FFCFFE7322200230193184619460AF044
:1049A00037FC4FF4FA7002900CF056FA019B18464F
:1049B00019461A460AF02CFC02980CF04DFAE9E769
:1049C00080B584B003904FF47A700CF045FA44F24D
:1049D0008030C2F2004001900121002202920CF0CE
:1049E000AFF80198029A02210CF0AAF80198029AF5
:1049F00003210CF0A5F8FFE704F0E6F904F0E8FB6A
:104A000001200CF029FAF7E780B58AB00990FFE79A
:104A100046F2E820C2F2004001680131016044F62C
:104A2000CC42C2F200421168013111600068642872
:104A3000C0F23D81FFE744F63840C2F200404FF239
:104A40006C41C2F201411922FBF74AF844F210000E
:104A5000C2F2004000681021C4F20201884200F056
:104A6000B280FFE744F21000C2F200400068282143
:104A7000C4F20201884200F0A680FFE744F2100071
:104A8000C2F2004000684021C4F20201884200F0F6
:104A90009A80FFE744F21000C2F2004000685821FB
:104AA000C4F20201884200F08E80FFE744F2100059
:104AB000C2F2004000687021C4F20201884200F096
:104AC0008280FFE744F21000C2F2004000688821B3
:104AD000C4F20201884276D0FFE744F21000C2F22D
:104AE00000400068A021C4F2020188426BD0FFE7B9
:104AF00044F21000C2F200400068B821C4F2020182
:104B0000884260D0FFE744F21000C2F20040006823
:104B100040F21041C4F20201884254D0FFE744F24F
:104B20001000C2F20040006840F22841C4F20201C5
:104B3000884248D0FFE744F21000C2F2004000680B
:104B400040F24041C4F2020188423CD0FFE744F207
:104B50001000C2F20040006840F25841C4F2020165
:104B6000884230D0FFE744F21000C2F200400068F3
:104B700040F27041C4F20201884224D0FFE744F2BF
:104B80001000C2F20040006840F28841C4F2020105
:104B9000884218D0FFE744F21000C2F200400068DB
:104BA00040F2A041C4F2020188420CD0FFE744F277
:104BB0001000C2F20040006840F2B841C4F20201A5
:104BC00088420AD1FFE744F21000C2F200400168B7
:104BD000086820F00800086009E044F21000C2F202
:104BE00000400168086820F004000860FFE7FDF756
:104BF00003FD46F2E820C2F200400068962855DB2B
:104C0000FFE744F6CC40C2F200400068C8284DDB04
:104C1000FFE744F28030C2F2004005900121089184
:104C2000002207920BF07CFE0A200490F3F7A8F80C
:104C3000079B68464360036044F2E020C2F20040F4
:104C4000039040F2FF1106911A460AF009F8049801
:104C5000F3F796F80398079B69464B600B604FF497
:104C600000711A4609F0FCFF0498F3F789F80598DB
:104C70000699079B6A46536013601A4609F0F0FFD5
:104C8000089840F2ED51C2F200410870EBF748FF7E
:104C900046F29021C2F200410220887240F20430B4
:104CA000C2F2004000680CF04BF9FFE7FFE704F0A8
:104CB00053FC0F200CF0D0F8AAE600000000000022
:104CC00080B584B00390642002900CF0C5F802F027
:104CD0004FFE46F2F020C2F200400190483000F052
:104CE000E3FA0198703000F0DFFA02980CF0B4F8A3
:104CF000FFE704F0A9FC0A200CF0AEF8F9E7000089
:104D000080B582B0019040F2DC500CF0A5F8FFE7CE
:104D10004FF47A700CF0A0F8FAE7000000000000F1
:104D200080B582B0019040F24820C2F20040C068D5
:104D30008047FFE740F24820C2F200408069804788
:104D400001200CF089F8F5E780B544F2C040C2F2CA
:104D50000040F5F7EDF980BD80B586B0059004916F
:104D6000059800680390039802900398006C0190E6
:104D70000298049900EB4110D0F8080B00900198BC
:104D800043F20B01C4F6547188420FD3FFE79DF83C
:104D900001000006002809D5FFE70298049900EBFE
:104DA00041114FF40040C1F8080BFFE70598F5F7F3
:104DB000F7FF019843F20B01C4F6547188420DD3FA
:104DC000FFE705988079012808D1FFE70599086871
:104DD00001F29C42012109F01FF8FFE7002006B014
:104DE00080BD00000000000080B588B007900691EB
:104DF000079800680490049803900498006C02904F
:104E00000398069900EB4110D0F8080B0190079821
:104E10008079012840F08180FFE79DF804000007B9
:104E2000002818D5FFE7029843F20B01C4F654712D
:104E300088420FD3FFE79DF805000006002809D53A
:104E4000FFE70398069900EB41114FF40040C1F8C9
:104E5000080BFFE760E09DF804008006002808D5F5
:104E6000FFE70398069900EB41112020C1F8080BD9
:104E700051E09DF8040010F0280F4AD1FFE7029896
:104E800043F20B01C4F6547188420FD3FFE79DF83B
:104E900005000006002809D5FFE70398069900EBF6
:104EA00041114FF40040C1F8080B31E00798069912
:104EB00001EBC10100EB810000F51570059005982C
:104EC000006A0399069A01EB4211D1F8101B6FF3A7
:104ED000DF41401A05994861069898B9FFE705989F
:104EE000006940B9FFE70799086801F29C42012177
:104EF00008F092FF05E00599C8684A691044C86047
:104F0000FFE7FFE707989DF81810F4F79DFEFFE70D
:104F100000E0FFE7FFE7FFE747E0029843F20A11EE
:104F2000C4F65471884224D1FFE79DF805000006BD
:104F3000002809D5FFE70398069900EB41114FF4CB
:104F40000040C1F8080B13E09DF80400800600281B
:104F500008D5FFE70398069900EB41112020C1F81E
:104F6000080BFFE707989DF81810F4F76DFEFFE7B0
:104F70001AE0069890B9FFE70798069901EBC1017E
:104F800000EB8100D0F8640240B9FFE70799086898
:104F900001F29C42002108F03FFFFFE707989DF8CF
:104FA0001810F4F751FEFFE7FFE7002008B080BDBE
:104FB00080B58CB00A9009910A980068089008980A
:104FC00007900A98099901EBC10100EB81001430A8
:104FD0000690069801694069884204D9FFE70120DC
:104FE0008DF82F0079E0069908694969401A059003
:104FF000059806998968884204D9FFE70698806871
:105000000590FFE70598033080080490FFE70798B4
:10501000099900EB4110D0F8180981B2049A0020D8
:10502000914202900FD3FFE7069802694169002080
:105030009142029007D2FFE706980069002818BF46
:1050400001200290FFE70298C00770B3FFE70699BE
:1050500008694969401A0590059806998968884247
:1050600004D9FFE7069880680590FFE705980330AC
:105070008008049008980699C9689DF82420BDF816
:105080001430DDF828C09CF806C0EE46CEF800C00B
:1050900009F04EFD059A0699C8681044C860059A43
:1050A0000699486910444861B1E706990869496959
:1050B00088420ED8FFE7099800F00F0101208840D0
:1050C0000390039A0799D1F834089043C1F8340843
:1050D000FFE700208DF82F00FFE79DF82F000CB0B0
:1050E00080BD00000000000088B007908DED060A2A
:1050F000CDED050A8DED041A07990869C8609DED8C
:10510000060A9DED051A30EE410A079880ED040A63
:10511000079890ED083A90ED091A9DED042AB7EE34
:10512000000A30EE410A20EE030AA1EE020A8DEDDC
:10513000040A9DED040A079890ED021A20EE010A78
:1051400080ED050A079890ED002A90ED041A90ED85
:10515000050AA1EE020A80ED050A079890ED012AE2
:1051600090ED041A90ED060AA1EE020A80ED060AFF
:10517000079890ED060A90ED0B1AB1EE411AB4EEC5
:10518000410AF1EE10FA08DCFFE7079890ED0B0AF0
:10519000B1EE400A8DED030A1BE0079890ED060A78
:1051A00090ED0B1AB4EE410AF1EE10FA06DBFFE7C0
:1051B000079890ED0B0A8DED020A05E0079890ED37
:1051C000060A8DED020AFFE79DED020A8DED030A46
:1051D000FFE79DED030A079880ED060A079890ED1A
:1051E000050A90ED061A30EE010A80ED050A0798CF
:1051F00090ED050A90ED0A1AB1EE411AB4EE410A9B
:10520000F1EE10FA08DCFFE7079890ED0A0AB1EE1C
:10521000400A8DED010A1BE0079890ED050A90ED1C
:105220000A1AB4EE410AF1EE10FA06DBFFE707981E
:1052300090ED0A0A8DED000A05E0079890ED050A49
:105240008DED000AFFE79DED000A8DED010AFFE7F5
:105250009DED010A079880ED050A049807990862F8
:1052600008B070470000000080B584B003908DED59
:10527000020ACDED010A8DED001A039828309DED4C
:10528000020ADDED010A00F03FF8039890ED110AE3
:10529000DDED000A00F038F80399C869C1F8800014
:1052A00004B080BD0000000081B000900099002093
:1052B000C86000990861009948610099C86101B00F
:1052C000704700000000000086B005908DED040AD4
:1052D000CDED030A8DED021ACDED011A8DED002AF8
:1052E0000498059908600398059948600298059903
:1052F0008860019805998861009805990862059968
:105300000020486206B0704788B007908DED060A0D
:10531000CDED050A0799C86808619DED060A9DED67
:10532000051A30EE410AB5EE400AF1EE10FA09DB3B
:10533000FFE79DED060A9DED051A30EE410A8DED61
:10534000040A08E09DED061A9DED050A30EE410ABB
:105350008DED040AFFE79DED040A079890ED091A08
:10536000B4EE410AF1EE10FA04DAFFE707990020E3
:10537000C86009E09DED060A9DED051A30EE410A70
:10538000079880ED030AFFE7079890ED021A90ED69
:10539000030A90ED042A30EE420A20EE010A80ED65
:1053A000070A079890ED002A90ED031A90ED070A7E
:1053B000A1EE020A80ED070A079890ED012A90ED10
:1053C000031A90ED050AA1EE020A80ED050A07987E
:1053D00090ED050A90ED061AB1EE411AB4EE410ABD
:1053E000F1EE10FA08DCFFE7079890ED060AB1EE3F
:1053F000400A8DED030A1BE0079890ED050A90ED39
:10540000061AB4EE410AF1EE10FA06DBFFE7079840
:1054100090ED060A8DED020A05E0079890ED050A69
:105420008DED020AFFE79DED020A8DED030AFFE70D
:105430009DED030A079880ED050A079890ED051A7F
:1054400090ED070A30EE010A80ED070A079890ED0B
:10545000070A90ED081AB1EE411AB4EE410AF1EED6
:1054600010FA08DCFFE7079890ED080AB1EE400A51
:105470008DED010A1BE0079890ED070A90ED081AE0
:10548000B4EE410AF1EE10FA06DBFFE7079890ED63
:10549000080A8DED000A05E0079890ED070A8DEDEA
:1054A000000AFFE79DED000A8DED010AFFE79DED83
:1054B000010A079880ED070A08B070470000000055
:1054C000EFF30980BFF36F8F154B1A681EF0100FB2
:1054D00008BF20ED108A20E9F04F10602DE9090087
:1054E0004FF0500080F31188BFF34F8FBFF36F8FE1
:1054F0000CF05AFE4FF0000080F31188BDE809005F
:1055000019680868B0E8F04F1EF0100F08BFB0EC43
:10551000108A80F30988BFF36F8F704700BF00BF08
:10552000E46100240000000080B582B00190009189
:10553000019800F02DF808B1FFE727E00198C06856
:1055400038B9FFE70098019A1168128941F82200E2
:1055500012E0019AD1681089127C00FB02100099B8
:10556000EBF74CF801980168C3680289007C02FBE4
:10557000003041F82200FFE701990889431C8A881E
:10558000B3FBF2F000FB12300881FFE702B080BDF0
:1055900081B000900099C8880A8901328B88B2FBDB
:1055A000F3F15943891A0844B0FA80F0400901B078
:1055B000704700000000000080B586B004900391A1
:1055C00000208DF8070044F22840C5F6020000686C
:1055D00000F00300032804D1FFE701208DF8170035
:1055E000CBE044F20041C5F60201086820F080607B
:1055F0000860F4F70DF90290FFE744F20040C5F6A9
:105600000200006800F000610020B0EBD16F0CD008
:10561000FFE7F4F7FDF80299401A032804D3FFE7E7
:1056200003208DF81700A8E0E7E7FFE744F22841E0
:10563000C5F60201086820F47C30049A126840EA3A
:105640000230086004994868D1F808C0CB680A693C
:1056500001386FF35F204FF60061CFF6FF7101EB69
:105660004C2189B208440021CFF6FF7101EB0341C0
:1056700001F4FE0108444FF07F4101EB026101F0AB
:10568000FE41084444F23841C5F602010860FFE7D4
:1056900044F22C41C5F602010091086820F0C000D8
:1056A000049A526910430860086820F02000049AA8
:1056B000926910430860086820F01000086044F206
:1056C0003C42C5F6020210684FF6F8739843049BFB
:1056D000DB6940EAC3001060086840F01000086011
:1056E000039848B9FFE744F22C41C5F60201086867
:1056F00040F40020086016E00398012809D1FFE774
:1057000044F22C41C5F60201086840F4801008609C
:1057100008E044F22C41C5F60201086840F400108C
:105720000860FFE7FFE744F20041C5F602010868A0
:1057300040F080600860F4F76BF80290FFE744F2F5
:105740000040C5F60200006800F000610020B0EBE8
:10575000D16F0CD1FFE7F4F75BF80299401A0328E8
:1057600004D3FFE703208DF8170006E0E7E7FFE723
:105770009DF807008DF81700FFE79DF8170006B0A9
:1057800080BD00000000000080B586B00490039149
:1057900000208DF8070044F22840C5F6020000689A
:1057A00000F00300032804D1FFE701208DF8170063
:1057B000CBE044F20041C5F60201086820F08050B9
:1057C0000860F4F725F80290FFE744F20040C5F6C0
:1057D0000200006800F000510020B0EB517F0CD0B7
:1057E000FFE7F4F715F80299401A032804D3FFE7FE
:1057F00003208DF81700A8E0E7E7FFE744F228410F
:10580000C5F60201086820F07C70049A126840EA2C
:105810000250086004994868D1F808C0CB680A694A
:1058200001386FF35F204FF60061CFF6FF7101EB97
:105830004C2189B208440021CFF6FF7101EB0341EE
:1058400001F4FE0108444FF07F4101EB026101F0D9
:10585000FE41084444F24041C5F602010860FFE7FA
:1058600044F22C41C5F602010091086820F4406022
:10587000049A526910430860086820F40070049A82
:10588000926910430860086820F48070086044F250
:105890004442C5F6020210684FF6F8739843049B21
:1058A000DB6940EAC3001060086840F4807008605B
:1058B000039848B9FFE744F22C41C5F60201086895
:1058C00040F48000086016E00398012809D1FFE742
:1058D00044F22C41C5F60201086840F4000008605B
:1058E00008E044F22C41C5F60201086840F08070DF
:1058F0000860FFE7FFE744F20041C5F602010868CF
:1059000040F080500860F3F783FF0290FFE744F215
:105910000040C5F60200006800F000510020B0EB26
:10592000517F0CD1FFE7F3F773FF0299401A032868
:1059300004D3FFE703208DF8170006E0E7E7FFE751
:105940009DF807008DF81700FFE79DF8170006B0D7
:1059500080BD00000000000080B544F63840C2F26F
:1059600000404FF26C41C2F201411922FAF7B8F837
:1059700044F21000C2F2004000681021C4F202019B
:10598000884200F0B280FFE744F21000C2F200400B
:1059900000682821C4F20201884200F0A680FFE7D7
:1059A00044F21000C2F2004000684021C4F202013B
:1059B000884200F09A80FFE744F21000C2F20040F3
:1059C00000685821C4F20201884200F08E80FFE78F
:1059D00044F21000C2F2004000687021C4F20201DB
:1059E000884200F08280FFE744F21000C2F20040DB
:1059F00000688821C4F20201884276D0FFE744F2B1
:105A00001000C2F200400068A021C4F202018842E6
:105A10006BD0FFE744F21000C2F200400068B821EA
:105A2000C4F20201884260D0FFE744F21000C2F2E3
:105A30000040006840F21041C4F20201884254D094
:105A4000FFE744F21000C2F20040006840F2284133
:105A5000C4F20201884248D0FFE744F21000C2F2CB
:105A60000040006840F24041C4F2020188423CD04C
:105A7000FFE744F21000C2F20040006840F25841D3
:105A8000C4F20201884230D0FFE744F21000C2F2B3
:105A90000040006840F27041C4F20201884224D004
:105AA000FFE744F21000C2F20040006840F2884173
:105AB000C4F20201884218D0FFE744F21000C2F29B
:105AC0000040006840F2A041C4F2020188420CD0BC
:105AD000FFE744F21000C2F20040006840F2B84113
:105AE000C4F2020188420AD1FFE744F21000C2F278
:105AF00000400168086820F00800086009E044F2EE
:105B00001000C2F200400168086820F0040008603C
:105B1000FFE744F61030C2F2004040F64621C2F2E0
:105B20000041C822F9F7DCFF44F20010C2F2004045
:105B300000681021C4F20201884200F0B280FFE741
:105B400044F20010C2F2004000682821C4F20201B1
:105B5000884200F0A680FFE744F20010C2F2004045
:105B600000684021C4F20201884200F09A80FFE7F9
:105B700044F20010C2F2004000685821C4F2020151
:105B8000884200F08E80FFE744F20010C2F200402D
:105B900000687021C4F20201884200F08280FFE7B1
:105BA00044F20010C2F2004000688821C4F20201F1
:105BB000884276D0FFE744F20010C2F2004000684D
:105BC000A021C4F2020188426BD0FFE744F200102A
:105BD000C2F200400068B821C4F20201884260D0DD
:105BE000FFE744F20010C2F20040006840F21041AA
:105BF000C4F20201884254D0FFE744F20010C2F21E
:105C00000040006840F22841C4F20201884248D0B6
:105C1000FFE744F20010C2F20040006840F2404149
:105C2000C4F2020188423CD0FFE744F20010C2F205
:105C30000040006840F25841C4F20201884230D06E
:105C4000FFE744F20010C2F20040006840F27041E9
:105C5000C4F20201884224D0FFE744F20010C2F2ED
:105C60000040006840F28841C4F20201884218D026
:105C7000FFE744F20010C2F20040006840F2A04189
:105C8000C4F2020188420CD0FFE744F20010C2F2D5
:105C90000040006840F2B841C4F2020188420AD1D3
:105CA000FFE744F20010C2F200400168086820F0EB
:105CB0000800086009E044F20010C2F200400168E8
:105CC000086820F004000860FFE700F035F880BDA8
:105CD00083B00290ADF80610ADF8042000208DF8D6
:105CE0000300FFE79DF80300112822DCFFE702987C
:105CF0009DF80310C840C007A0B1FFE7BDF806003B
:105D00009DF803104FF49472514344F6FC43C2F2E1
:105D100000435852BDF804009DF8031011FB0231F6
:105D20004880FFE7FFE79DF8030001308DF803008E
:105D3000D8E703B07047000080B54FF6FF70C0F29F
:105D400003003221C822FFF7C3FF80BD000000001E
:105D500085B004908DF80F108DF80E20029300206E
:105D60008DF80700FFE79DF80700112800F3DA809F
:105D7000FFE704989DF80710C840C007002800F00E
:105D8000CA80FFE79DF80E0001460091042800F24A
:105D9000C1800099DFE801F003274C7298009DF85C
:105DA0000F009DF8073044F6FC42C2F200424FF467
:105DB000947113FB012393F83CC06344187202985A
:105DC0009DF8073013FB012393F83CC003EB8C03D1
:105DD00058619DF8070010FB012191F83C0001304B
:105DE00081F83C0096E09DF80F009DF8073044F6DE
:105DF000FC42C2F200424FF4947113FB012393F86A
:105E000074C0634483F8400002989DF8073013FB88
:105E1000012393F874C003EB8C03D8649DF807004A
:105E200010FB012191F87400013081F8740071E0D9
:105E30009DF80F009DF8073044F6FC42C2F2004284
:105E40004FF4947113FB012393F8ACC0634483F8BF
:105E5000780002989DF8073013FB012393F8ACC03B
:105E600003EB8C03C3F884009DF8070010FB0121AD
:105E700091F8AC00013081F8AC004BE09DF80F00C8
:105E80009DF8073044F6FC42C2F200424FF4947190
:105E900013FB012393F8E4C0634483F8B000029835
:105EA0009DF8073013FB012393F8E4C003EB8C0348
:105EB000C3F8BC009DF8070010FB012191F8E40035
:105EC000013081F8E40025E09DF80F009DF80730CF
:105ED00044F6FC42C2F200424FF4947113FB0123DA
:105EE00093F81CC1634483F8E80002989DF80730DA
:105EF00013FB012393F81CC103EB8C03C3F8F400DC
:105F00009DF8070010FB012191F81C01013081F878
:105F10001C01FFE7FFE7FFE79DF8070001308DF860
:105F2000070020E705B0704780B586B0F3F770FC36
:105F3000059000208DF8130046F29020C2F2004038
:105F4000007E4009C00720B1FFE701208DF8130053
:105F50000DE046F29020C2F20040007E0009C0072A
:105F600020B1FFE702208DF81300FFE7FFE70020D4
:105F70008DF81200FFE79DF81200112800F3AA82A5
:105F8000FFE700208DF811009DF812000F280DDCAE
:105F9000FFE746F29020C2F20040008B9DF81210FD
:105FA000C84000F001008DF811001BE09DF81200C0
:105FB000102808D1FFE746F29020C2F20040807D11
:105FC0008DF811000DE09DF81200112808D1FFE7AF
:105FD00046F29020C2F20040C07D8DF81100FFE72C
:105FE000FFE7FFE740F2E050C2F2004000689DF892
:105FF000123044F6FC42C2F200424FF4947113FB9B
:106000000123D3F82431C01AADF80E0005989DF88D
:10601000123013FB0123D3F82431C01AADF80C0061
:106020009DF8120010FB012090F82001002860D19B
:10603000FFE79DF8110000285BD0FFE705989DF869
:10604000123044F6FC42C2F200424FF4947113FB4A
:106050000123C3F824019DF8120010FB0121012047
:10606000C87100208DF80B00FFE79DF80B009DF82C
:10607000121044F6FC43C2F200434FF4947211FB39
:10608000023191F8AC10884232DAFFE79DF8120035
:1060900044F6FC42C2F200424FF4947110FB01201E
:1060A0009DF80B10084490F878009DF81310884272
:1060B00017D1FFE79DF8121044F6FC42C2F20042ED
:1060C0004FF4947011FB00209DF80B2000EB820030
:1060D000D0F88430012088409DF8131002229847A0
:1060E000FFE7FFE79DF80B0001308DF80B00BCE7E0
:1060F000DBE19DF8120044F6FC42C2F200424FF48C
:10610000947110FB012090F82001002800F0D68047
:10611000FFE79DF81100002840F0D080FFE79DF8D0
:10612000120044F6FC43C2F200434FF4947210FB99
:106130000231002048719DF8121011FB0231C87124
:106140009DF8121011FB0232012191718DF80A00A5
:10615000FFE79DF80A009DF8121044F6FC43C2F2D6
:1061600000434FF4947211FB023191F8E41088421D
:1061700032DAFFE79DF8120044F6FC42C2F2004218
:106180004FF4947110FB01209DF80A10084490F818
:10619000B0009DF81310884217D1FFE79DF8121048
:1061A00044F6FC42C2F200424FF4947011FB00200E
:1061B0009DF80A2000EB8200D0F8BC300120884016
:1061C0009DF8131003229847FFE7FFE79DF80A00A8
:1061D00001308DF80A00BCE7BDF80C009DF81210E4
:1061E0004FF494724A4344F6FC41C2F20041895A8A
:1061F000884262DDFFE7BDF80C009DF8121044F6FE
:10620000FC43C2F200434FF4947211FB02314988FF
:10621000884252DAFFE79DF8120044F6FC42C2F2CF
:1062200000424FF4947110FB0121012008710020FD
:106230008DF80900FFE79DF809009DF8121044F65B
:10624000FC43C2F200434FF4947211FB023191F807
:106250003C10884230DAFFE79DF8120044F6FC4219
:10626000C2F200424FF4947110FB01209DF8091016
:106270000844007A9DF81310884216D1FFE79DF874
:10628000121044F6FC42C2F200424FF4947011FB2B
:1062900000209DF8092000EB82004369012088401E
:1062A0009DF8131000229847FFE7FFE79DF80900CB
:1062B00001308DF80900BEE7FFE7F5E09DF8120018
:1062C00044F6FC42C2F200424FF4947110FB0120EC
:1062D00090F82001002800F0CF80FFE79DF8110022
:1062E000002800F0C980FFE700208DF80800FFE7D4
:1062F0009DF808009DF8121044F6FC43C2F20043DA
:106300004FF4947211FB023191F81C11884232DA79
:10631000FFE79DF8120044F6FC42C2F200424FF43F
:10632000947110FB01209DF80810084490F8E800D3
:106330009DF81310884217D1FFE79DF8121044F61C
:10634000FC42C2F200424FF4947011FB00209DF811
:10635000082000EB8200D0F8F430012088409DF83E
:10636000131004229847FFE7FFE79DF8080001306B
:106370008DF80800BCE7BDF80E009DF8121044F639
:10638000FC43C2F200434FF4947211FB023149887E
:10639000884263DCFFE7BDF80C009DF8121044F65C
:1063A000FC43C2F200434FF4947211FB023149885E
:1063B000884253DDFFE79DF8120044F6FC42C2F22A
:1063C00000424FF4947110FB01210120487100201C
:1063D0008DF80700FFE79DF807009DF8121044F6BE
:1063E000FC43C2F200434FF4947211FB023191F866
:1063F0007410884231DAFFE79DF8120044F6FC423F
:10640000C2F200424FF4947110FB01209DF8071076
:10641000084490F840009DF81310884216D1FFE719
:106420009DF8120044F6FC42C2F200424FF494710F
:1064300010FB01219DF8072001EB8201CB6C0122AA
:1064400002FA00F09DF813109847FFE7FFE79DF868
:10645000070001308DF80700BDE70CE09DF8120041
:1064600044F6FC42C2F200424FF4947110FB012149
:1064700000204871FFE716E09DF8120044F6FC4347
:10648000C2F200434FF4947210FB023100200871F5
:106490009DF8121011FB023148719DF8121011FB8A
:1064A00002318871FFE7FFE7FFE79DF811009DF8D3
:1064B000121044F6FC43C2F200434FF4947211FBF5
:1064C000023181F82001FFE79DF8120001308DF8BC
:1064D000120050E5059840F2E051C2F20041086018
:1064E00006B080BD0000000080B588B0079006911E
:1064F00005920493FFE741F62430C2F20040019078
:1065000001980078532803D0FFE708F061FFFFE708
:10651000FFE7EFF311804FF0200181F31188009025
:1065200041F62430C2F20040029000200390FFE7C1
:106530000298039901EB410100EBC100C06908B961
:10654000FFE709E0039801300390FFE70398029901
:1065500009698842ECDBFFE70398029909698842E0
:1065600032DAFFE707980299039A02EB420201EB45
:10657000C201886106980299039A02EB420201EB7C
:10658000C201C86105980299039A02EB420201EB2D
:10659000C20108620298039901EB410100EBC101BD
:1065A000002088620299039A02EB420201EBC201C9
:1065B000486204980299039A02EB420201EBC2017D
:1065C000C862BFF35F8F03E04FF0FF300390FFE737
:1065D000009880F31188039808B080BD0000000087
:1065E00080B58AB0DDF830C0099008910792069313
:1065F000FFE741F62430C2F2004002900298007892
:10660000532803D0FFE708F0E3FEFFE7FFE741F67A
:106610002430C2F200400490099802282CD8FFE7E9
:10662000EFF311804FF0200181F31188019004985D
:10663000099901EB410100EBC1006030039009981A
:1066400078B1FFE7089803990860079803994860B4
:106650000698039988600399002008610399C8602F
:10666000FFE70C9803994861BFF35F8F019880F3AF
:1066700011880020059003E04FF0FF300590FFE700
:1066800005980AB080BD000080B58EB00D900C91C9
:106690000B92FFE741F62430C2F2004003900398CA
:1066A0000078532803D0FFE708F092FEFFE7FFE7EA
:1066B0000D9800EB400141F62430C2F2004000EB9F
:1066C000C100603005900C9806900598006908900C
:1066D0000598C0680790002009900898079988429B
:1066E00036D9FFE7059880680899401A0A900A98F9
:1066F0000B99884203D2FFE70A98029002E00B98B8
:106700000290FFE702980A900598406808990844AB
:106710000490069804990A9AE9F770FF0A99099873
:10672000084409900A990698084406900A990B981B
:10673000401A0B900A9908980844089008980599FF
:106740008968884203D1FFE700200890FFE7FFE750
:1067500007980899401A0A900A980B99884203D220
:10676000FFE70A98019002E00B980190FFE701987B
:106770000A900A98D8B1FFE705984068089908443C
:106780000490069804990A9AE9F738FF0A9909983B
:10679000084409900A990698084406900A990B98AB
:1067A000401A0B900A99089808440890FFE7099846
:1067B00020B1FFE7089805990861FFE709980EB036
:1067C00080BD00000000000080B540F26810C2F2F9
:1067D0000040016844F2B872C0F602024FF6C95395
:1067E000C0F60103084600F0ABF84FF0005000F08F
:1067F00043FD80BD0000000080B58CB0EFF3118038
:106800004FF0200181F31188099041F6FC70C2F22B
:10681000004008F0E9FE0A900A980B900B98089047
:1068200041F6CC30C2F2004040680790FFE707987D
:1068300080280BD3FFE7079840F0800008994A1C96
:10684000089208700798C0090790F0E70798089920
:106850004A1C0892087008980B900B98069041F615
:10686000CC30C2F2004080680590FFE70598802890
:106870000BD3FFE7059840F0800006994A1C06926A
:1068800008700598C0090590F0E7059806994A1C1C
:106890000692087006980B900B98049041F6CC3045
:1068A000C2F2004000690390FFE7039880280BD3F1
:1068B000FFE7039840F0800004994A1C0492087096
:1068C0000398C0090390F0E7039804994A1C0492C6
:1068D000087004980B900B98029000200190FFE73D
:1068E000019880280BD3FFE7019840F080000299BF
:1068F0004A1C029208700198C0090190F0E70198C3
:1069000002994A1C0292087002980B900A980B99FF
:10691000182208F0E9FF099880F3118841F6CC307D
:10692000C2F20040406A38B1FFE741F6CC30C2F213
:106930000040406A8047FFE70CB080BD00000000C7
:1069400080B586B00590049103920293059804994E
:10695000039A029BEE464FF0000CCEF804C0CEF82E
:1069600000C000F005F806B080BD00000000000087
:1069700080B588B0DDF82CC0DDF828C007900691FE
:106980000592049345F21910C0F60200019041F6F9
:10699000FC31C2F200414FF4806200230393FFF701
:1069A000A3FD0199039A034641F6CC30C2F20040A0
:1069B0000290437043780376007E6B461A6041F67E
:1069C0001532C2F200420823FFF70AFE029903982B
:1069D0000861C860059A0A62079A4A60069A8A6046
:1069E000049A4A620A9A8A620B9ACA62087008B0CC
:1069F00080BD00000000000080B582B0EFF3118080
:106A00004FF0200181F31188009041F6FC70C2F232
:106A1000004008F0E9FD019001991122084608F0B4
:106A200063FF009880F3118802B080BD0000000071
:106A300080B586B00590EFF311804FF0200181F30F
:106A40001188029041F6FC70C2F2004008F0CCFDC3
:106A5000039003980490059841F6CC31C2F20041AE
:106A60000969401A05900498019005980090FFE785
:106A7000009880280BD3FFE7009840F08000019930
:106A80004A1C019208700098C0090090F0E7009835
:106A900001994A1C01920870019804900398049986
:106AA000082208F021FF029880F3118806B080BD0B
:106AB00080B586B00590EFF311804FF0200181F38F
:106AC0001188029041F6FC70C2F2004008F08CFD83
:106AD000039003980490059841F6CC31C2F200412E
:106AE0000969401A05900498019005980090FFE705
:106AF000009880280BD3FFE7009840F080000199B0
:106B00004A1C019208700098C0090090F0E70098B4
:106B100001994A1C01920870019804900398049905
:106B2000042208F0E1FE029880F3118806B080BDCF
:106B300080B586B00590EFF311804FF0200181F30E
:106B40001188029041F6FC70C2F2004008F04CFD42
:106B5000039003980490059841F6CC31C2F20041AD
:106B60000969401A05900498019005980090FFE784
:106B7000009880280BD3FFE7009840F0800001992F
:106B80004A1C019208700098C0090090F0E7009834
:106B900001994A1C01920870019804900398049985
:106BA000062208F0A1FE029880F3118806B080BD8D
:106BB00080B582B041F6CC30C2F20040006AB8B174
:106BC000FFE741F6CC30C2F20040006A006878B1BD
:106BD000FFE741F6CC30C2F20040006A006880470F
:106BE000019100900099019A0D2000F049F808E009
:106BF00041F20400CEF2000001680C2000F004F81D
:106C0000FFE702B080BD000080B588B00790069114
:106C1000EFF311804FF0200181F31188039041F6CA
:106C2000FC70C2F2004008F0DFFC0490049805906C
:106C30000598029006980190FFE7019880280BD3F1
:106C4000FFE7019840F0800002994A1C0292087008
:106C50000198C0090190F0E7019802994A1C02923C
:106C600008700298059004980599079A08F03CFE70
:106C7000039880F3118808B080BD00000000000078
:106C800080B58AB0099008910792EFF311804FF018
:106C9000200181F31188049041F6FC70C2F200409B
:106CA00008F0A2FC059005980690069803900898B5
:106CB0000290FFE7029880280BD3FFE7029840F08C
:106CC000800003994A1C039208700298C009029040
:106CD000F0E7029803994A1C039208700398069003
:106CE0000698019007980090FFE7009880280BD342
:106CF000FFE7009840F0800001994A1C019208705B
:106D00000098C0090090F0E7009801994A1C019290
:106D100008700198069005980699099A08F0E4FD14
:106D2000049880F311880AB080BD000000000000C4
:106D300080B590B0DDF848C00F900E910D920C9385
:106D4000EFF311804FF0200181F31188099041F693
:106D5000FC70C2F2004008F047FC0A900A980B90C1
:106D60000B9808900E980790FFE7079880280BD3A0
:106D7000FFE7079840F0800008994A1C08920870C5
:106D80000798C0090790F0E7079808994A1C0892ED
:106D9000087008980B900B9806900D980590FFE7E7
:106DA000059880280BD3FFE7059840F080000699EE
:106DB0004A1C069208700598C0090590F0E70598EE
:106DC00006994A1C0692087006980B900B9804903E
:106DD0000C980390FFE7039880280BD3FFE70398F4
:106DE00040F0800004994A1C049208700398C0097E
:106DF0000390F0E7039804994A1C049208700498E1
:106E00000B900B98029012980190FFE70198802850
:106E10000BD3FFE7019840F0800002994A1C0292D0
:106E200008700198C0090190F0E7019802994A1C86
:106E30000292087002980B900A980B990F9A08F02A
:106E400053FD099880F3118810B080BD0000000048
:106E500080B58AB08DF8270042F29050C2F200400F
:106E60000068002800F08480FFE742F29050C2F2F0
:106E700000400068089000200790FFE707989DF801
:106E8000271088420CD2FFE70898006908900898FC
:106E900008B9FFE704E0FFE7079801300790EDE746
:106EA0000898002858D0FFE7EFF311804FF0200139
:106EB00081F31188049041F6FC70C2F2004008F0A2
:106EC00093FB059005980690069803909DF827007F
:106ED0000290FFE7029880280BD3FFE7029840F06A
:106EE000800003994A1C039208700298C00902901E
:106EF000F0E7029803994A1C0392087003980690E1
:106F000006980190089880680090FFE70098802814
:106F10000BD3FFE7009840F0800001994A1C0192D2
:106F200008700098C0090090F0E7009801994A1C89
:106F300001920870019806900698089909688022C5
:106F400008F09AFA069005980699162208F0CCFCEB
:106F5000049880F31188FFE7089840B1FFE708988C
:106F6000C06820B1FFE70898C0688047FFE7FFE7E7
:106F70000AB080BD0000000080B582B042F290509F
:106F8000C2F200400068C0B1FFE742F29050C2F286
:106F9000004000680190FFE70198C06820B1FFE75A
:106FA0000198C0688047FFE7019800690190FFE7FA
:106FB00001980028F0D1FFE7FFE702B080BD000094
:106FC00080B586B0EFF311804FF0200181F3118876
:106FD000039041F6FC70C2F2004008F005FB0490FB
:106FE000049805900598029041F61D30C2F20040C9
:106FF00000780190FFE7019880280BD3FFE7019804
:1070000040F0800002994A1C029208700198C00961
:107010000190F0E7019802994A1C029208700298C8
:107020000590049805991B2208F05EFC039880F3F4
:10703000118806B080BD000080B584B00390EFF3E6
:1070400011804FF0200181F31188009041F6FC700F
:10705000C2F2004008F0C8FA01900198039980221A
:1070600008F00AFA0290019802990E2208F03CFCFE
:10707000009880F3118804B080BD0000000000007B
:1070800080B590B00F90EFF311804FF0200181F3A5
:1070900011880C9041F6FC70C2F2004008F0A4FA8E
:1070A0000D900D980E900E980B900F98006841F679
:1070B000CC31C2F200410969401A0A90FFE70A98F0
:1070C00080280BD3FFE70A9840F080000B994A1CF8
:1070D0000B9208700A98C0090A90F0E70A980B9979
:1070E0004A1C0B9208700B980E900E9809900F98FE
:1070F00080680890FFE7089880280BD3FFE708987E
:1071000040F0800009994A1C099208700898C0094B
:107110000890F0E7089809994A1C099208700998A4
:107120000E900E980F994968202208F0A5F90E904C
:107130000D980E99092208F0D7FB0D980E900E9825
:1071400007900F98006841F6CC31C2F200410969FE
:10715000401A0690FFE7069880280BD3FFE70698B1
:1071600040F0800007994A1C079208700698C009F1
:107170000690F0E7069807994A1C0792087007984E
:107180000E900E9805900F98C0680490FFE7049841
:1071900080280BD3FFE7049840F0800005994A1C33
:1071A000059208700498C0090490F0E704980599C6
:1071B0004A1C0592087005980E900E9803900F983F
:1071C00000690290FFE7029880280BD3FFE702983E
:1071D00040F0800003994A1C039208700298C0098D
:1071E0000290F0E7029803994A1C039208700398F2
:1071F0000E900E9801900F9840690090FFE700985C
:1072000080280BD3FFE7009840F0800001994A1CCA
:10721000019208700098C0090090F0E70098019969
:107220004A1C0192087001980E900D980E99152233
:1072300008F05AFB0C9880F3118810B080BD000054
:1072400080B541F6CC30C2F20040006A80B1FFE761
:1072500041F6CC30C2F20040006A406840B1FFE71E
:1072600041F6CC30C2F20040006A40688047FFE738
:1072700080BD00000000000081B00090009841F641
:10728000CC31C2F20041086101B07047000000003B
:1072900081B00090009841F6CC31C2F200410969FA
:1072A000401A01B07047000080B582B041F204007E
:1072B000CEF20000016841F6CC30C2F200400190ED
:1072C00000F022F80198406A38B1FFE741F6CC306F
:1072D000C2F20040406A8047FFE7FFF7B1FFFFF7C7
:1072E0006FFE41F6CC30C2F20040806A38B1FFE751
:1072F00041F6CC30C2F20040806A8047FFE702B01E
:1073000080BD00000000000080B584B003900291B1
:107310000398007820B9FFE703990020C860FFE7D1
:10732000039901200870EFF311804FF0200181F3E1
:10733000118801900398407844F2F971C0F6020177
:107340000A22E9F76DF8019880F31188039808F094
:1073500027FC039808F018FA0398029908F04CF9F2
:1073600004B080BD0000000080B582B041F6CC3092
:10737000C2F20040019000F00FF80198C06A38B1E5
:10738000FFE741F6CC30C2F20040C06A8047FFE719
:1073900002B080BD0000000080B588B00790EFF318
:1073A00011804FF0200181F3118801900DF113003D
:1073B00004300290029803900399481C03900B201C
:1073C0000870079841F20401CEF200010968029AA0
:1073D000039B08F075FB019880F311880799002042
:1073E000087008B080BD000080B588B00790EFF34A
:1073F00011804FF0200181F31188049041F6FC7058
:10740000C2F2004008F0F0F8059005980799802234
:1074100008F032F806900698039001200290FFE7EA
:10742000029880280BD3FFE7029840F08000039970
:107430004A1C039208700298C0090290F0E7029873
:1074400003994A1C039208700398069006980190CD
:1074500000200090FFE7009880280BD3FFE70098FA
:1074600040F0800001994A1C019208700098C00900
:107470000090F0E7009801994A1C01920870019869
:107480000690059806991A2208F02EFA049880F3BF
:10749000118808B080BD00008CB00B908DED080BFA
:1074A0008DED061B8DED042B8DED023B8DED004B1C
:1074B0009DED080B0B9880ED040B9DED060B0B98D2
:1074C00080ED060B9DED040B0B9880ED080B9DEDF8
:1074D000020B0B9880ED0C0B9DED000B0B9880EDD3
:1074E0000A0B0CB07047000080B544F6A410C2F23D
:1074F0000040F6F7A5F980BD82B0019001980068C0
:107500004069009001980168886940F0080088612E
:1075100001980168886940F010008861019801684D
:10752000086820F00100086001980168086940F2CD
:107530006F329043086101980168886820F44040E8
:107540008860019890F88100042815D0FFE79DF825
:107550000000800600280ED5FFE70199D1F88400CD
:1075600040F08000C1F8840001980168886940F00B
:1075700020008861FFE7FFE7019890F88100032869
:1075800015D0FFE79DF80000400600280ED5FFE764
:107590000199D1F8840040F00400C1F884000198FA
:1075A0000168886940F040008861FFE7FFE79DF8C7
:1075B0000100800700280ED5FFE70199D1F884006B
:1075C00040F00100C1F8840001980168886940F426
:1075D00000708861FFE79DF80100C00770B1FFE708
:1075E0000199D1F8840040F00800C1F884000198A6
:1075F0000168886940F480708861FFE70199002084
:10760000A1F862000199A1F86A0002B07047000079
:1076100080B582B001900198806B009000990020A5
:10762000A1F86A000099A1F862000099012081F890
:1076300081000098F6F700F902B080BD000000005C
:1076400083B002900298C16B012000EB51100190B1
:107650000298C0680130009000980730C008009080
:1076600000980199484303B07047000000000000F3
:1076700080B586B0DDF820C0049003918DF80B2012
:107680000193FFE704980068406903990840401A95
:10769000B0FA80F040099DF80B10884214D1FFE742
:1076A000F2F7B6F80899401A0199884204D3FFE727
:1076B0000198013018B9FFE7019820B9FFE70320CE
:1076C0008DF8170004E0DDE700208DF81700FFE7D4
:1076D0009DF8170006B080BD00000000000000000B
:1076E000074B19680868B0E8F04F80F30988BFF3CA
:1076F0006F8F4FF0000080F31188704700BF00BF0C
:10770000E46100240000000084B00390039800901E
:1077100000980078ADF808000098013000900098BB
:107720000078ADF80600BDF80610BDF8080040EA84
:107730000120ADF80A00BDF80A0004B0704700004F
:1077400080B586B0DDF820C00590049103920293C5
:10775000049845F20411C0F602010522E8F722FF61
:1077600008B9FFE747E041F62030C2F20040006868
:10777000082807D3FFE745F22110C0F60200FFF703
:1077800033FE38E0059841F62031C2F200410A6824
:1077900002EB820342F2E002C2F2004242F823000E
:1077A00004980B6803EB830302EB83035860039890
:1077B0000B6803EB830302EB8303986002980B686A
:1077C00003EB830302EB8303D86008980B6803EB99
:1077D000830302EB8302106108680130086005989A
:1077E0000499039A029BDDF820C0EE46CEF800C053
:1077F00000F006F8FFE706B080BD000000000000C2
:1078000080B58AB0DDF830C00990089107920693E0
:107810000020059004900390029001900090099838
:1078200000900898019007980290069803900C9891
:1078300004906846FFF724FC0AB080BD00000000F9
:1078400080B586B005908DF813108DF8122046F2A1
:10785000F020C2F200400390B0F822136439A0F87F
:107860002213B0F9221300EE101AB8EEC00A00F588
:107870004970019000F074FB019800F0F1FA019852
:1078800000F0D2FA0198039A40F23E21C2F2004180
:10789000029191F9001001EE101AB8EEC11A20EE13
:1078A000410ABDEEC00A10EE101AA2F81A1100F03B
:1078B000BBFA0298039990F9000001EE100AB8EEA5
:1078C000C11A20EE010ABDEEC00A10EE100AA1F89E
:1078D000220206B080BD000080B586B005908DF80C
:1078E00013108DF8122046F2F020C2F200400390EF
:1078F000B0F822136431A0F82213B0F9221300EE7D
:10790000101AB8EEC00A00F54970019000F028FB8B
:10791000019800F0A5FA019800F086FA0198039A00
:1079200040F23E21C2F20041029191F9001001EEB5
:10793000101AB8EEC11A20EE410ABDEEC00A10EED0
:10794000101AA2F81A1100F06FFA0298039990F930
:10795000000001EE100AB8EEC11A20EE010ABDEED9
:10796000C00A10EE100AA1F8220206B080BD000085
:1079700080B582B046F2F020C2F20040019041F2A0
:10798000A861A0F8221300F549709FED090ADFED08
:10799000090A00F051FA00F00FF800F0A5F801997B
:1079A0000020A1F81A01A1F82202087102B080BDDE
:1079B00000000C430000000080B590B046F2F020BB
:1079C000C2F2004005900830FCF7B2FE059848303E
:1079D000B0EE0C0A9FED3C1A8DED031ADFED3B1A59
:1079E0009FED3B2AF0EE410AFDF76EFCDDED031A38
:1079F000059870309FED370A9FED371A9FED372AB3
:107A0000F0EE610AFDF760FCDDED031A059800F564
:107A10009470B3EE090A8DED010AB1EE041A8DEDF2
:107A2000021A9FED2F2A8DED042AF0EE610AFDF770
:107A30004BFC9DED010A9DED021ADDED031A9DED53
:107A4000042A059800F50C70F0EE610AFDF73CFC85
:107A5000059800F5EC709FED140B8DED060B9FED76
:107A6000141B8DED081B9FED142B8DED0A2B9FED44
:107A7000143B8DED0C3BB1EE044B8DED0E4BFFF73F
:107A80000BFD05989DED060B9DED081B9DED0A2B4A
:107A90009DED0C3B9DED0E4B00F53870FFF7FCFCA7
:107AA00010B080BD00BF00BFB56CAD2F12DAA23F91
:107AB0001399B9C0E5A36940F6285C8FC2F504406C
:107AC000986E1283C06A3B400000000000C0F3457E
:107AD00000401C46CDCC4C3E0AD7233C0080BB4521
:107AE00000007A460000000080B584B047F6D1431C
:107AF000C0F6010301934FF48030009000220292FF
:107B00001146FEF725F90098019B02990322FEF722
:107B10001FF90098019B02990122FEF719F90299B9
:107B200047F67943C0F601034FF400700222039236
:107B3000FEF70EF90299039A47F6A943C0F601032E
:107B40004FF48060FEF704F9039A47F6D903C0F6B4
:107B5000010340201146FEF7FBF8039A47F6410364
:107B6000C0F6010380201146FEF7F2F804B080BD94
:107B700042F2A850C2F2004090F88005002878D167
:107B8000FFE746F29020C2F20040807A012808D137
:107B9000FFE746F2F021C2F20041012081F8200304
:107BA00007E046F2F021C2F20041002081F82003F4
:107BB000FFE742F68840C2F2004090F8340FC00759
:107BC00000BBFFE746F29020C2F20040407A012855
:107BD00010D1FFE746F2F020C2F2004090F82003F7
:107BE000C00738B1FFE746F2F021C2F2004103209E
:107BF000087106E046F2F021C2F20041002008714F
:107C0000FFE735E046F29020C2F20040407A0128BA
:107C10001DD1FFE746F2F020C2F2004090F82003A9
:107C2000C007A0B1FFE746F24060C2F20040007812
:107C300068B9FFE746F2F021C2F200410520087161
:107C400046F24061C2F20041012008700FE046F2A6
:107C50009020C2F20040407A012807D0FFE746F2A8
:107C60004061C2F2004100200870FFE7FFE7FFE734
:107C7000FFE770470000000082B001908DF803100C
:107C80008DF8022046F2F021C2F20041B1F8220341
:107C90004042A1F81A01B1F82203A1F82202012002
:107CA00081F8200302B0704782B001908DF8031074
:107CB0008DF8022046F2F021C2F20041002081F846
:107CC0002003A1F81A01A1F8220202B070470000B7
:107CD00083B002908DF807108DF806209DF80600FD
:107CE0000146009140B1FFE70098012815D0FFE759
:107CF0000098032822D032E046F2F020C2F2004081
:107D000090F82003C00738B1FFE746F2F021C2F235
:107D1000004105200871FFE722E046F2F020C2F2A0
:107D2000004090F82003C00738B1FFE746F2F02189
:107D3000C2F2004103200871FFE711E046F2F02093
:107D4000C2F2004090F82003C00738B1FFE746F2C6
:107D5000F021C2F2004100200871FFE700E0FFE7D8
:107D600003B070470000000080B586B08DF81700A2
:107D70009DF81700C00750B3FFE746F2F020C2F2AB
:107D800000400490B0F9221300EE101AB8EEC00AB9
:107D900000F54970039000F0E3F8039800F060F8F4
:107DA000039800F041F80398049AB1EE400ABDEE42
:107DB000C00A10EE101AA2F81A1100F035F8049952
:107DC000BDEEC00A10EE100AA1F8220225E046F22C
:107DD000F020C2F20040029000F5497001909FED42
:107DE000100A00F0BDF8019800F03AF8019800F090
:107DF0001BF80198029AB1EE400ABDEEC00A10EEDF
:107E0000101AA2F81A1100F00FF80299BDEEC00A7C
:107E100010EE100AA1F82202FFE706B080BD00BFF5
:107E2000000000000000000081B00090009890ED7C
:107E3000020A01B07047000083B002908DED010A84
:107E4000CDED000A0299002008600199029A516064
:107E50000299886000980299C86003B070470000DA
:107E600085B00390039890ED001A90ED020A30EE71
:107E7000410A8DED020A9DED020AB5EE400AF1EECF
:107E800010FA05DBFFE79DED020A8DED010A06E021
:107E90009DED020AB1EE400A8DED010AFFE79DED6E
:107EA000010A039890ED031AB4EE410AF1EE10FABC
:107EB00004DAFFE70398806804904CE09DED020A25
:107EC000B5EE400AF1EE10FA05DBFFE79DED020A80
:107ED0008DED000A06E09DED020AB1EE400A8DED3F
:107EE000000AFFE79DED000A039890ED011AB4EE39
:107EF000410AF1EE10FA04DAFFE703990868886096
:107F000025E09DED020AB5EE400AF1EE10FA0ADA1C
:107F1000FFE7039890ED011A90ED020A30EE010A96
:107F200080ED020A12E09DED020AB5EE400AF1EE84
:107F300010FA0ADDFFE7039890ED011A90ED020AAE
:107F400030EE410A80ED020AFFE7FFE7FFE7039802
:107F500080680490FFE79DED040A05B070470000BB
:107F600082B001908DED000A00980199086002B07E
:107F7000704700000000000080B582B00190FCF75F
:107F8000D7F8FFE7012008F067FFFBE700000000DB
:107F900080B582B04FF0500080F31188BFF36F8F2F
:107FA000BFF34F8F00900AF0B3FB40B1FFE74EF6EE
:107FB0000451CEF200014FF080500860FFE700202E
:107FC0000190019880F3118802B080BD000000008C
:107FD00080B59EB00BA84C21E8F7B1FB00200190C2
:107FE0000A900990089007900690059004900390DD
:107FF0000220F2F741FFFFE70020029044F618004C
:10800000C5F60200016821F440410160006800F4F7
:10801000404002900298FFE7FFE744F61800C5F6DB
:108020000200006800F40050B0F5005F01D0FFE7E7
:10803000F3E721200B904FF480300C900121119137
:10804000022014901590169028221792189104215E
:1080500019911A900C201B9000201C901D900BA8C9
:10806000F4F772FE18B1FFE7EBF796F9FFE73F2050
:1080700003900321049100200590082006904020E1
:10808000079008904FF4806209920A9003A8F4F7D1
:10809000F7F918B1FFE7EBF77FF9FFE71EB080BDF6
:1080A0004EF68851CEF20001086840F47000086076
:1080B00042F20000C5F20020006800F00F00062820
:1080C0000AD8FFE742F20001C5F200210868072242
:1080D00062F303000860FFE744F20041C5F60201C5
:1080E000086840F00100086044F21042C5F6020240
:1080F0000020106008684EF67F52CEF6F62210403F
:10810000086042F20000C5F20020006800F00F0095
:1081100008280AD3FFE742F20001C5F200210868EF
:10812000072262F303000860FFE744F21841C5F636
:1081300002010020086044F21C41C5F602010860FB
:1081400044F22041C5F60201086044F22842C5F617
:10815000020240F20021C0F20221116044F22C42DE
:10816000C5F602020021C0F2FF11116044F2304254
:10817000C5F6020240F28021C0F20111116044F202
:108180003442C5F60202106044F23842C5F60202DB
:10819000116044F23C42C5F60202106044F24042D3
:1081A000C5F60202116044F24441C5F602010860BE
:1081B00044F20042C5F60202116821F480211160E8
:1081C00044F26041C5F60201086044F2D440C5F6AD
:1081D00002000068C004002814D4FFE744F2D44130
:1081E000C5F60201086840F48050086044F20002BD
:1081F000C5F2002243F2D2001060086820F48050DB
:108200000860FFE77047000080B544F67820C2F2AE
:108210000040F6F795FD80BD80B544F62C20C2F2F3
:108220000040F6F78DFD80BD83B002900191029869
:108230000068009002980021C4F20101884225D014
:10824000FFE70298B0F1804F20D0FFE7029840F29C
:108250000041C4F20001884218D0FFE7029840F6BE
:108260000001C4F20001884210D0FFE7029840F6F6
:108270000041C4F20001884208D0FFE7029840F2B2
:108280000041C4F2010188420AD1FFE7009820F0C2
:108290007000009001984168009808430090FFE743
:1082A00002980021C4F2010188424DD0FFE70298F4
:1082B000B0F1804F48D0FFE7029840F20041C4F28D
:1082C0000001884240D0FFE7029840F60001C4F266
:1082D0000001884238D0FFE7029840F60041C4F21E
:1082E0000001884230D0FFE7029840F20041C4F21A
:1082F0000101884228D0FFE7029844F20001C4F24D
:108300000101884220D0FFE7029844F20041C4F204
:108310000101884218D0FFE7029844F60001C4F238
:108320000101884210D0FFE702984EF20001C4F22A
:108330000001884208D0FFE702984EF20041C4F2E3
:10834000000188420AD1FFE7009820F440700090B5
:108350000198C168009808430090FFE7009820F05A
:10836000800001994969084300900198806802994A
:10837000C862019800680299886202980021C4F2DC
:108380000101884220D0FFE7029840F20041C4F288
:108390000101884218D0FFE7029844F20001C4F2BC
:1083A0000101884210D0FFE7029844F20041C4F274
:1083B0000101884208D0FFE7029844F60001C4F2A8
:1083C0000101884205D1FFE701980069029908631D
:1083D000FFE70299086840F0040008600299012054
:1083E000486100980299086003B0704700000000DF
:1083F00084B0039002910192029800F01F010120C5
:1084000088400090009A0399086A90430862019896
:10841000029901F01F0100FA01F20399086A104362
:10842000086204B07047000080B582B001900198E6
:10843000806B009001980099496A88420DD1FFE74E
:108440000099012008770198C06928B9FFE70099D1
:10845000012081F83E00FFE73CE001980099896A1D
:1084600088420DD1FFE70099022008770198C06982
:1084700028B9FFE70099012081F83F00FFE728E0D5
:1084800001980099C96A88420DD1FFE7009904203C
:1084900008770198C06928B9FFE70099012081F8A1
:1084A0004000FFE714E001980099096B88420DD164
:1084B000FFE70099082008770198C06928B9FFE70D
:1084C0000099012081F84100FFE700E0FFE7FFE7A6
:1084D000FFE7FFE70098F6F713FF00990020087701
:1084E00002B080BD0000000080B582B0019001980C
:1084F000806B009001980099496A884204D1FFE797
:1085000000990120087721E001980099896A884242
:1085100004D1FFE700990220087716E0019800993E
:10852000C96A884204D1FFE70099042008770BE06C
:1085300001980099096B884204D1FFE7009908204F
:10854000087700E0FFE7FFE7FFE7FFE70098F6F7AF
:10855000F3FE00990020087702B080BD0000000003
:1085600080B582B001900198806B009001980099CD
:10857000496A884207D1FFE70099012008770099EE
:1085800081F83E0031E001980099896A884208D15B
:10859000FFE70099022008770099012081F83F0049
:1085A00022E001980099C96A884208D1FFE7009942
:1085B000042008770099012081F8400013E0019819
:1085C0000099096B884208D1FFE7009908200877D5
:1085D0000099012081F8410004E00099012081F810
:1085E0003D00FFE7FFE7FFE7FFE70098F6F7A0FB96
:1085F00000990020087702B080BD00000000000054
:1086000085B00490039102920193049880680090D1
:10861000009820F47F40009003980299019A41EA63
:108620000221014300980843009000980499886053
:1086300005B070470000000083B0029001910298DD
:108640008068009000984FF68F71CFF6CF71084088
:10865000009001980099084340F0070000900098AE
:108660000299886003B0704785B004900391049824
:10867000006A01900499086A20F0010008620498D9
:108680004068009004988069029002984FF68F71BC
:10869000CFF6FE7108400290029820F0030002908D
:1086A00003980168029808430290019820F00200A4
:1086B0000190039881680198084301900498002173
:1086C000C4F20101884220D0FFE7049840F2004143
:1086D000C4F20101884218D0FFE7049844F2000177
:1086E000C4F20101884210D0FFE7049844F200412F
:1086F000C4F20101884208D0FFE7049844F6000163
:10870000C4F2010188420ED1FFE7019820F0080071
:1087100001900398C168019808430190019820F0E6
:1087200004000190FFE704980021C4F2010188428F
:1087300020D0FFE7049840F20041C4F201018842D2
:1087400018D0FFE7049844F20001C4F20101884206
:1087500010D0FFE7049844F20041C4F201018842BE
:1087600008D0FFE7049844F60001C4F201018842F2
:1087700013D1FFE7009820F480700090009820F457
:108780000070009003984169009808430090039896
:108790008169009808430090FFE7009804994860B9
:1087A0000298049988610398406804994863019885
:1087B0000499086205B0704785B00490039104984D
:1087C000006A01900499086A20F010000862049879
:1087D00040680090049880690290029848F6FF7102
:1087E000CFF6FF6108400290029820F4407002909A
:1087F00003980168029840EA01200290019820F055
:108800002000019003988168019840EA01100190CE
:1088100004980021C4F20101884229D0FFE704989E
:1088200040F20041C4F20101884221D0FFE70498E0
:1088300044F20001C4F20101884203D1FFE70020A5
:10884000B0B9FFE7049844F20041C4F20101884244
:1088500003D1FFE7002058B9FFE7049844F6000170
:10886000C4F20101884212D1FFE7012078B9FFE785
:10887000019820F0800001900398C168019840EAB7
:1088800001100190019820F040000190FFE704984A
:108890000021C4F20101884220D0FFE7049840F291
:1088A0000041C4F20101884218D0FFE7049844F265
:1088B0000001C4F20101884210D0FFE7049844F29D
:1088C0000041C4F20101884208D0FFE7049844F651
:1088D0000001C4F20101884215D1FFE7009820F49D
:1088E00080600090009820F4006000900398416937
:1088F000009840EA8100009003988169009840EA5E
:1089000081000090FFE7009804994860029804995C
:108910008861039840680499886301980499086203
:1089200005B070470000000085B0049003910498E2
:10893000006A01900499086A20F480700862049823
:10894000406800900498C069029002984FF68F71B9
:10895000CFF6FE7108400290029820F003000290CA
:1089600003980168029808430290019820F400706F
:10897000019003988168019840EA012001900498D1
:108980000021C4F20101884229D0FFE7049840F297
:108990000041C4F20101884221D0FFE7049844F26B
:1089A0000001C4F20101884203D1FFE70020B0B901
:1089B000FFE7049844F20041C4F20101884203D168
:1089C000FFE7002058B9FFE7049844F60001C4F21D
:1089D0000101884212D1FFE7012078B9FFE7019831
:1089E00020F4006001900398C168019840EA0120DA
:1089F0000190019820F480600190FFE70498002125
:108A0000C4F20101884220D0FFE7049840F20041FF
:108A1000C4F20101884218D0FFE7049844F2000133
:108A2000C4F20101884210D0FFE7049844F20041EB
:108A3000C4F20101884208D0FFE7049844F600011F
:108A4000C4F20101884215D1FFE7009820F480505C
:108A50000090009820F4005000900398416900981D
:108A600040EA0110009003988169009840EA0110E3
:108A70000090FFE700980499486002980499C86143
:108A8000039840680499C86301980499086205B086
:108A9000704700000000000085B004900391049826
:108AA000006A01900499086A20F4805008620498D2
:108AB000406800900498C0690290029848F6FF71DF
:108AC000CFF6FF6108400290029820F440700290B7
:108AD00003980168029840EA01200290019820F46E
:108AE0000050019003988168019840EA013001909C
:108AF00004980021C4F20101884220D0FFE70498C5
:108B000040F20041C4F20101884218D0FFE7049806
:108B100044F20001C4F20101884210D0FFE704983A
:108B200044F20041C4F20101884208D0FFE70498F2
:108B300044F60001C4F2010188420BD1FFE700981E
:108B400020F48040009003984169009840EA811029
:108B50000090FFE700980499486002980499C86162
:108B6000039840680499086401980499086205B064
:108B7000704700000000000085B004900391049845
:108B8000006A01900499086A20F480300862049811
:108B9000406800900498406D029002984FF68F71E3
:108BA000CFF6FE71084002900398016802980843CE
:108BB0000290019820F40030019003988168019898
:108BC00040EA0140019004980021C4F2010188426A
:108BD00020D0FFE7049840F20041C4F2010188422E
:108BE00018D0FFE7049844F20001C4F20101884262
:108BF00010D0FFE7049844F20041C4F2010188421A
:108C000008D0FFE7049844F60001C4F2010188424D
:108C10000BD1FFE7009820F4803000900398416961
:108C2000009840EA01200090FFE70098049948600E
:108C300002980499486503984068049988650198EA
:108C40000499086205B0704785B0049003910498B8
:108C5000006A01900499086A20F480100862049860
:108C6000406800900498406D0290029848F6FF71A9
:108C7000CFF6FF610840029003980168029840EA2D
:108C800001200290019820F400100190039881685F
:108C9000019840EA0150019004980021C4F20101BA
:108CA000884220D0FFE7049840F20041C4F201015D
:108CB000884218D0FFE7049844F20001C4F2010191
:108CC000884210D0FFE7049844F20041C4F2010149
:108CD000884208D0FFE7049844F60001C4F201017D
:108CE00088420BD1FFE7009820F480200090039881
:108CF0004169009840EA81200090FFE700980499BC
:108D00004860029804994865039840680499C865CA
:108D100001980499086205B0704700000000000047
:108D200085B00490039102920498006A009004991F
:108D3000086A20F001000862049880690190019897
:108D400020F0F00001900299019840EA0110019092
:108D5000009820F00A0000900399009808430090C2
:108D600001980499886100980499086205B07047D9
:108D700085B00490039102920498006A00900499CF
:108D8000086A20F010000862049880690190019838
:108D900020F4704001900299019840EA013001905E
:108DA000009820F0A00000900399009840EA01107C
:108DB000009001980499886100980499086205B0B0
:108DC000704700000000000080B588B046F2F02037
:108DD000C2F200400290B0F91211B0F91A2100EE6F
:108DE000102AB8EEC00A01EE101AF8EEC10A00F51A
:108DF0009470FCF789FA0298B0F91A12B0F922229D
:108E000000EE102AB8EEC00A01EE101AF8EEC10A00
:108E100000F50C70FCF778FA02980830FBF720FC9C
:108E2000029890ED050A90ED061AB8EEC00AF8EE29
:108E3000C10AB0F90A1001EE101AB8EEC11A483092
:108E4000FCF712FA42F68840C2F20040049090ED1E
:108E5000520ABDEEC00A10EE102A684600230393A2
:108E60004360036044F28030C2F20040059040F25B
:108E7000FF1105F0F5FE0298DDF80CC090ED322AE6
:108E800090ED511A90ED930ABDEEC22A12EE102A0F
:108E9000BDEEC11A11EE103ABDEEC00A10EE100A76
:108EA0006946C1F804C0086044F2E020C2F2004004
:108EB0004FF4007105F0D4FE04990598D1ED1A0A1B
:108EC0000121F7EE001A9FED162A8DED062AB0EE6D
:108ED000420AB0EE421A07F033FF049905989DED5F
:108EE000061AD1EDBD0A91EDCC2A0321F7EE081A3E
:108EF000CDED071AB0EE410A07F022FF049905985C
:108F00009DED061ADDED071AD1ED930A91EDA22A27
:108F10000221B0EE410A07F013FF08B080BD00BF88
:108F2000000000000000000080B590B006A803908B
:108F3000E8F7BAFFE8F754FE42F2A850C2F2004048
:108F400090F870050146049120B1FFE704980128CC
:108F500003D005E0E8F79CFB03E0E8F789FC00E0BC
:108F6000FFE7E9F711F840F2E640C3F635700F90DD
:108F700000208DF82B00FFE79DF82B00032820DC54
:108F8000FFE79DF82B1001EB411242F2A850C2F20C
:108F9000004000EBC202B2F9222000EE102AB8EE27
:108FA000C00A90ED061A80EE010A0BA800EB8100C2
:108FB00080ED000AFFE79DF82B0001308DF82B00B3
:108FC000DAE7039A92ED050A92ED063A92ED072A46
:108FD00092ED081A30EE030A30EE420A30EE410AF2
:108FE00092ED091AB1EE002A21EE021A80EE010A72
:108FF00042F2A850C2F20040029000F5886101914F
:1090000081ED060A92ED050A92ED064A92ED073AC5
:1090100092ED081A30EE440A30EE030A30EE410AAF
:1090200092ED091A21EE021A80EE010A81ED070A7B
:1090300092ED050A92ED064A92ED073A92ED081A72
:1090400030EE040A30EE030A30EE010A90ED051A04
:1090500021EE021A80EE010A81ED080A91ED000A64
:10906000D1ED060A00F26440FCF74EF9019902982E
:1090700091ED010AD1ED070A00F28C40FCF744F9AA
:109080000199029891ED020AD1ED080A00F2B4406C
:10909000FCF73AF9019A0299039892ED000A92EDD1
:1090A000101A30EE010A40F2FC5CC2F2004C8CED6A
:1090B000000A92ED010A92ED1A1A30EE010A40F20E
:1090C0000063C2F2004383ED000A92ED020A92EDC2
:1090D000241A30EE010A40F2F852C2F2004282ED48
:1090E000000A9CED000A93ED001A30EE011A90ED93
:1090F000092A92ED000A91ED053A20EE030AA1EE4D
:10910000020A80ED000A9CED000A93ED001A30EE91
:10911000411A90ED092A92ED000A91ED053A20EEF0
:10912000030AA1EE020A80ED010A9CED001A93EDFC
:10913000000A30EE411A90ED092A92ED000A91EDF5
:10914000053A20EE030AA1EE020A80ED020A9CED28
:10915000000AB1EE400A93ED001A30EE411A90ED8C
:10916000092A92ED000A91ED053A20EE030AA1EEDC
:10917000020A80ED030A00208DF81700FFE79DF832
:10918000170003281FDCFFE79DF8172006A800EB57
:10919000820090ED000A42F2A851C2F2004191ED26
:1091A000061A20EE010ABDEEC00A10EE100A02EB0C
:1091B000421201EBC2014885FFE79DF8170001301C
:1091C0008DF81700DBE710B080BD00000000000044
:1091D00080B582B042F68840C2F20040009090F81C
:1091E0005C2344F28030C2F2004001900121FBF781
:1091F0007BFA0099019891F858260221FBF774FA3E
:109200000099019891F860250321FBF76DFA02B0EF
:1092100080BD00000000000080B582B0F0F7F8FAD1
:10922000019000208DF80300FFE79DF803000F2850
:1092300000F38580FFE701989DF8031001EB8102A0
:1092400042F64031C2F2004101EB82035B68C01A72
:1092500051F8221088422CD9FFE79DF8030000EB5B
:10926000800142F64030C2F2004000EB8100C0684D
:1092700028B9FFE79DF80300E9F7AAFF0CE09DF885
:10928000030000EB800142F64030C2F2004000EBE8
:109290008100C0688047FFE79DF8030000EB800174
:1092A00042F64030C2F2004000EB8101012008721A
:1092B0003EE001989DF8031001EB810242F6403137
:1092C000C2F2004101EB82035B68C01A51F8221020
:1092D00088422CD8FFE79DF8030000EB800142F69E
:1092E0004030C2F2004000EB8100006928B9FFE77E
:1092F0009DF80300E9F790FF0CE09DF8030000EBF8
:10930000800142F64030C2F2004000EB810000696B
:109310008047FFE79DF8030000EB800142F64030F4
:10932000C2F2004000EB810100200872FFE7FFE776
:10933000FFE79DF8030001308DF8030075E702B0E8
:1093400080BD00000000000080B588B0EAF738FD5D
:10935000EBF72EFAEAF774FF42F68840C2F20040BB
:1093600040780146079120B1FFE70798012803D014
:1093700005E0EAF77DFB03E0EAF78AFB00E0FFE7A0
:1093800042F68840C2F200400690D0ED2D0A90EDE2
:109390002F1A90ED300AC830E8F7AAFF0698D0EDF2
:1093A0002D0A90ED2F1A90ED300A4FF2D841C2F2FB
:1093B0000141D1F81620D1F81A1001EE902A02EEE0
:1093C000101A00F5A670F9F7FFFE0698D0F8DC1128
:1093D000C0F84811D0ED040A90ED070A4C30FBF7B5
:1093E00093FF069890ED1A0A9FED511A8DED041A1D
:1093F00080EE010A80ED1A0AD0ED790A90ED7C0A20
:1094000000F50C70FBF780FF9DED042A069890EDA7
:10941000790A90EDA21A81EE021A8DED051A9FEDE0
:10942000451A20EE010A9FED441A80EE010A06F06B
:1094300017FE0698B0EE401A9DED050A9FED3F2AF3
:1094400091EE420A80EDA20AD0EDA50A90EDA80A9D
:1094500000F53670FBF758FF069890EDA40A9FEDD3
:10946000381AB4EE410AF1EE10FA25DCFFE742F6B5
:109470008840C2F20040029090EDA40A90EDBD1A1F
:109480009FED302A81EE021A8DED031A9FED291A05
:1094900020EE010A9FED281A80EE010A06F0E0FD99
:1094A0000298B0EE401A9DED030A9FED272AA1EE27
:1094B000020A80EDCC0AFFE742F68840C2F2004083
:1094C00090EDA40A9FED1E1AB4EE410AF1EE10FAD7
:1094D0002BDDFFE742F68840C2F2004090EDA40A7F
:1094E0009FED1A1AB4EE410AF1EE10FA1DDAFFE709
:1094F00042F68840C2F20040009090EDBD0A9FED18
:10950000111A80EE010A8DED010A9FED110A06F095
:10951000A7FD0098B0EE401A9DED010A9FED0A2AC2
:10952000A1EE020A80EDCC0AFFE708B080BD00BFC3
:1095300000007A44DB0F4940000034433C61853F22
:109540000000704200007AC426E4CF3F00001643BA
:10955000920A863F0000000080B588B0FCF7E4FC6A
:1095600046F29020C2F20040B0F91A00B0F5167F22
:1095700007DDFFE740F2EC51C2F200410120087024
:1095800011E046F29020C2F20040B0F91A0010F546
:10959000167F07DAFFE740F2EC51C2F200410020EB
:1095A0000870FFE7FFE746F29020C2F20040807AA1
:1095B000022847D1FFE744F28030C2F20040049015
:1095C000012107910022069207F0AAF90A200390D0
:1095D000EEF7D6FB069B68464360036044F2E0204A
:1095E000C2F20040029040F2FF1105911A4605F0C8
:1095F00037FB0398EEF7C4FB0298069B69464B6065
:109600000B604FF400711A4605F02AFB0398EEF741
:10961000B7FB04980599069B6A46536013601A4687
:1096200005F01EFB079840F2ED51C2F200410870B0
:10963000E7F776FA40F20430C2F20040006807F023
:109640007FFCFFE708B080BD80B588B040F62820D9
:10965000C2F20040D0F8190000EE100AB2EE041A6F
:10966000B4EE410AF1EE10FA0DDDFFE740F62820D6
:10967000C2F20040D0F8190046F2F021C2F20041D7
:10968000C1F83803FFE746F2F020C2F2004090ED47
:10969000CE0A90EDD01AB4EE410AF1EE10FA6FD076
:1096A000FFE746F2F020C2F2004090EDCE0A9FEDB7
:1096B000C91AB4EE410AF1EE10FA2BDDFFE740F2D1
:1096C0000560C2F200400178013101700078022883
:1096D0001FDBFFE740F20561C2F200410020087085
:1096E00046F2F022C2F20042B2F822133C39A2F84C
:1096F0002213B2F81A113C31A2F81A11B2F8221250
:109700003C39A2F8221240F20461C2F20041087012
:10971000FFE734E046F2F020C2F2004090EDCE0ABE
:109720009FEDC41AB4EE410AF1EE10FA26DAFFE713
:1097300040F20460C2F2004001780131017000780B
:1097400004281ADBFFE740F20461C2F20041002066
:10975000087046F2F021C2F20041B1F82203323023
:10976000A1F82203B1F81A013238A1F81A01B1F8B0
:1097700022023230A1F82202FFE7FFE7FFE7FFE70E
:1097800046F2F021C2F20041D1F83803C1F840039B
:1097900040F2EC50C2F200400078C00718B1FFE779
:1097A000FEF7E6F9FFE746F2F020C2F2004004902F
:1097B00090F8200300F00100FEF7D6FA0498416902
:1097C0008069401A002809D4FFE746F2F020C2F26F
:1097D000004041698069401A039008E046F2F02198
:1097E000C2F2004148698969401A0390FFE7039873
:1097F000B0F5005F3BDBFFE746F2F020C2F200402D
:109800000079022833D0FFE746F2F020C2F2004090
:10981000B0F846130131A0F84613B0F846036528A6
:1098200024DBFFE746F2F020C2F200400021A0F85E
:109830004613B0F848130131A0F848130221017112
:10984000B0F84803062808DBFFE746F2F021C2F231
:109850000041012081F84E0307E046F2F021C2F2F8
:109860000041002081F84E03FFE7FFE707E046F2E2
:10987000F021C2F200410020A1F84603FFE7F7F70C
:10988000ABFA46F2F020C2F20040007901380146FE
:109890000291042800F2CA800299DFE801F0039DDA
:1098A00069C73600F8F7C0FD20B1FFE7F7F794FA73
:1098B00018B3FFE746F2F021C2F200414869896916
:1098C000401A41F69711884216DCFFE746F2F02174
:1098D000C2F20041486948F6FB721044486100201A
:1098E000087108680130086046F24860C2F2004022
:1098F000006807F0B1FAFFE706E046F2F021C2F295
:10990000004100200871FFE791E0F8F78DFD20B1DC
:10991000FFE7F7F761FA18B3FFE746F2F021C2F26A
:10992000004148698969401A41F69711884216DC5E
:10993000FFE746F2F021C2F20041486948F6FB72A7
:10994000104448610020087108680130086046F240
:109950004860C2F20040006807F07EFAFFE706E0C8
:1099600046F2F021C2F2004100200871FFE75EE0FC
:10997000F8F75AFD20B1FFE7F7F72EFA08B3FFE733
:1099800046F2F021C2F2004148698969401A41F665
:109990009711884214DCFFE746F2F021C2F2004141
:1099A000486948F6FB721044486108680130086055
:1099B00046F24860C2F20040006807F04DFAFFE747
:1099C00006E046F2F021C2F2004100200871FFE7F4
:1099D0002DE000BF0000B44140F27771ADF81410E3
:1099E0009620ADF81600ADF81810ADF81A00ADF8D5
:1099F0001C10ADF81E0005A80321E7F70DFC46F288
:109A0000F021C2F20041019148694DF2F972801AC9
:109A100048614FF4FA7007F01FFA0199486944F25F
:109A2000FD72104448610020087100E0FFE708B0B3
:109A300080BD00BF0000AC4180B544F63840C2F2A2
:109A40000040F6F771FA80BD82B001900198406E37
:109A500040B9FFE701990120A1F86A000199A1F836
:109A6000680032E010208DF803008DF802000198A4
:109A700000688068C0F342608DF8010001980068BA
:109A80008068400F8DF800009DF802009DF80020CE
:109A900044F2C873C0F60203995C484344F2C071B3
:109AA000C0F602018A5CB0FBF2F0019AA2F86A00EB
:109AB0009DF803009DF801209B5C5843895CB0FB36
:109AC000F1F00199A1F86800FFE702B070470000CB
:109AD00081B00090009890F82800000700280BD56E
:109AE000FFE700980068406820F40040009A116881
:109AF000926B10434860FFE7009890F82800C00779
:109B000058B1FFE700980068406820F40030009AE0
:109B10001168D26A10434860FFE7009890F8280067
:109B2000800700280BD5FFE700980068406820F404
:109B30008030009A1168126B10434860FFE700986C
:109B400090F82800400700280BD5FFE70098006830
:109B5000406820F48020009A1168526B10434860DE
:109B6000FFE7009890F82800C00600280BD5FFE713
:109B700000980068806820F48050009A1168D26BC9
:109B800010438860FFE7009890F8280080060028BE
:109B90000BD5FFE700980068806820F40050009A19
:109BA0001168126C10438860FFE7009890F8280055
:109BB000400600281CD5FFE700980068406820F4A4
:109BC0008010009A1168526C104348600098406CF5
:109BD000B0F5801F0BD1FFE700980068406820F4C3
:109BE000C000009A1168926C10434860FFE7FFE7DD
:109BF000009890F82800000600280BD5FFE7009891
:109C00000068406820F40020009A1168D26C10436C
:109C10004860FFE701B0704780B588B006900699AC
:109C20000020C1F89000EFF7F3FD0590069800685A
:109C30000068000700282FD5FFE70698059B6A46B5
:109C40006FF07E4111604FF40011002201F020F806
:109C500008B3FFE7FFE7FFE70698006850E8000F4A
:109C600020F080000490FFE704990698026842E81B
:109C700000100028F0D1FFE7FFE706992020C1F887
:109C80008800FFE70699002081F88400FFE70320A1
:109C90008DF81F005FE0FFE7069800680068400746
:109CA000002842D5FFE70698059B6A466FF07E4183
:109CB00011604FF48001002200F0EAFFA0B3FFE73B
:109CC000FFE7FFE70698006850E8000F20F4907067
:109CD0000390FFE703990698026842E80010002805
:109CE000F0D1FFE7FFE7FFE7FFE70698006850E8DD
:109CF000020F20F001000290FFE702990698026827
:109D000042E802100028F0D1FFE7FFE70699202083
:109D1000C1F88C00FFE70699002081F88400FFE776
:109D200003208DF81F0016E0FFE706992020C1F8F8
:109D300088000699C1F88C0006990020C86606992B
:109D40000867FFE70699002081F88400FFE70020FC
:109D50008DF81F00FFE79DF81F0008B080BD0000D0
:109D600080B582B001900198806B0090009900202E
:109D7000A1F85E000098F6F7D3F802B080BD0000AD
:109D800080B584B003900398806B02900298D0F85D
:109D9000880001900298D0F88C000090029800682A
:109DA0008068000600280CD5FFE70198212808D11B
:109DB000FFE702990020A1F85600029800F078F918
:109DC000FFE7029800688068400600280CD5FFE78E
:109DD0000098222808D1FFE702990020A1F85E0030
:109DE000029800F0F1F8FFE70299D1F8900040F0F6
:109DF0001000C1F890000298F6F792F804B080BD08
:109E000080B586B005900598806B04900598C06970
:109E1000B0F5807F5BD0FFE704990020A1F85E00D9
:109E2000FFE7FFE70498006850E8000F20F4807017
:109E30000390FFE703990498026842E800100028A5
:109E4000F0D1FFE7FFE7FFE7FFE70498006850E87D
:109E5000020F20F001000290FFE7029904980268C7
:109E600042E802100028F0D1FFE7FFE7FFE7FFE735
:109E70000498006850E8020F20F040000190FFE7CE
:109E800001990498026842E802100028F0D1FFE727
:109E9000FFE704992020C1F88C000498C06E0128C7
:109EA00014D1FFE7FFE7FFE70498006850E8000FD0
:109EB00020F010000090FFE700990498026842E843
:109EC00000100028F0D1FFE7FFE7FFE7FFE7049964
:109ED000002008670498C06E012806D1FFE70498A7
:109EE000B0F85C10F5F754FE03E00498F6F714FEA2
:109EF000FFE706B080BD000080B582B001900198F8
:109F0000806B00900099012008670098C06E0128BE
:109F100007D1FFE70098B0F85C104908F5F738FE64
:109F200003E00098F6F7FCFDFFE702B080BD0000FB
:109F300080B584B003900398806B02900398C06949
:109F4000B0F5807F2BD0FFE702990020A1F85600E2
:109F5000FFE7FFE70298006850E8020F20F080005A
:109F60000190FFE701990298026842E80210002878
:109F7000F0D1FFE7FFE7FFE7FFE70298006850E84E
:109F8000000F40F040000090FFE70099029802683F
:109F900042E800100028F0D1FFE7FFE703E0029855
:109FA000F6F746FEFFE704B080BD000000000000A9
:109FB00080B582B001900198806B00900098F6F710
:109FC0003BFE02B080BD000084B00390FFE7FFE7D6
:109FD0000398006850E8000F20F490700290FFE7AB
:109FE00002990398026842E800100028F0D1FFE7C8
:109FF000FFE7FFE7FFE70398006850E8020F4FF61E
:10A00000FE71CEF6FF7108400190FFE701990398B9
:10A01000026842E802100028EDD1FFE7FFE703984D
:10A02000C06E012814D1FFE7FFE7FFE7039800683F
:10A0300050E8000F20F010000090FFE7009903980F
:10A04000026842E800100028F0D1FFE7FFE7FFE7D1
:10A0500003992020C1F88C0003990020C866039959
:10A06000486704B07047000080B582B00190FFE7F8
:10A07000FFE70198006850E8000F20F040000090D2
:10A08000FFE700990198026842E800100028F0D12B
:10A09000FFE7FFE701992020C1F88800019900201F
:10A0A00088670198F6F7C4FD02B080BD000000008B
:10A0B00083B00290FFE7FFE70298006850E8000FC6
:10A0C00020F0C0000190FFE701990298026842E881
:10A0D00000100028F0D1FFE7FFE7FFE7FFE7029855
:10A0E000006850E8020F20F400000090FFE700999C
:10A0F0000298026842E802100028F0D1FFE7FFE76B
:10A1000002992020C1F8880003B0704700000000C9
:10A1100080B59EB01D9000208DF867001D980068E6
:10A1200040F60041C5F60001884201D1FFE700E09A
:10A13000FFE71D9988680B694A69C969184310438C
:10A1400008431C901D980068006846F6F311CCF691
:10A15000FF7108401C9908431D99096808601D9803
:10A160000068406820F440501D9A1168D26810437E
:10A1700048601D9880691C901D98006840F6004159
:10A18000C5F60001884206D0FFE71D98016A1C98B9
:10A1900008431C90FFE71D98006880684FF2FF415C
:10A1A000C1F2FF1108401C9908431D990968886095
:10A1B0001D980068C06A20F00F001D9A1168526A4D
:10A1C0001043C862FFE71D98006841F20001C4F225
:10A1D0000101884240F04180FFE744F25440C5F657
:10A1E0000200006800F038000146109128282FD89E
:10A1F0001099DFE801F0152D2D2D2D2D2D2D192D68
:10A200002D2D2D2D2D2D1D2D2D2D2D2D2D2D212D9A
:10A210002D2D2D2D2D2D252D2D2D2D2D2D2D2900A7
:10A2200001208DF86D0017E004208DF86D0013E01B
:10A2300008208DF86D000FE010208DF86D000BE008
:10A2400020208DF86D0007E040208DF86D0003E0C0
:10A2500080208DF86D00FFE76CE21D98006844F2E5
:10A260000041C4F2000188422ED1FFE744F254407D
:10A27000C5F60200006800F0070001460F910528AE
:10A280001DD80F99DFE801F003070B0F131700200B
:10A290008DF86D0017E004208DF86D0013E00820A4
:10A2A0008DF86D000FE010208DF86D000BE0202080
:10A2B0008DF86D0007E040208DF86D0003E08020F0
:10A2C0008DF86D00FFE734E21D98006844F6000148
:10A2D000C4F2000188422ED1FFE744F25440C5F693
:10A2E0000200006800F0070001460E9105281DD805
:10A2F0000E99DFE801F003070B0F131700208DF80C
:10A300006D0017E004208DF86D0013E008208DF833
:10A310006D000FE010208DF86D000BE020208DF80F
:10A320006D0007E040208DF86D0003E080208DF87F
:10A330006D00FFE7FCE11D98006844F60041C4F29F
:10A34000000188422ED1FFE744F25440C5F60200D6
:10A35000006800F0070001460D9105281DD80D99F1
:10A36000DFE801F003070B0F131700208DF86D00D5
:10A3700017E004208DF86D0013E008208DF86D00C3
:10A380000FE010208DF86D000BE020208DF86D009F
:10A3900007E040208DF86D0003E080208DF86D000F
:10A3A000FFE7C4E11D98006845F20001C4F2000116
:10A3B00088422ED1FFE744F25440C5F602000068FF
:10A3C00000F0070001460C9105281DD80C99DFE824
:10A3D00001F003070B0F131700208DF86D0017E035
:10A3E00004208DF86D0013E008208DF86D000FE05B
:10A3F00010208DF86D000BE020208DF86D0007E037
:10A4000040208DF86D0003E080208DF86D00FFE79F
:10A410008CE11D98006841F20041C4F201018842BC
:10A4200040F04180FFE744F25440C5F60200006866
:10A4300000F0380001460B9128282FD80B99DFE84F
:10A4400001F0152D2D2D2D2D2D2D192D2D2D2D2DD1
:10A450002D2D1D2D2D2D2D2D2D2D212D2D2D2D2D48
:10A460002D2D252D2D2D2D2D2D2D290001208DF863
:10A470006D0017E004208DF86D0013E008208DF8C2
:10A480006D000FE010208DF86D000BE020208DF89E
:10A490006D0007E040208DF86D0003E080208DF80E
:10A4A0006D00FFE741E11D98006847F60001C4F226
:10A4B000000188422ED1FFE744F25440C5F6020065
:10A4C000006800F0070001460A9105281DD80A9986
:10A4D000DFE801F003070B0F131700208DF86D0064
:10A4E00017E004208DF86D0013E008208DF86D0052
:10A4F0000FE010208DF86D000BE020208DF86D002E
:10A5000007E040208DF86D0003E080208DF86D009D
:10A51000FFE709E11D98006847F60041C4F2000119
:10A5200088422ED1FFE744F25440C5F6020000688D
:10A5300000F007000146099105281DD80999DFE8B8
:10A5400001F003070B0F131700208DF86D0017E0C3
:10A5500004208DF86D0013E008208DF86D000FE0E9
:10A5600010208DF86D000BE020208DF86D0007E0C5
:10A5700040208DF86D0003E080208DF86D00FFE72E
:10A58000D1E01D98006841F60001C4F20101884243
:10A5900040F04180FFE744F25440C5F602000068F5
:10A5A00000F038000146089128282FD80899DFE8E4
:10A5B00001F0152D2D2D2D2D2D2D192D2D2D2D2D60
:10A5C0002D2D1D2D2D2D2D2D2D2D212D2D2D2D2DD7
:10A5D0002D2D252D2D2D2D2D2D2D290001208DF8F2
:10A5E0006D0017E004208DF86D0013E008208DF851
:10A5F0006D000FE010208DF86D000BE020208DF82D
:10A600006D0007E040208DF86D0003E080208DF89C
:10A610006D00FFE786E01D98006841F60041C4F236
:10A620000101884240F04180FFE744F25440C5F602
:10A630000200006800F038000146079128282FD852
:10A640000799DFE801F0152D2D2D2D2D2D2D192D1C
:10A650002D2D2D2D2D2D1D2D2D2D2D2D2D2D212D46
:10A660002D2D2D2D2D2D252D2D2D2D2D2D2D290053
:10A6700001208DF86D0017E004208DF86D0013E0C7
:10A6800008208DF86D000FE010208DF86D000BE0B4
:10A6900020208DF86D0007E040208DF86D0003E06C
:10A6A00080208DF86D00FFE73BE01D98006840F6C4
:10A6B0000041C5F6000188422ED1FFE744F2584020
:10A6C000C5F60200006800F0070001460691052863
:10A6D0001DD80699DFE801F003070B0F13170220BE
:10A6E0008DF86D0017E004208DF86D0013E0082050
:10A6F0008DF86D000FE010208DF86D000BE020202C
:10A700008DF86D0007E040208DF86D0003E080209B
:10A710008DF86D00FFE703E080208DF86D00FFE706
:10A72000FFE7FFE7FFE7FFE7FFE7FFE7FFE7FFE7F9
:10A73000FFE7FFE7FFE71D98006840F60041C5F618
:10A740000001884240F0B480FFE79DF86D000146AB
:10A750000591022814D0FFE70598042814D0FFE7DC
:10A760000598082816D0FFE70598102818D0FFE7AD
:10A770000598202835D0FFE70598402837D03AE0E3
:10A78000F0F7DAFB11903CE015A8F0F7E9FB16981A
:10A79000119036E012A8F0F72FFD1398119030E0D9
:10A7A00044F20040C5F60200006800F020010020DD
:10A7B000B0EB511F0ED0FFE744F20040C5F6020097
:10A7C0000068C0F3C10149F20000C0F2D030C840B7
:10A7D000119005E049F20000C0F2D0301190FFE77F
:10A7E0000FE040F60010C0F23D00119009E04FF478
:10A7F0000040119005E00020119001208DF86700C5
:10A80000FFE71198002852D0FFE711981D994A6A76
:10A8100044F2D071C0F6020131F81210B0FBF1F031
:10A82000189018981D99496801EB4101884207D397
:10A83000FFE718981D994968B0EB013F04D9FFE77D
:10A8400001208DF8670031E011981D994A68039244
:10A850004A6A44F2D071C0F6020131F81220002396
:10A8600004931946E5F726FE039A049B090241EA80
:10A870001061000210EB520041F10001E5F71AFEF1
:10A880001A901A98B0F5407F0BD3FFE71A99002071
:10A89000B0EB115F05D1FFE71A981D990968C860F0
:10A8A00003E001208DF86700FFE7FFE7FFE746E1DF
:10A8B0001D98C069B0F5004F40F0A880FFE79DF8F3
:10A8C0006D0001460291402800F263800299DFE8A2
:10A8D00001F021256060296060602F606060606029
:10A8E0006060356060606060606060606060606093
:10A8F0006060566060606060606060606060606062
:10A900006060606060606060606060606060606047
:10A9100060605C00F2F770F8119040E0F2F780F8A8
:10A9200011903CE015A8F0F71BFB1698119036E04B
:10A9300012A8F0F761FC1398119030E044F2004047
:10A94000C5F60200006800F020010020B0EB511FA6
:10A950000ED0FFE744F20040C5F602000068C0F3E5
:10A96000C10149F20000C0F2D030C840119005E0AA
:10A9700049F20000C0F2D0301190FFE70FE040F63E
:10A980000010C0F23D00119009E04FF4004011901A
:10A9900005E00020119001208DF86700FFE7119875
:10A9A00098B3FFE711981D9A5168536A44F2D07228
:10A9B000C0F6020232F81320B0FBF2F0400000EBC8
:10A9C0005100B0FBF1F01A901A98102818D3FFE745
:10A9D000BDF86A00A0B9FFE71A9820F00F00ADF8A3
:10A9E0006E001A9800F00E01BDF86E0040EA5100AA
:10A9F000ADF86E00BDF86E001D990968C86003E0EF
:10AA000001208DF86700FFE7FFE797E09DF86D00F4
:10AA100001460191402800F263800199DFE801F0CE
:10AA200021256060296060602F6060606060606008
:10AA30003560606060606060606060606060606041
:10AA40005660606060606060606060606060606010
:10AA500060606060606060606060606060606060F6
:10AA60005C00F1F7C9FF119040E0F1F7D9FF1190B8
:10AA70003CE015A8F0F774FA1698119036E012A889
:10AA8000F0F7BAFB1398119030E044F20040C5F69D
:10AA90000200006800F020010020B0EB511F0ED032
:10AAA000FFE744F20040C5F602000068C0F3C101B0
:10AAB00049F20000C0F2D030C840119005E049F2E0
:10AAC0000000C0F2D0301190FFE70FE040F6001018
:10AAD000C0F23D00119009E04FF40040119005E0F4
:10AAE0000020119001208DF86700FFE7119820B336
:10AAF000FFE711981D9A5168536A44F2D072C0F66C
:10AB0000020232F81320B0FBF2F000EB5100B0FB70
:10AB1000F1F01A901A9810280AD3FFE7BDF86A00DE
:10AB200030B9FFE7BDF868001D990968C86003E007
:10AB300001208DF86700FFE7FFE7FFE7FFE71D99BA
:10AB40000120A1F86A001D99A1F868001D99002054
:10AB500048671D9988679DF867001EB080BD00009A
:10AB600080B588B006900591ADF812200598069939
:10AB70008865BDF812000699A1F85C0006990020CE
:10AB8000C1F8900006992220C1F88C000698D0F8F0
:10AB90008000B0B3FFE70698D0F8801049F6016056
:10ABA000C0F60100C8630698D0F8801049F6F96035
:10ABB000C0F6010008640698D0F8801049F681506C
:10ABC000C0F60100C8640698D0F88010002008651F
:10ABD00006980168826DD0F880002431BDF81230EB
:10ABE000ECF74AFD60B1FFE706991020C1F890002C
:10ABF00006992020C1F88C0001208DF81F0042E04A
:10AC0000FFE706980069A0B1FFE7FFE7FFE70698B6
:10AC1000006850E8000F40F480700390FFE703994C
:10AC20000698026842E800100028F0D1FFE7FFE72D
:10AC3000FFE7FFE7FFE70698006850E8020F40F0E3
:10AC400001000290FFE702990698026842E80210AC
:10AC50000028F0D1FFE7FFE7FFE7FFE7069800686D
:10AC600050E8020F40F040000190FFE7019906987C
:10AC7000026842E802100028F0D1FFE7FFE7002059
:10AC80008DF81F00FFE79DF81F0008B080BD000091
:10AC900080B586B0DDF820C0049003918DF80B20BC
:10ACA0000193FFE704980068C06903990840401ABF
:10ACB000B0FA80F040099DF80B10884266D1FFE79A
:10ACC00008980130002860D0FFE7EEF7A1FD019958
:10ACD000401A0899884203D8FFE7089820B9FFE78F
:10ACE00003208DF8170055E00498006800684007BD
:10ACF000002849D5FFE70398802845D0FFE703984F
:10AD0000402841D0FFE704980068C06900F00801BE
:10AD10000120B0EBD10F16D1FFE70498016808209D
:10AD2000009008620498FFF74FF900980499C1F861
:10AD30009000FFE70499002081F88400FFE70120DC
:10AD40008DF8170026E004980068C06900F40061DF
:10AD50000120B0EBD12F16D1FFE7049801684FF422
:10AD6000006008620498FFF72FF904992020C1F8C9
:10AD70009000FFE70499002081F88400FFE703209A
:10AD80008DF8170006E0FFE7FFE78BE700208DF85E
:10AD90001700FFE79DF8170006B080BD0000000017
:10ADA00082B001908DF803108DF8022002B0704738
:10ADB00080B582B044F61030C2F200400190F5F741
:10ADC000B3F8019840F64621C2F20041C822F4F7D8
:10ADD00087FE44F20010C2F2004000681021C4F265
:10ADE0000201884200F0B280FFE744F20010C2F294
:10ADF000004000682821C4F20201884200F0A680C9
:10AE0000FFE744F20010C2F2004000684021C4F2A3
:10AE10000201884200F09A80FFE744F20010C2F27B
:10AE2000004000685821C4F20201884200F08E8080
:10AE3000FFE744F20010C2F2004000687021C4F243
:10AE40000201884200F08280FFE744F20010C2F263
:10AE5000004000688821C4F20201884276D0FFE7F2
:10AE600044F20010C2F200400068A021C4F20201C6
:10AE700088426BD0FFE744F20010C2F20040006845
:10AE8000B821C4F20201884260D0FFE744F200100A
:10AE9000C2F20040006840F21041C4F20201884250
:10AEA00054D0FFE744F20010C2F20040006840F2C4
:10AEB0002841C4F20201884248D0FFE744F2001062
:10AEC000C2F20040006840F24041C4F202018842F0
:10AED0003CD0FFE744F20010C2F20040006840F2AC
:10AEE0005841C4F20201884230D0FFE744F200101A
:10AEF000C2F20040006840F27041C4F20201884290
:10AF000024D0FFE744F20010C2F20040006840F293
:10AF10008841C4F20201884218D0FFE744F20010D1
:10AF2000C2F20040006840F2A041C4F2020188422F
:10AF30000CD0FFE744F20010C2F20040006840F27B
:10AF4000B841C4F2020188420AD1FFE744F200107E
:10AF5000C2F200400168086820F00800086009E0BB
:10AF600044F20010C2F200400168086820F00400BA
:10AF70000860FFE702B080BD80B544F6A430C2F29D
:10AF800000404FF22C31C2F201414FF48072F4F7CD
:10AF9000A7FD44F2F010C2F2004000681021C4F294
:10AFA0000201884200F0B280FFE744F2F010C2F2E2
:10AFB000004000682821C4F20201884200F0A68007
:10AFC000FFE744F2F010C2F2004000684021C4F2F2
:10AFD0000201884200F09A80FFE744F2F010C2F2CA
:10AFE000004000685821C4F20201884200F08E80BF
:10AFF000FFE744F2F010C2F2004000687021C4F292
:10B000000201884200F08280FFE744F2F010C2F2B1
:10B01000004000688821C4F20201884276D0FFE730
:10B0200044F2F010C2F200400068A021C4F2020114
:10B0300088426BD0FFE744F2F010C2F20040006893
:10B04000B821C4F20201884260D0FFE744F2F01058
:10B05000C2F20040006840F21041C4F2020188428E
:10B0600054D0FFE744F2F010C2F20040006840F212
:10B070002841C4F20201884248D0FFE744F2F010B0
:10B08000C2F20040006840F24041C4F2020188422E
:10B090003CD0FFE744F2F010C2F20040006840F2FA
:10B0A0005841C4F20201884230D0FFE744F2F01068
:10B0B000C2F20040006840F27041C4F202018842CE
:10B0C00024D0FFE744F2F010C2F20040006840F2E2
:10B0D0008841C4F20201884218D0FFE744F2F01020
:10B0E000C2F20040006840F2A041C4F2020188426E
:10B0F0000CD0FFE744F2F010C2F20040006840F2CA
:10B10000B841C4F2020188420AD1FFE744F2F010CC
:10B11000C2F200400168086820F00800086009E0F9
:10B1200044F2F010C2F200400168086820F0040008
:10B130000860FFE744F6A430C2F20040F4F7F4FEE2
:10B1400080BD00000000000080B586B004908DF83E
:10B150000F100498D0F8C80201900498D0F8D412C7
:10B1600000EB8100D0F8C00220B9FFE703208DF882
:10B1700017005FE00498D0F8D41200EB8100D0F8FB
:10B18000C002029004989DF80F1001F00F0101EB2E
:10B19000810100EB8100806940B3FFE704989DF8CE
:10B1A0000F1001F00F0101EB810200EB82008269B8
:10B1B000019801EBC10100EB8100C169B2FBF1F024
:10B1C00000FB112090B9FFE704989DF80F1001F0E3
:10B1D0000F0101EB810100EB8100002383610498E2
:10B1E0009DF80F101A4601F003FE1FE0029900209F
:10B1F000C1F814020498D0F8D41200EB8100D0F802
:10B20000C402006988B1FFE70498D0F8D41200EBBB
:10B210008100D0F8C40203690299D1F8080201F54F
:10B2200004719DF80F209847FFE7FFE700208DF895
:10B230001700FFE79DF8170006B080BD0000000072
:10B2400080B584B002908DF807100298D0F8D4121F
:10B2500000EB8100D0F8C00200900298D0F8D41220
:10B2600000EB8100D0F8C00220B9FFE703208DF881
:10B270000F0019E002989DF8071001F029FB0099D2
:10B28000C1F80C020298D0F8D41200EB8100D0F87B
:10B29000C402C2680099D1F8040201F50371904715
:10B2A00000208DF80F00FFE79DF80F0004B080BD6F
:10B2B00080B586B005908DF81310059840F2A9016D
:10B2C000C2F200410091097801F016F90099059841
:10B2D000097801F00F0101EB810100EB81010020F1
:10B2E00003908884059840F2AA01C2F200410191BE
:10B2F000097801F001F9019A03980599127802F092
:10B300000F0202EB820201EB8201A1F864010598B1
:10B3100040F2A801C2F200410291097801F0ECF874
:10B32000029A03980599137803F00F0303EB830344
:10B3300001EB830188840599127802F00F0202EB79
:10B34000820201EB8201C8840598D0F8D41200EB88
:10B350008100D0F8C002F0B1FFE70598D0F8D41210
:10B3600000EB8100D0F8C402406880470598D0F80F
:10B37000D41200EB8100D0F8C00202F0E5F9059884
:10B38000D0F8D41200EB81010020C1F8C002059969
:10B39000C1F8BC02FFE7002006B080BD000000003D
:10B3A00080B584B002900298D0F8D41200EB8100EE
:10B3B000D0F8C0020190019820B9FFE703208DF872
:10B3C0000F0025E00298D0F8D41200EB8100D0F8ED
:10B3D000C402C8B1FFE7019890F80002FF2813D01B
:10B3E000FFE70298D0F8D41200EB8100D0F8C40235
:10B3F0008368019991F8000291F801229847019918
:10B40000FF2081F80002FFE700208DF80F00FFE722
:10B410009DF80F0004B080BD81B0009000990A2013
:10B42000088040F2EC10C2F2004001B0704700000A
:10B4300080B586B0059040F2A810C2F2004001909D
:10B44000822100F019FE014601980491012100F0CB
:10B4500013FE014601980391812100F00DFE029038
:10B46000049820B1FFE7049910208871FFE7039842
:10B4700020B1FFE7039940208880FFE7029820B1C0
:10B48000FFE7029940208880FFE705994320088064
:10B4900040F2A810C2F2004006B080BD00000000DB
:10B4A00080B586B0059040F2A810C2F2004001902D
:10B4B000822100F0E1FD014601980491012100F094
:10B4C000DBFD014601980391812100F0D5FD02903A
:10B4D000049820B1FFE7049910208871FFE70398D2
:10B4E00028B1FFE703994FF400708880FFE70298C6
:10B4F00028B1FFE702994FF400708880FFE70599B3
:10B500004320088040F2A810C2F2004006B080BD7F
:10B5100080B586B0059040F2A810C2F200400190BC
:10B52000822100F0A9FD014601980491012100F05B
:10B53000A3FD014601980391812100F09DFD029039
:10B54000049820B1FFE7049910208871FFE7039861
:10B5500020B1FFE7039940208880FFE7029820B1DF
:10B56000FFE7029940208880FFE705994320088083
:10B5700040F2A810C2F2004006B080BD00000000FA
:10B5800080B590B00E908DF837104FF4077002F030
:10B59000DFF80C900C9860B9FFE70E98D0F8D41241
:10B5A00000EB81010020C1F8C00202208DF83F00AD
:10B5B000F0E00C984FF40771E5F7C1F80C980E997C
:10B5C000D1F8D42201EB8201C1F8C0020E99D1F862
:10B5D000D40201EB8000D0F8C002C1F8BC020E9882
:10B5E000007C002840D1FFE70E9840F2A901C2F28A
:10B5F000004107910978022208924FF400730993E1
:10B6000001F05AFA0799089A099B0E98097801F0F7
:10B610000F0101EB810100EB810101200B90888477
:10B620000E9840F2AA01C2F200410A91097801F095
:10B6300043FA0A9A0B980E99127802F00F0202EB65
:10B64000820201EB8201A1F864010E9840F2A80188
:10B65000C2F20041097801F00F0101EB810100EB1A
:10B6600081011020C8843EE00E9840F2A901C2F288
:10B67000004102910978022203924023049301F0D1
:10B680001BFA0299039A049B0E98097801F00F01A6
:10B6900001EB810100EB81010120069088840E9866
:10B6A00040F2AA01C2F200410591097801F004FAC2
:10B6B000059A06980E99127802F00F0202EB8202A8
:10B6C00001EB8201A1F864010E9840F2A801C2F2D8
:10B6D0000041097801F00F0101EB810100EB8101CC
:10B6E0001020C884FFE70E9840F2A801C2F2004182
:10B6F000009109780322082301F0DEF900990E98E1
:10B70000097801F00F0101EB810100EB81010120BB
:10B7100088840C9900200190C1F804020E98D0F89A
:10B72000D41200EB8100D0F8C40200688047019871
:10B730000C99C1F814020C99C1F818020C98D0F8B1
:10B74000040220B9FFE702208DF83F0022E00E98A6
:10B75000007C70B9FFE70E9840F2AA01C2F20041E6
:10B7600009780C9AD2F804224FF4007301F0CCF956
:10B770000CE00E9840F2AA01C2F2004109780C9A3E
:10B78000D2F80422402301F0BFF9FFE700208DF832
:10B790003F00FFE79DF83F0010B080BD00000000B3
:10B7A00080B584B002900298D0F8D41200EB8100EA
:10B7B000D0F8C00201900298D0F8D41200EB8100BA
:10B7C000D0F8C00220B9FFE703208DF80F0022E077
:10B7D0000298007C70B9FFE7029840F2AA01C2F219
:10B7E00000410978019AD2F804224FF4007301F065
:10B7F0008BF90CE0029840F2AA01C2F200410978EC
:10B80000019AD2F80422402301F07EF9FFE70020DC
:10B810008DF80F00FFE79DF80F0004B080BD000019
:10B8200083B001900091009820B9FFE703208DF8C4
:10B830000B000BE000980199D1F8D42201EB8201B2
:10B84000C1F8C40200208DF80B00FFE79DF80B0043
:10B8500003B070470000000084B00290019102988C
:10B86000D0F8D41200EB8100D0F8C002009000980C
:10B8700020B9FFE703208DF80F0007E00198009939
:10B88000C1F8040200208DF80F00FFE79DF80F00BB
:10B8900004B070470000000085B00390029101924F
:10B8A0000398D0F8D41200EB8100D0F8C0020090C9
:10B8B000009820B9FFE703208DF813000BE00298F1
:10B8C0000099C1F8080201980099C1F810020020FF
:10B8D0008DF81300FFE79DF8130005B070470000D6
:10B8E00080B58AB0089007910898D0F8D41200EB80
:10B8F0008100D0F8C002069000208DF81500ADF848
:10B9000012008DF81100069820B9FFE703208DF88A
:10B910002700C7E00798007800F060000146039117
:10B9200000285ED0FFE70398202840F0AE80FFE7B4
:10B930000798C088002846D0FFE7079800780006DF
:10B94000002823D5FFE70898D0F8D41200EB810037
:10B95000D0F8C4028368079A50780699D28898472D
:10B960000798C088082803D3FFE70720029003E068
:10B970000798C0880290FFE70298ADF81600089873
:10B980000699BDF8162000F083F91BE0079840786F
:10B99000069981F800020798C0883F2804D8FFE77D
:10B9A0000798C088019002E040200190FFE70198CD
:10B9B000069981F801020898069991F8012200F091
:10B9C00037F9FFE70CE00898D0F8D41200EB8100BB
:10B9D000D0F8C40283680799487800229847FFE7A7
:10B9E0005BE007984078014600910B2844D8009905
:10B9F000DFE801F0064142424242424242421C32EA
:10BA0000089890F89C02032807D1FFE708980DF1E9
:10BA10001201022200F03CF907E00898079900F0B3
:10BA2000F7F803208DF81100FFE72DE0089890F853
:10BA30009C02032807D1FFE708980DF115010122A8
:10BA400000F026F907E00898079900F0E1F80320D4
:10BA50008DF81100FFE717E0089890F89C02032882
:10BA600008D0FFE70898079900F0D2F803208DF876
:10BA70001100FFE708E007E00898079900F0C8F810
:10BA800003208DF81100FFE707E00898079900F000
:10BA9000BFF803208DF81100FFE79DF811008DF825
:10BAA0002700FFE79DF827000AB080BD00000000D6
:10BAB00080B584B002900298D0F8D41200EB8100D7
:10BAC000D0F8C002019001208DF80300019820B940
:10BAD000FFE703208DF80F002AE00198D0F8140248
:10BAE00008BBFFE701990120C1F814020198D0F8C2
:10BAF0001002029A40F2A901C2F200410B7803F051
:10BB00000F0303EB830302EB830290610298097831
:10BB1000019BD3F80822D3F8103201F069F9002014
:10BB20008DF80300FFE79DF803008DF80F00FFE795
:10BB30009DF80F0004B080BD80B582B001908DF8F3
:10BB4000031000208DF802000198D0F8B8124A685E
:10BB50009DF80310904720B1FFE703208DF8020005
:10BB6000FFE79DF8020002B080BD00000000000069
:10BB700080B582B001900091019890F89C02013844
:10BB800002280ED8FFE700984088012808D1FFE777
:10BB900001990020C1F8A402019800F095F8FFE790
:10BBA00004E00198009900F033F8FFE702B080BD8F
:10BBB00082B001908DF80310002002B070470000A1
:10BBC00082B001908DF80310002002B07047000091
:10BBD00080B584B00390029101920398029A019B70
:10BBE0000021009100F090FF009804B080BD00009B
:10BBF00080B584B00390029101920398029A019B50
:10BC00000021009101F0F4F8009804B080BD00001C
:10BC100080B582B0019000910198802101F094F8E4
:10BC20000198002101F090F802B080BD00000000F2
:10BC300080B584B003900291019203990320C1F86A
:10BC4000940201980399C1F8580101980399C1F829
:10BC50005C010398029A019B0021009100F054FFBF
:10BC6000009804B080BD000080B582B001900199B9
:10BC70000520C1F8940201980023009319461A4642
:10BC800000F042FF009802B080BD000000000000FC
:10BC900080B584B003900291019203990220C1F80B
:10BCA000940201980399886101980399C8610398E7
:10BCB000029A019B0021009101F09AF8009804B0CB
:10BCC00080BD00000000000080B582B001900199A5
:10BCD0000420C1F8940201980023009319461A46E3
:10BCE00001F086F8009802B080BD0000000000005E
:10BCF00080B584B0039002910298C088012805D0D5
:10BD0000FFE703980299FFF783FF21E0039890F87B
:10BD10009C12481E0191022804D3FFE701980328D2
:10BD20000AD00FE0039900208860039800F1080111
:10BD30000122FFF7ADFF0AE00398011D0122FFF782
:10BD4000A7FF04E003980299FFF762FFFFE7FFE710
:10BD500004B080BD0000000080B588B00790069157
:10BD60000020ADF8160004908DF80F000698C078FA
:10BD70000138014602910E2800F241810299DFE864
:10BD800011F02A00340051003E013E010B01230155
:10BD90003E013E013E013E013E013E013E010F00DB
:10BDA0000798D0F8B402C06950B1FFE70798D0F8FF
:10BDB000B412CA69007C0DF116019047049009E0A5
:10BDC00007980699FFF724FF9DF80F0001308DF8C2
:10BDD0000F00FFE71DE10798D0F8B4120A68007C55
:10BDE0000DF116019047049013E10798007C60B9AB
:10BDF000FFE70798D0F8B802816A0DF1160088476E
:10BE000004900499022048700BE00798D0F8B8021B
:10BE1000C16A0DF116008847049004990220487009
:10BE2000FFE7F6E00698807801460191052800F2C8
:10BE3000A8800199DFE801F0031E39546F8A079842
:10BE4000D0F8B402406850B1FFE70798D0F8B412B8
:10BE50004A68007C0DF116019047049009E00798AC
:10BE60000699FFF7D5FE9DF80F0001308DF80F0001
:10BE7000FFE790E00798D0F8B402806850B1FFE780
:10BE80000798D0F8B4128A68007C0DF1160190472B
:10BE9000049009E007980699FFF7BAFE9DF80F0095
:10BEA00001308DF80F00FFE775E00798D0F8B40275
:10BEB000C06850B1FFE70798D0F8B412CA68007C98
:10BEC0000DF116019047049009E007980699FFF7D5
:10BED0009FFE9DF80F0001308DF80F00FFE75AE03C
:10BEE0000798D0F8B402006950B1FFE70798D0F87E
:10BEF000B4120A69007C0DF116019047049009E024
:10BF000007980699FFF784FE9DF80F0001308DF821
:10BF10000F00FFE73FE00798D0F8B402406950B146
:10BF2000FFE70798D0F8B4124A69007C0DF11601BA
:10BF30009047049009E007980699FFF769FE9DF87D
:10BF40000F0001308DF80F00FFE724E00798D0F8CC
:10BF5000B402806950B1FFE70798D0F8B4128A693B
:10BF6000007C0DF116019047049009E007980699AE
:10BF7000FFF74EFE9DF80F0001308DF80F00FFE730
:10BF800009E007980699FFF743FE9DF80F0001307E
:10BF90008DF80F00FFE73CE00798007C48B9FFE709
:10BFA0000798D0F8B802416B0DF11600884704904D
:10BFB00009E007980699FFF72BFE9DF80F00013066
:10BFC0008DF80F00FFE724E00798007C60B9FFE7D9
:10BFD0000798D0F8B802016B0DF11600884704905D
:10BFE00004990720487009E007980699FFF710FEAA
:10BFF0009DF80F0001308DF80F00FFE709E007986A
:10C000000699FFF705FE9DF80F0001308DF80F002F
:10C01000FFE79DF80F0008B1FFE72AE00698C08807
:10C0200018B3FFE7BDF81600C8B1FFE7BDF816006A
:10C030000699C988884204DAFFE7BDF81600009027
:10C0400003E00698C0880090FFE70098ADF816005E
:10C0500007980499BDF81620FFF71AFE04E0079828
:10C060000699FFF7D5FDFFE703E00798FFF72CFEE1
:10C07000FFE708B080BD000080B586B005908DF860
:10C0800013100598039005980290002001900299E2
:10C0900048880978884227DDFFE702980078ADF8E4
:10C0A0000200FFE7BDF802000299498888421ADAC7
:10C0B000FFE703980DF1020100F036F803900398B2
:10C0C000407805280ED1FFE7039801900198807809
:10C0D0009DF81310884201D1FFE704E00020019091
:10C0E000FFE7FFE7DEE7FFE7019806B080BD00004D
:10C0F00083B0029000208DF8070002980090FFE7BF
:10C100000098007848B1FFE79DF8070001308DF8EE
:10C110000700009801300090F2E79DF8070003B097
:10C12000704700000000000083B002900191029867
:10C1300000900098027801990888104408800298BD
:10C140000099097808440090009803B070470000F7
:10C1500080B582B001900091019890F89C0201385E
:10C1600002281FD8FFE70098C088022805D0FFE703
:10C1700001980099FFF74CFD19E001990120C86072
:10C180000198D0F8A40230B1FFE70199C86840F0E7
:10C190000200C860FFE7019800F10C010222FFF7DE
:10C1A00077FD04E001980099FFF732FDFFE702B048
:10C1B00080BD00000000000080B586B005900491AD
:10C1C000039200208DF80B00059808B9FFE74FE0B7
:10C1D000059801900198FFF78BFF0146022000EBC4
:10C1E0004100B0F5007F04D9FFE74FF400700090E4
:10C1F00008E00198FFF77CFF0146022000EB4100B8
:10C200000090FFE70098039908800398007804994C
:10C210009DF80B2088549DF80B0001308DF80B0021
:10C2200004999DF80B20032088549DF80B000130E1
:10C230008DF80B00FFE701980078C8B1FFE701987F
:10C24000007804999DF80B208854019801300190E2
:10C250009DF80B0001308DF80B0004999DF80B2020
:10C26000002088549DF80B0001308DF80B00E2E7A8
:10C2700006B080BD0000000082B08DF807000020ED
:10C280008DF806009DF8070001460091032814D898
:10C290000099DFE801F002060A0E00208DF8060082
:10C2A0000FE003208DF806000BE001208DF806005A
:10C2B00007E003208DF8060003E003208DF8060058
:10C2C000FFE79DF8060002B0704700000000000084
:10C2D00080B582B08DF8070000919DF8070060B925
:10C2E000FFE7009A45F2D000C0F6020040F2086174
:10C2F000C2F20041FFF760FF0BE0009A45F2D00068
:10C30000C0F6020040F20861C2F20041FFF754FF9C
:10C31000FFE740F20860C2F2004002B080BD0000BA
:10C3200082B08DF80700009100991220088040F239
:10C33000F810C2F2004002B0704700000000000098
:10C3400080B582B08DF8070000919DF8070060B9B4
:10C35000FFE7009A45F2C200C0F6020040F2086111
:10C36000C2F20041FFF728FF0BE0009A45F2C2003D
:10C37000C0F6020040F20861C2F20041FFF71CFF64
:10C38000FFE740F20860C2F2004002B080BD00004A
:10C3900082B08DF80700009100990420088040F2D7
:10C3A0002020C2F2004002B07047000000000000F0
:10C3B00080B584B08DF80F000291029A45F2DB003F
:10C3C000C0F6020040F20861C2F200410191FFF79D
:10C3D000F3FE019804B080BD80B582B08DF80700EF
:10C3E00000919DF8070060B9FFE7009A45F2EE0062
:10C3F000C0F6020040F20861C2F20041FFF7DCFE25
:10C400000BE0009A45F2EE00C0F6020040F208612F
:10C41000C2F20041FFF7D0FEFFE740F20860C2F22F
:10C42000004002B080BD000080B582B08DF80700EA
:10C43000009100991A200880E7F79EFA40F2242024
:10C44000C2F2004002B080BD80B584B0029001917C
:10C450008DF80320029820B9FFE703208DF80F0024
:10C4600023E002990020C1F8B8020299C1F8C40281
:10C470000299C1F8D002019828B1FFE7019802990A
:10C48000C1F8B402FFE70299012081F89C029DF8EF
:10C49000030002990870029800F02AFA8DF8020051
:10C4A0009DF802008DF80F00FFE79DF80F0004B023
:10C4B00080BD00000000000080B582B001908DF8C2
:10C4C000031000208DF802008DF801000198D0F8CB
:10C4D000C8029DF80310EDF75BFC8DF802009DF893
:10C4E0000200FFF7C9FE8DF801009DF8010002B0BF
:10C4F00080BD00000000000080B582B001908DF882
:10C50000031000208DF802008DF801000198D0F88A
:10C51000C8029DF80310EDF7E7FB8DF802009DF8C7
:10C520000200FFF7A9FE8DF801009DF8010002B09E
:10C5300080BD00000000000080B588B006908DF836
:10C54000171004929DF81700002874D1FFE7069891
:10C55000143003900698D0F8940202285DD1FFE7CA
:10C5600003998868C968884212D9FFE703998868E7
:10C57000CA68801A886006980499039A9268FFF73F
:10C5800037FB0698002319461A4600F0BDFA43E02F
:10C5900003988168C06888421ED1FFE70399486804
:10C5A000C968884218D3FFE7039840680699D1F814
:10C5B0009812884210D2FFE7069800220192114695
:10C5C000FFF716FB019B0698C0F8983206981946AB
:10C5D0001A4600F099FA1EE0069890F89C0203288B
:10C5E00011D1FFE70698D0F8B802C06850B1FFE754
:10C5F00006990020C1F8D4020698D0F8B812C9688C
:10C600008847FFE7FFE70698802100F09DFB06982A
:10C61000FFF72AFBFFE7FFE7FFE7069890F8A00285
:10C6200040B1FFE7069800F077FC0699002081F8FA
:10C63000A002FFE740E006989DF8171041F0800146
:10C64000FFF7B6FA8DF80A009DF80A00FF2832D0ED
:10C65000FFE79DF80A0070BBFFE7069890F89C0280
:10C66000032827D1FFE706989DF80A1000EB810008
:10C67000D0F8B8024069E0B1FFE79DF80A000699DA
:10C68000C1F8D40206989DF80A1000EB8101D1F898
:10C69000B8124A699DF8171090478DF80B009DF865
:10C6A0000B0028B1FFE79DF80B008DF81F0007E095
:10C6B000FFE7FFE7FFE7FFE700208DF81F00FFE738
:10C6C0009DF81F0008B080BD80B58AB008908DF835
:10C6D0001F10069200208DF813009DF81F000028FF
:10C6E00040F08280FFE7089800F5AA70059008984E
:10C6F000D0F89402032876D1FFE705998868C968C5
:10C7000088421DD9FFE705998868CA68801A886041
:10C71000089802900698039005998868C96888422D
:10C7200004D2FFE705988068019003E00598C0688F
:10C730000190FFE703990298019AFFF749FA51E047
:10C74000089890F8AA0200F01F000146009140B13D
:10C75000FFE70098012808D0FFE7009802280CD0D6
:10C7600013E000208DF8120013E0089890F8AE1244
:10C77000FFF726FA8DF812000BE0089890F8AE1239
:10C78000FFF716FA8DF8120003E000208DF8120072
:10C79000FFE79DF8120008BBFFE7089890F89C029D
:10C7A00003281AD1FFE708989DF8121000EB8100CA
:10C7B000D0F8B802006978B1FFE79DF81200089937
:10C7C000C1F8D40208989DF8121000EB8101D1F84D
:10C7D000B81209698847FFE7FFE7FFE70898FFF706
:10C7E00073FAFFE7FFE740E008989DF81F1001F09B
:10C7F0007F01FFF7DDF98DF812009DF81200FF2888
:10C8000032D0FFE79DF8120070BBFFE7089890F860
:10C810009C0203281ED1FFE708989DF8121000EB38
:10C820008100D0F8B802806998B1FFE79DF8120046
:10C830000899C1F8D40208989DF8121000EB810104
:10C84000D1F8B8128A699DF81F1090478DF813002F
:10C85000FFE7FFE79DF8130028B1FFE79DF81300FD
:10C860008DF8270005E0FFE7FFE700208DF827009F
:10C87000FFE79DF827000AB080BD0000000000001F
:10C8800081B00090002001B070470000000000005F
:10C8900080B582B0019000208DF80300019901203D
:10C8A00081F89C020198D0F8B80268B1FFE70198BE
:10C8B000D0F8B8124A680179904720B1FFE7032009
:10C8C0008DF80300FFE7FFE79DF8030002B080BD8D
:10C8D00080B582B001908DF803100198D0F8C8029D
:10C8E0009DF80310EDF7B8FA02B080BD000000001B
:10C8F00080B584B0039003980078012838D1FFE711
:10C90000039944F2C040C2F200400290C0F8E01423
:10C910000399C1F8C8020021C4F204010160092191
:10C9200001710222C2710021817142728172C17251
:10C9300001738173C1730174EEF762F818B1FFE7F8
:10C94000E6F72AFDFFE744F2C040C2F20040019042
:10C950004FF40071EDF7FCF8019800218022EDF70B
:10C9600003F9019801214FF4BA72EDF7FDF8FFE7E2
:10C97000002004B080BD000084B002908DF8071044
:10C980000298D0F8C80200909DF807000006002821
:10C990000DD5FFE700989DF8071001F07F0101EB2E
:10C9A000C10100EB8100807D8DF80F000DE0009843
:10C9B0009DF8071001F07F0101EBC10100EB810040
:10C9C00090F856028DF80F00FFE79DF80F0004B0B5
:10C9D000704700000000000080B584B002908DF820
:10C9E00007100298D0F8D41200EB8100D0F8B802FA
:10C9F00020B9FFE703208DF80F0020E0029890F89F
:10CA00009C02032817D1FFE70298D0F8D41200EB5C
:10CA10008100D0F8B802006A60B1FFE70298D0F850
:10CA2000D41200EB8101D1F8B8120A6A9DF8071000
:10CA30009047FFE7FFE700208DF80F00FFE79DF824
:10CA40000F0004B080BD000080B584B002908DF866
:10CA500007100298D0F8D41200EB8100D0F8B80289
:10CA600020B9FFE703208DF80F0020E0029890F82E
:10CA70009C02032817D1FFE70298D0F8D41200EBEC
:10CA80008100D0F8B802406A60B1FFE70298D0F8A0
:10CA9000D41200EB8101D1F8B8124A6A9DF8071050
:10CAA0009047FFE7FFE700208DF80F00FFE79DF8B4
:10CAB0000F0004B080BD000080B584B003908DF8F5
:10CAC0000B108DF80A20ADF8083000208DF8070013
:10CAD0008DF806000398D0F8C8029DF80B10BDF839
:10CAE00008209DF80A30EDF7CBF98DF807009DF886
:10CAF0000700FFF7C1FB8DF806009DF8060004B0A3
:10CB000080BD00000000000080B586B005908DF863
:10CB100013100392029300208DF807008DF8060091
:10CB20000598D0F8C8029DF81310039A029BEDF700
:10CB30001FFA8DF807009DF80700FFF79DFB8DF8A1
:10CB400006009DF8060006B080BD00000000000051
:10CB500080B586B0059000208DF81300059A01215C
:10CB600082F89C120599C1F89402059948600599CC
:10CB7000C1F8A402059981F8A0020598D0F8B8027E
:10CB8000A0B1FFE70598D0F8B802406868B1FFE7A8
:10CB90000598D0F8B8124A680179904720B1FFE7AC
:10CBA00003208DF81300FFE7FFE7FFE70598002259
:10CBB0000192402303931146FFF77EFF019A039BE6
:10CBC000059901200290A1F864010598C0F8603130
:10CBD00005988021FFF770FF02990398059A9184C8
:10CBE000059908629DF8130006B080BD00000000A2
:10CBF00081B00090009890F89C02042807D1FFE7CC
:10CC0000009890F89D02009981F89C02FFE70020AF
:10CC100001B070470000000080B582B0019001981B
:10CC200090F89C02032813D1FFE70198D0F8B802CE
:10CC300068B1FFE70198D0F8B802C06930B1FFE7EA
:10CC40000198D0F8B812C9698847FFE7FFE7FFE706
:10CC5000002002B080BD000082B001908DF803106A
:10CC60009DF8030001990874002002B0704700008D
:10CC700080B582B001908DF8031000208DF802007D
:10CC80008DF801000198D0F8C8029DF80310EEF766
:10CC900057F88DF802009DF80200FFF7EDFA8DF8C5
:10CCA00001009DF8010002B080BD000000000000FE
:10CCB00080B584B003900291039800F2AA200299F3
:10CCC00000F0BAF803990120C1F894020399B1F871
:10CCD000B002C1F89802039890F8AA0200F01F0071
:10CCE0000146009140B1FFE7009801280CD0FFE712
:10CCF0000098022810D017E0039800F2AA2100F053
:10CD000067FA8DF8070019E0039800F2AA2100F0F5
:10CD10009FFC8DF8070011E0039800F2AA2100F0B3
:10CD2000BFFA8DF8070009E0039890F8AA1201F005
:10CD3000800100F009F88DF80700FFE79DF8070073
:10CD400004B080BD0000000080B582B001908DF875
:10CD5000031000208DF802008DF801000198D0F832
:10CD6000C8029DF80310EDF73BF98DF802009DF81D
:10CD70000200FFF781FA8DF801009DF8010002B072
:10CD800080BD00000000000080B582B0019000204E
:10CD90008DF803008DF802000198D0F8C802EEF774
:10CDA0000BF88DF803009DF80300FFF765FA8DF886
:10CDB00002009DF8020002B080BD000000000000EB
:10CDC00081B00090009890F89C02042807D0FFE7FB
:10CDD000009890F89C02009981F89D02FFE7009965
:10CDE000042081F89C02002001B070470000000080
:10CDF00080B586B005908DF8131003920293002041
:10CE00008DF807008DF806000598D0F8C8029DF847
:10CE10001310039A029BEDF753F98DF807009DF864
:10CE20000700FFF729FA8DF806009DF8060006B006
:10CE300080BD00000000000080B584B00390029126
:10CE400002980190019800780399087001980130C8
:10CE50000190019800780399487001980130019081
:10CE60000198FAF751FC039948800198013001902C
:10CE70000198013001900198FAF746FC03998880E7
:10CE80000198013001900198013001900198FAF762
:10CE90003BFC0399C88004B080BD00000000000086
:10CEA00080B584B0029001910020ADF80200019895
:10CEB00020B9FFE703208DF80F0026E001980299C2
:10CEC000C1F8B8020298D0F8D41200EB8100D0F873
:10CED000B802C06A78B1FFE70298D0F8D41200EB2C
:10CEE0008100D0F8B802C16A0DF1020088470299AA
:10CEF000C1F8D002FFE70299D1F8D8020130C1F899
:10CF0000D80200208DF80F00FFE79DF80F0004B055
:10CF100080BD00000000000081B00090002001B042
:10CF2000704700000000000080B584B003900291BB
:10CF300002988088B8BBFFE70298C08898BBFFE7DB
:10CF4000029840887F282ED8FFE70298807800F06A
:10CF50007F008DF80700039890F89C02032805D104
:10CF6000FFE703980299FEF753FE1BE09DF80700C8
:10CF7000039981F89E0203989DF80710FFF778FE49
:10CF80000398FEF7A1FE9DF8070028B1FFE703997B
:10CF9000022081F89C0204E00399012081F89C02A0
:10CFA000FFE7FFE704E003980299FEF731FEFFE791
:10CFB00004B080BD0000000080B582B001908DF803
:10CFC000031000208DF802000198D0F8B80250B18B
:10CFD000FFE70198D0F8B8120A689DF8031090474F
:10CFE0008DF80200FFE79DF8020002B080BD00004E
:10CFF00080B586B00490039100208DF80B00039853
:10D00000817840F20660C2F2004001700078022888
:10D0100008D3FFE704980399FEF7FAFD03208DF883
:10D020001700A0E0049890F89C02014601910228A4
:10D0300004D0FFE7019803282FD07FE040F206607C
:10D04000C2F20040007818B3FFE740F20661C2F276
:10D0500000410878049A506004980978FFF7ACFF03
:10D060008DF80B009DF80B0048B1FFE70498039979
:10D07000FEF7CEFD0499022081F89C0207E0049897
:10D08000FEF722FE0499032081F89C02FFE703E0EB
:10D090000498FEF719FEFFE760E040F20660C2F276
:10D0A0000040007898B9FFE70499022081F89C02BB
:10D0B00040F20661C2F200410878049A5060049878
:10D0C0000978FEF739FD0498FEF7FEFD35E040F2E1
:10D0D0000660C2F20040007804994968884227D06F
:10D0E000FFE704980179FEF727FD40F20661C2F2DE
:10D0F00000410878049A506004980978FFF75CFFB3
:10D100008DF80B009DF80B0068B1FFE704980399B8
:10D11000FEF77EFD04980179FEF70EFD04990220CA
:10D1200081F89C0203E00498FEF7CEFDFFE703E0E0
:10D130000498FEF7C9FDFFE7FFE70FE004980399A5
:10D14000FEF766FD049840F20661C2F200410978DC
:10D15000FEF7F2FC03208DF80B00FFE79DF80B00B3
:10D160008DF81700FFE79DF8170006B080BD00009E
:10D1700080B582B00190009100984088012808D1C4
:10D18000FFE701990120C1F8A4020198FEF79CFD78
:10D1900013E000984088022809D1FFE70098407901
:10D1A000019981F8A0020198FEF78EFD04E0019834
:10D1B0000099FEF72DFDFFE7FFE702B080BD0000FC
:10D1C00080B582B001900198FFF7DEFD02B080BD0E
:10D1D00080B586B00590049100208DF80F0004986A
:10D1E000007800F0600001460291A8B1FFE70298C4
:10D1F000202804D0FFE70298402846D1FFE7059891
:10D20000D0F8D41200EB8101D1F8B8128A680499E1
:10D2100090478DF80F003DE0049840780146019159
:10D2200009282CD80199DFE801F01B252A202A0AB9
:10D23000052A160F05980499FEF78EFD24E005983F
:10D240000499FFF771FE1FE005980499FFF7D0FEDF
:10D250008DF80F0018E005980499FEF749FD13E0DA
:10D2600005980499FEF774FF0EE005980499FFF7FE
:10D270007FFF09E005980499FEF77AFC04E0059821
:10D280000499FEF7C5FCFFE704E005980499FEF752
:10D29000BFFCFFE79DF80F0006B080BD0000000056
:10D2A00080B58CB00B900A9100208DF821000A986F
:10D2B00080888DF823000A98007800F0600001460D
:10D2C0000791B8B3FFE70798202805D0FFE7079834
:10D2D000402840F0B281FFE70B989DF82310FEF73D
:10D2E00067FC8DF822009DF82200FF2821D0FFE77F
:10D2F0009DF82200E8B9FFE79DF822000B99C1F8DC
:10D30000D4020B989DF8221000EB8100D0F8B802EF
:10D31000806868B1FFE70B989DF8221000EB81014F
:10D32000D1F8B8128A680A9990478DF82100FFE772
:10D33000FFE787E10A98407801460691002800F04F
:10D34000BD80FFE7069801284CD0FFE70698032828
:10D3500040F06D81FFE70B9890F89C020146059123
:10D36000022804D0FFE70598032819D034E09DF87F
:10D37000230078B1FFE79DF8230080280AD0FFE75B
:10D380000B989DF82310FFF7DFFC0B988021FFF727
:10D39000DBFC04E00B980A99FEF73AFCFFE720E07B
:10D3A0000A984088A0B9FFE79DF8230078B1FFE70D
:10D3B0009DF8230080280AD0FFE70A98C08830B97A
:10D3C000FFE70B989DF82310FFF7BEFCFFE7FFE790
:10D3D0000B98FEF779FC04E00B980A99FEF718FC0D
:10D3E000FFE729E10B9890F89C020146049102287E
:10D3F00004D0FFE70498032819D059E09DF82300D2
:10D4000078B1FFE79DF8230080280AD0FFE70B984A
:10D410009DF82310FFF798FC0B988021FFF794FCF0
:10D4200004E00B980A99FEF7F3FBFFE745E00A9842
:10D430004088E0BBFFE79DF82300400630B1FFE7DE
:10D440000B989DF82310FFF737F8FFE70B98FEF7CE
:10D450003BFC0B989DF82310FEF7AAFB8DF82200E9
:10D460009DF82200FF2821D0FFE79DF82200E8B9AF
:10D47000FFE79DF822000B99C1F8D4020B989DF8A4
:10D48000221000EB8100D0F8B802806868B1FFE795
:10D490000B989DF8221000EB8101D1F8B8128A6830
:10D4A0000A9990478DF82100FFE7FFE7FFE704E0C6
:10D4B0000B980A99FEF7ACFBFFE7BDE00B9890F8DC
:10D4C0009C0201460391022804D0FFE70398032839
:10D4D00038D0A6E09DF8230050B1FFE79DF8230067
:10D4E000802805D0FFE70B980A99FEF791FB9DE095
:10D4F0009DF82300000600280CD5FFE70B989DF847
:10D50000231001F07F0101EB810100EB8100143059
:10D5100002900CE00B989DF8231001F07F0101EBC5
:10D52000810100EB810000F5AA700290FFE70298EC
:10D5300009900999002008600B9809990222FEF7CA
:10D54000A7FB73E09DF823000006002812D5FFE733
:10D550000B989DF8231001F00F0101EB810100EB06
:10D560008100808C28B9FFE70B980A99FEF750FBE1
:10D570005CE012E00B989DF8231001F00F0101EB25
:10D58000810100EB8100B0F8640128B9FFE70B9836
:10D590000A99FEF73DFB49E0FFE79DF823000006EE
:10D5A00000280CD5FFE70B989DF8231001F07F01B0
:10D5B00001EB810100EB8100143001900CE00B982D
:10D5C0009DF8231001F07F0101EB810100EB810048
:10D5D00000F5AA700190FFE7019809909DF82300DB
:10D5E00028B1FFE79DF82300802804D1FFE70999BF
:10D5F000002008600FE00B989DF82310FFF7BCF99E
:10D6000020B1FFE709990120086003E00999002093
:10D610000860FFE7FFE70B9809990222FEF738FB45
:10D6200004E00B980A99FEF7F3FAFFE704E00B9881
:10D630000A99FEF7EDFAFFE704E00B980A99FEF766
:10D64000E7FAFFE79DF821000CB080BD0000000064
:10D6500080B584B00390029100208DF807000298F5
:10D66000007800F060000146009140B1FFE70098AB
:10D67000202804D0FFE7009840285AD1FFE70398FC
:10D6800090F89C02013802284DD8FFE702980079F3
:10D69000012842D8FFE7039802990979FEF790FA2A
:10D6A0008DF806009DF80600FF2825D0FFE79DF8BD
:10D6B000060008BBFFE703989DF8061000EB810009
:10D6C000D0F8B802806890B1FFE79DF80600039992
:10D6D000C1F8D40203989DF8061000EB8101D1F83F
:10D6E000B8128A68029990478DF8070003E003207A
:10D6F0008DF80700FFE703E003208DF80700FFE740
:10D700000298C08840B9FFE79DF8070020B9FFE7FD
:10D710000398FEF7D9FAFFE704E003980299FEF7B1
:10D7200077FAFFE704E003980299FEF771FAFFE742
:10D7300004E003980299FEF76BFAFFE79DF80700F3
:10D7400004B080BD0000000081B0009001B07047BF
:10D7500081B0009040F60800C2F2004001B070476E
:10D7600084B0039002910398019002980078009091
:10D7700002984078012830D1FFE70298007800F045
:10D780000F01012000FA01F20199D1F81C081043A1
:10D79000C1F81C080198009900EB4110D0F800096D
:10D7A0000004002818D4FFE7029988686FF3DF208F
:10D7B000097940EA8140009A40EA8250019901EBE0
:10D7C0004211D1F80029104348F20002C1F20002D0
:10D7D0001043C1F80009FFE72EE00298007800F03E
:10D7E0000F01012000FA01F20199D1F81C0840EA6A
:10D7F0000240C1F81C080198009900EB4110D0F8D4
:10D80000000B0004002816D4FFE7029988686FF324
:10D81000DF20097940EA81400199009A01EB421129
:10D82000D1F8002B104348F20002C1F2000210436D
:10D83000C1F8000BFFE7FFE7002004B070470000CD
:10D8400082B00190019800900099D1F8000940F24F
:10D85000FF729043C1F800090099D1F8040840F420
:10D860008070C1F80408002002B07047000000007A
:10D8700080B58AB0DDF830C0CDF814C004930392AF
:10D8800002919DF814108DF824100299039A049BBC
:10D8900008930792069101909DF81D00012823D15D
:10D8A000FFE70199886B20F4803088630199C8688C
:10D8B0004FF6BF72CFF6BD721040C8600199C868BC
:10D8C00020F44010C8609DF82400012806D1FFE72D
:10D8D0000199C86840F48010C860FFE7019800F023
:10D8E0003FF88DF803001AE00199C86840F0400045
:10D8F000C860019800F034F88DF803009DF821000D
:10D9000030B9FFE70199886B40F48030886305E007
:10D910000199886B20F480308863FFE7FFE79DF86A
:10D920001A00012816D1FFE70199C86D80B2C865B9
:10D930000199C86D0022C0F2EE321043C86501990A
:10D94000886840F0060088600199886840F02000EF
:10D950008860FFE79DF803000AB080BD000000006A
:10D9600083B0019000200090FFE700980130009004
:10D970000098B0F1706F04D9FFE703208DF80B0019
:10D9800026E0FFE701980069C00F0028EDD0FFE70F
:10D99000002000900199086940F001000861FFE74C
:10D9A0000098013000900098B0F1706F04D9FFE743
:10D9B00003208DF80B000BE0FFE70198006900F0F1
:10D9C00001000128ECD0FFE700208DF80B00FFE7F5
:10D9D0009DF80B0003B0704784B003900291039848
:10D9E000019002980078009002984078012845D173
:10D9F000FFE70198009900EB4110D0F80009C00F33
:10DA0000A8B1FFE70198009900EB4111D1F8000996
:10DA100040F00060C1F800090198009900EB411145
:10DA2000D1F8000940F08040C1F80009FFE70298F2
:10DA3000007800F00F01012000FA01F3019AD2F8FA
:10DA40003C189943C2F83C180299097801F00F017B
:10DA500000FA01F20199D1F81C089043C1F81C08A2
:10DA60000198009900EB4111D1F8000947F6000236
:10DA7000CEF633421040C1F8000946E00198009903
:10DA800000EB4110D0F8000BC00FA8B1FFE70198E0
:10DA9000009900EB4111D1F8000B40F00060C1F893
:10DAA000000B0198009900EB4111D1F8000B40F0F8
:10DAB0008040C1F8000BFFE70298007800F00F01EA
:10DAC000012000FA01F3019AD2F83C1821EA03413F
:10DAD000C2F83C180299097801F00F0100FA01F22E
:10DAE0000199D1F81C0820EA0240C1F81C080198ED
:10DAF000009900EB4111D1F8000B47F60002CEF679
:10DB0000F3721040C1F8000BFFE7002004B070472B
:10DB100082B00190019800900099D1F8000E20F099
:10DB20000300C1F8000E0099D1F8040820F00200AB
:10DB3000C1F80408002002B0704700000000000097
:10DB400082B00190019800900099D1F8000E20F069
:10DB50000300C1F8000E0099D1F8040840F002005B
:10DB6000C1F80408002002B0704700000000000067
:10DB700080B58CB0DDF838C0CDF81CC00693059296
:10DB800004919DF81C108DF82C100499059A069BA1
:10DB90000A9309920891039000208DF80B000399D5
:10DBA00001910090FFE700980E280CD8FFE703983A
:10DBB000009900EB81010020C1F80401FFE7009803
:10DBC00001300090EFE79DF82A00B8B9FFE701990E
:10DBD000D1F8040840F00200C1F804080399886BEA
:10DBE00020F4001088630399086840F04000086042
:10DBF0000399086840F08000086005E00399886B8D
:10DC000040F400108863FFE701990020C1F8000E7E
:10DC10009DF8250001280FD1FFE79DF8230028B9C2
:10DC2000FFE70398002100F08FFE04E00398012134
:10DC300000F08AFEFFE704E00398032100F084FE71
:10DC4000FFE70398102100F0AFFC20B1FFE70120AF
:10DC50008DF80B00FFE7039800F06AFC20B1FFE7A6
:10DC600001208DF80B00FFE701990020C1F8100892
:10DC70000199C1F814080199C1F81C080090FFE748
:10DC800000989DF8201088423BD2FFE70198009948
:10DC900000EB4110D0F80009C00FB0B1FFE70098C9
:10DCA00048B9FFE70198009900EB41114FF000607F
:10DCB000C1F8000908E00198009900EB41114FF00C
:10DCC0009040C1F80009FFE707E00198009900EBD8
:10DCD00041110020C1F80009FFE70198009900EB0D
:10DCE00041110020C1F810090198009900EB411181
:10DCF0004FF67F30C1F80809FFE700980130009027
:10DD0000BEE700200090FFE700989DF820108842B1
:10DD10003BD2FFE70198009900EB4110D0F8000BCF
:10DD2000C00FB0B1FFE7009848B9FFE7019800992C
:10DD300000EB41114FF00060C1F8000B08E00198C2
:10DD4000009900EB41114FF09040C1F8000BFFE744
:10DD500007E00198009900EB41110020C1F8000B89
:10DD6000FFE70198009900EB41110020C1F8100B6A
:10DD70000198009900EB41114FF67F30C1F8080B74
:10DD8000FFE7009801300090BEE70199D1F8100834
:10DD900020F48070C1F8100803990020886103996D
:10DDA0006FF0804048619DF8220030B9FFE7039989
:10DDB000886940F010008861FFE70399886943F69D
:10DDC0000002C8F23C02104388619DF8260030B181
:10DDD000FFE70399886940F008008861FFE79DF834
:10DDE0002A00012808D1FFE7039988690422C4F2B8
:10DDF000000210438861FFE79DF80B000CB080BD66
:10DE000081B000900099886820F0010088600020AF
:10DE100001B070470000000086B004908DF80F102C
:10DE20000292049801900498006C0090009843F2CC
:10DE30000B01C4F6547188420BD3FFE70198D0F868
:10DE4000000BC00F20B1FFE700208DF817002EE077
:10DE5000FFE701990020C1F8100B0199D1F8100BD0
:10DE600040F40020C1F8100B0199D1F8100B40F0DC
:10DE70001800C1F8100B0199D1F8100B40F0C04008
:10DE8000C1F8100B9DF80F0001280CD1FFE7029894
:10DE90000199C1F8140B0199D1F8000B40F08020D2
:10DEA000C1F8000BFFE700208DF81700FFE79DF891
:10DEB000170006B07047000084B0039002910398E9
:10DEC000019002980078009002984078012820D1B3
:10DED000FFE70198009900EB4111D1F8000920F407
:10DEE0000010C1F8000902980079032805D0FFE767
:10DEF0000298007902280BD1FFE70198009900EB06
:10DF00004111D1F8000940F08050C1F80009FFE745
:10DF10001FE00198009900EB4111D1F8000B20F4AB
:10DF20000010C1F8000B02980079032805D0FFE724
:10DF30000298007902280BD1FFE70198009900EBC5
:10DF40004111D1F8000B40F08050C1F8000BFFE701
:10DF5000FFE7002004B0704784B00390029103985B
:10DF6000019002980078009002984078012822D110
:10DF7000FFE70198009900EB4110D0F80009C00FAD
:10DF800070B9FFE7009858B1FFE70198009900EBDE
:10DF90004111D1F8000920F08040C1F80009FFE7E5
:10DFA0000198009900EB4111D1F8000940F40010EC
:10DFB000C1F8000921E00198009900EB4110D0F868
:10DFC000000BC00F70B9FFE7009858B1FFE7019848
:10DFD000009900EB4111D1F8000B20F08040C1F80E
:10DFE000000BFFE70198009900EB4111D1F8000BFD
:10DFF00040F40010C1F8000BFFE7002004B07047A8
:10E0000080B588B0079006918DF817200798049086
:10E0100006980078039006984078012840F0248103
:10E02000FFE706980069F8B9FFE70498039900EB49
:10E030004111D1F810096FF3DC40C1F810090498C0
:10E04000039900EB4111D1F8100940F40020C1F808
:10E0500010090498039900EB4111D1F810096FF3EE
:10E060001200C1F8100971E00498039900EB411106
:10E07000D1F810096FF31200C1F810090498039940
:10E0800000EB4111D1F810096FF3DC40C1F8100921
:10E090000398A8B9FFE7069881680069884204D907
:10E0A000FFE7069988680861FFE70498039900EB89
:10E0B0004111D1F8100940F40020C1F8100937E0EF
:10E0C00006988168006908440138B0FBF1F0ADF8AA
:10E0D0000A00BDF80A100020C1F6F87000EAC1423B
:10E0E0000498039900EB4111D1F810091043C1F8CD
:10E0F000100906980079012819D1FFE704980399BF
:10E1000000EB4111D1F8100920F0C040C1F810090E
:10E11000BDF80A0000F003020498039900EB4111D6
:10E12000D1F8100940EA4270C1F81009FFE7FFE793
:10E13000069802696FF3DF420498039900EB4111DE
:10E14000D1F810091043C1F81009FFE79DF8170036
:10E1500001283BD1FFE70698C06948B1FFE7069860
:10E16000C0690499039A01EB4211C1F81409FFE751
:10E170000698007901281ED1FFE70498D0F8080816
:10E18000C00500280BD4FFE70498039900EB411168
:10E19000D1F8000940F00050C1F800090AE00498E5
:10E1A000039900EB4111D1F8000940F08050C1F80B
:10E1B0000009FFE7FFE70498039900EB4111D1F84C
:10E1C000000940F00440C1F800094CE004980399AC
:10E1D00000EB4111D1F8000940F00440C1F80009FA
:10E1E00006980079012813D0FFE70698006970B1FE
:10E1F000FFE70698007800F00F01012000FA01F215
:10E200000499D1F834081043C1F83408FFE729E035
:10E210000498D0F80808C00500280BD4FFE704983C
:10E22000039900EB4111D1F8000940F00050C1F80A
:10E2300000090AE00498039900EB4111D1F80009A4
:10E2400040F08050C1F80009FFE70798069BD968A5
:10E250001A781B8A9DF817C0EE46CEF800C000F071
:10E2600067FCFFE7FFE7C4E00498039900EB411166
:10E27000D1F8100B6FF31200C1F8100B049803993A
:10E2800000EB4111D1F8100B6FF3DC40C1F8100B1B
:10E29000039818BBFFE70698006920B1FFE70699CD
:10E2A00088680861FFE70699886808620698026A2C
:10E2B0006FF3DF420498039900EB4111D1F8100B82
:10E2C0001043C1F8100B0498039900EB4111D1F8E9
:10E2D000100B40F40020C1F8100B49E006980069CB
:10E2E000C0B9FFE7069882686FF3DF42049803998C
:10E2F00000EB4111D1F8100B1043C1F8100B04983A
:10E30000039900EB4111D1F8100B40F40020C1F843
:10E31000100B2CE006988168006908440138B0FBB6
:10E32000F1F0ADF80A0006998868BDF80A2050435C
:10E330000862BDF80A100020C1F6F87000EAC14278
:10E340000498039900EB4111D1F8100B1043C1F868
:10E35000100B0698026A6FF3DF420498039900EBF2
:10E360004111D1F8100B1043C1F8100BFFE7FFE784
:10E370009DF8170001280ED1FFE70698C06848B144
:10E38000FFE70698C0680499039A01EB4211C1F8AF
:10E39000140BFFE7FFE70698007901281ED1FFE77D
:10E3A0000498D0F80808C00500280BD4FFE70498AB
:10E3B000039900EB4111D1F8000B40F00050C1F877
:10E3C000000B0AE00498039900EB4111D1F8000B0F
:10E3D00040F08050C1F8000BFFE7FFE70498039975
:10E3E00000EB4111D1F8000B40F00440C1F8000BE4
:10E3F000FFE7002008B080BD85B0049003910020A5
:10E4000002908DF807000498009003984078012846
:10E410003ED1FFE700980399097800EB4110D0F84E
:10E420000009C00F98B3FFE700980399097800EB43
:10E430004111D1F8000940F00060C1F800090098CE
:10E440000399097800EB4111D1F8000940F08040B0
:10E45000C1F80009FFE7029801300290029842F2E9
:10E460001171884204D3FFE701208DF807000DE009
:10E47000FFE700980399097800EB4110D0F80009F4
:10E4800000F00040B0F1004FE5D0FFE7FFE73DE0CE
:10E4900000980399097800EB4110D0F8000BC00FE9
:10E4A00098B3FFE700980399097800EB4111D1F880
:10E4B000000B40F00060C1F8000B00980399097848
:10E4C00000EB4111D1F8000B40F08040C1F8000B87
:10E4D000FFE7029801300290029842F211718842DF
:10E4E00004D3FFE701208DF807000DE0FFE7009857
:10E4F0000399097800EB4110D0F8000B00F00040C0
:10E50000B0F1004FE5D0FFE7FFE7FFE79DF8070018
:10E5100005B070470000000081B000900099886845
:10E5200040F001008860002001B07047000000004A
:10E5300083B0019000200090FFE700980130009028
:10E540000098B0F1706F04D9FFE703208DF80B003D
:10E5500024E0FFE701980069C00F0028EDD0FFE735
:10E5600000200090019910200861FFE70098013019
:10E5700000900098B0F1706F04D9FFE703208DF888
:10E580000B000BE0FFE70198006900F01000102875
:10E59000ECD0FFE700208DF80B00FFE79DF80B00A3
:10E5A00003B070470000000084B002900191002089
:10E5B0000090FFE70098013000900098B0F1706F74
:10E5C00004D9FFE703208DF80F0026E0FFE702984B
:10E5D0000069C00F0028EDD0FFE7002000900198EF
:10E5E0008001203002990861FFE700980130009017
:10E5F0000098B0F1706F04D9FFE703208DF80F0089
:10E600000BE0FFE70298006900F020002028ECD022
:10E61000FFE700208DF80F00FFE79DF80F0004B022
:10E62000704700000000000084B00390039802903F
:10E630000298D0F8080800F006000090009820B971
:10E64000FFE700208DF8070010E00098022804D0B2
:10E65000FFE70098062804D1FFE702208DF80700A5
:10E6600003E00F208DF80700FFE7FFE79DF80700A4
:10E6700004B070470000000081B00090009840692D
:10E6800000F0010001B0704783B002900298019041
:10E690000198D0F8180800900198D0F81C1800983C
:10E6A00008400090BDF8000003B070470000000073
:10E6B00083B00290029801900198D0F81808009059
:10E6C0000198D0F81C18009808400090BDF802008E
:10E6D00003B070470000000086B005908DF813105D
:10E6E000059803900398D0F8100801900398D0F88B
:10E6F0003408009000989DF8131001F00F01C840F5
:10E7000000F00101019840EAC110019003989DF8C2
:10E71000131000EB4110D0F808090199084002904D
:10E72000029806B07047000084B003908DF80B107B
:10E730000398019001989DF80B1000EB4110D0F860
:10E74000080B00900198D0F8141800980840009029
:10E75000009804B07047000082B0019001984069B1
:10E76000009001988169009808400090009802B0DC
:10E77000704700000000000089B008900791ADF8D4
:10E780001A200898059007980490BDF81A00800890
:10E790000190BDF81A0000F00300ADF8020000205F
:10E7A0000290FFE702980199884217D2FFE7059887
:10E7B0004FF4805140580499086004980130049047
:10E7C00004980130049004980130049004980130BA
:10E7D0000490FFE7029801300290E3E7BDF80200E1
:10E7E00008B3FFE70020029005984FF4805140588D
:10E7F0000390FFE703989DF80810C900C8400499EA
:10E800000870029801300290049801300490BDF81D
:10E8100002000138ADF80200FFE7BDF80200002851
:10E82000E8D1FFE7FFE7049809B070470000000057
:10E8300080B586B004908DF80F10002002900499E6
:10E84000C86820F0C040C8609DF80F00012823D19F
:10E85000FFE70499C86840F00050C860FFE70A204D
:10E86000E9F78EFA02980A300290FFE70498FFF762
:10E8700003FF014600200129019007D0FFE702991C
:10E880000020C82938BF01200190FFE70198C00788
:10E890000028E4D1FFE72AE09DF80F0010BBFFE756
:10E8A0000499C86840F08040C860FFE70A20E9F793
:10E8B00067FA02980A300290FFE70498FFF7DCFE3F
:10E8C00001460020009039B1FFE702990020C829D5
:10E8D00038BF01200090FFE70098C0070028E5D16D
:10E8E000FFE703E001208DF817000CE0FFE7029836
:10E8F000C82804D1FFE701208DF8170003E00020AD
:10E900008DF81700FFE79DF8170006B080BD0000E6
:10E9100083B002908DF80710029800900099D1F80A
:10E92000000820F4FE60C1F800089DF8070000F020
:10E930007F020099D1F8000840EA0210C1F80008EF
:10E94000002003B07047000083B002908DF80710DC
:10E95000029800909DF807200099D1F80008104314
:10E96000C1F80008002003B070470000000000005C
:10E9700084B0039002918DF807209DF807000228CB
:10E9800040F0B880FFE702984AF6C041C0F2D801D3
:10E9900088420BD3FFE702984EF2BF11C0F2E401A8
:10E9A000884203D8FFE70F200090A2E002984EF2C1
:10E9B000C011C0F2E40188420BD3FFE7029842F293
:10E9C000FF31C0F2F401884203D8FFE70E20009027
:10E9D0008EE0029842F20041C0F2F40188420BD36B
:10E9E000FFE7029847F27F31C0F20611884203D850
:10E9F000FFE70D2000907AE0029847F28031C0F2E4
:10EA0000061188420BD3FFE7029844F69F11C0F22B
:10EA10001A11884203D8FFE70C20009066E00298A4
:10EA200044F6A011C0F21A1188420BD3FFE70298F6
:10EA300042F6FF41C0F23111884203D8FFE70B20B4
:10EA4000009052E0029842F60051C0F23111884223
:10EA50000BD3FFE702984AF23F41C0F24C118842C3
:10EA600003D8FFE70A2000903EE002984AF24041B6
:10EA7000C0F24C1188420BD3FFE7029843F2FF51DA
:10EA8000C0F26E11884203D8FFE7092000902AE007
:10EA9000029843F20061C0F26E1188420BD3FFE787
:10EAA00002984AF61F31C0F2A611884203D8FFE748
:10EAB0000820009016E002984AF62031C0F2A61114
:10EAC00088420BD3FFE7029844F2FF71C0F2E811CD
:10EAD000884203D8FFE70720009002E0062000905C
:10EAE000FFE7FFE7FFE7FFE7FFE7FFE7FFE7FFE7F6
:10EAF000FFE70AE09DF8070018B9FFE7092000903A
:10EB000002E009200090FFE7FFE70399C86820F4BE
:10EB10007050C860009800F00F020399C86840EA7E
:10EB20008220C860002004B0704700000000000090
:10EB300080B588B084460A98CDF81CC006918DF83F
:10EB40001720ADF814308DF813000798039006983D
:10EB500002909DF8130048BBFFE7BDF81400033096
:10EB60008008019000200090FFE7009801998842FA
:10EB70001BD2FFE70298006803999DF8172001EB6C
:10EB800002314FF48052885002980130029002986E
:10EB900001300290029801300290029801300290F8
:10EBA000FFE7009801300090DFE7FFE7002008B0A2
:10EBB00080BD00000000000080B58CB00B90ADF867
:10EBC0002A100992BDF92A000090002001900290BD
:10EBD000082103910490059006900790089003F097
:10EBE000DBFA0B98099A6946E9F76EF998B3FFE7E3
:10EBF0000B9844F2E021C2F20041884208D1FFE7BD
:10EC000042F29651C2F2004188880130888021E0AA
:10EC10000B9844F28031C2F20041884208D1FFE7EC
:10EC200042F29651C2F20041C8880130C88010E01B
:10EC30000B9844F22041C2F20041884208D1FFE71C
:10EC400042F29651C2F20041088901300881FFE783
:10EC5000FFE7FFE7FFE703F03BFE0CB080BD0000DD
:10EC600010B586B08C46864609980899CDF814E010
:10EC7000ADF812C0ADF81020ADF80E30ADF80C10A4
:10EC8000ADF80A000020019000909DF811008DF869
:10EC90000000BDF810008DF801009DF80F008DF800
:10ECA0000200BDF80E008DF803009DF80D008DF8F0
:10ECB0000400BDF80C008DF805009DF80B008DF8E0
:10ECC0000600BDF80A008DF807000598BDF912107E
:10ECD0006A46FFF771FF06B010BD0000000000009B
:10ECE000FFE7FEE70000000080B586B004900391C6
:10ECF0000020ADF80A00049820B1FFE7039802282D
:10ED000003D8FFE70020059029E004980399023911
:10ED100040F2AC02C2F200421288E4F7C1FDADF845
:10ED20000A009DF80A10049A0398104410F8022C67
:10ED30000020914201900DD1FFE79DF80B00049A4D
:10ED40000399114411F8011C401AB0FA80F04009EF
:10ED50000190FFE7019800F001000590FFE705989A
:10ED600006B080BD0000000080B584B00290ADF810
:10ED7000061000208DF80500029828B1FFE7BDF8C5
:10ED80000600022803DCFFE70020039017E002984A
:10ED9000BDF80610013989B2FF22E4F7B5FD8DF800
:10EDA00005009DF80500029ABDF80610114411F8FF
:10EDB000011C401AB0FA80F040090390FFE7039865
:10EDC00004B080BD0000000082B001908DF80310F7
:10EDD0008DF8022041F61431C2F20041087801306A
:10EDE00045F25652C5F25552A0FB023202EB4202E6
:10EDF000801A087002B0704780B584B00390029109
:10EE0000039808B9FFE731E0FFE7029870B1FFE728
:10EE100003980078A52807D0FFE7039801300390F6
:10EE200002980138029000E000E0EEE7029808B98D
:10EE3000FFE71BE003980078A52817D1FFE70399A7
:10EE40004FF2D840C2F2014030220192E1F7D6FBE6
:10EE500000F092F8019A039946F24C60C2F2004029
:10EE6000E1F7CCFB0F20E4F783FAFFE704B080BDA5
:10EE700080B500F009F84FF21250C2F20140212192
:10EE8000E2F7D6FB80BD000080B54FF21251C2F20E
:10EE900001415A20087042F68840C2F2004090F8C2
:10EEA000340FC00760B1FFE741F61430C2F20040F2
:10EEB000007801304FF21251C2F20141487006E071
:10EEC0004FF21251C2F2014100204870FFE740F6B4
:10EED0002821C2F20041487FB0FA80F042094FF287
:10EEE0001250C2F201408270D1F81910C0F803101C
:10EEF00040F2A831C2F2004191ED0B0A9FED162AB3
:10EF000080EE020A9FED151A20EE010A10EE102A7B
:10EF1000C0F8072091ED0C0A80EE020A20EE010AEB
:10EF200010EE102AC0F80B200A6982F00042C0F8E7
:10EF30000F2091ED0D0A80EE020A20EE010A10EE7C
:10EF4000102AC0F81320496981F00041C0F8171059
:10EF50002121E1F769FC80BD00003443DB0F49400B
:10EF600080B54FF21251C2F201415A20087000F0F0
:10EF700033F980BD0000000084B04FF2D841C2F2E6
:10EF8000014102914A784FF2A040C2F20140039041
:10EF90000270D1F802204260D1F806208260D1F8D8
:10EFA0000A20C260D1F80E200261D1F8122000EED2
:10EFB000102A9FED852A80EE020A9FED841A20EE2A
:10EFC000010A80ED050AD1F816208261D1F81A20D5
:10EFD000C261D1F81E2000EE102A80EE020A20EE57
:10EFE000010A80ED080AD1F822204262D1F82620D9
:10EFF0008262D1F82A10C16242F68841C2F2004111
:10F0000091ED790A80EE011A90ED040A91EE020A60
:10F01000B5EE400AF1EE10FA17DBFFE742F6884042
:10F02000C2F2004090ED790A9FED691A80EE011A54
:10F030004FF2A040C2F2014090ED040A9FED622A17
:10F0400091EE420A8DED010A16E042F68840C2F2C6
:10F05000004090ED790A9FED5E1A80EE011A4FF2A2
:10F06000A040C2F2014090ED040A9FED572AA1EEA4
:10F07000020A8DED010AFFE79DED010A4FF2A04063
:10F08000C2F2014090ED021AB4EE410AF1EE10FA1C
:10F090005FDAFFE742F68840C2F2004090ED2B0AAB
:10F0A0009FED4B1A80EE011A4FF2A040C2F20140D0
:10F0B00090ED030A9FED442AA1EE020A9FED451A46
:10F0C000B4EE410AF1EE10FA17DCFFE742F6884091
:10F0D000C2F2004090ED2B0A9FED3D1A80EE011A1E
:10F0E0004FF2A040C2F2014090ED030A9FED362A94
:10F0F00091EE420A8DED000A16E042F68840C2F217
:10F10000004090ED2B0A9FED321A80EE011A4FF26B
:10F11000A040C2F2014090ED030A9FED2B2AA1EE20
:10F12000020A8DED000AFFE79DED000A4FF2A040B4
:10F13000C2F2014090ED011AB4EE410AF1EE10FA6C
:10F1400007DAFFE742F63031C2F2004101200870D1
:10F1500006E042F63031C2F2004100200870FFE7BD
:10F1600042F63030C2F200400078012829D1FFE792
:10F1700046F2F020C2F2004090F82003C00700B32E
:10F18000FFE746F2F020C2F200400079032818D0D1
:10F19000FFE746F2F020C2F200400079052810D0C7
:10F1A000FFE742F68840C2F2004090F8340FC007F3
:10F1B00038B1FFE746F2F021C2F2004101200871A8
:10F1C000FFE704B0704700BFDB0F49400000344345
:10F1D000000034C30000008080B54EF6C953C0F66D
:10F1E00001034FF4807000210222F6F7B1FD80BDCB
:10F1F00080B540F20000C2F200409E21E1F79FFA84
:10F200000023184619461A4600F002F880BD000097
:10F2100080B584B0ADF80E008DF80D108DF80C207F
:10F220008DF80B30BDF80E00012801DBFFE74BE045
:10F2300000F072F8BDF80E0000EB4000C000019035
:10F2400000208DF80300FFE79DF80300072838DC55
:10F25000FFE79DF80C009DF803309840010621203F
:10F260000029024648BF422201990B4440F20001A6
:10F27000C2F2004121F813209DF80D209DF803C033
:10F2800002FA0CF21206002A024648BF4222019BF3
:10F29000634401EB43031A829DF80B209DF8033071
:10F2A0009A401206002A48BF4220019A1A4401EBF4
:10F2B00042010884FFE79DF8030001308DF8030048
:10F2C000C2E700F005F8FFE704B080BD00000000D1
:10F2D00080B500F021F844F6C420C2F20040026874
:10F2E000002191634FF23352C2F2014201211170A9
:10F2F00040F20002C2F2004204214F23F0F720F84E
:10F3000038B1FFE74FF23351C2F2014100200870DB
:10F31000FFE780BD0000000080B582B0EAF778FA10
:10F320000190FFE74FF23350C2F201400078B0B1D4
:10F33000FFE7EAF76DFA0199401A03280ED3FFE7B9
:10F3400044F6C420C2F200400421F0F76DFA4FF2F7
:10F350003351C2F201410020087000E0E2E702B040
:10F3600080BD00000000000080B582B001900198CF
:10F3700041F6CC31C2F20041884227D1FFE741F685
:10F38000CC32C2F20042107E41F62431C2F200417A
:10F39000603100EB400001EBC000C068127E02EB60
:10F3A000420201EBC2010969401A70B1FFE70198FE
:10F3B000807848B9FFE701990120887000F09CF837
:10F3C000019900208870FFE7FFE7FFE702B080BDEA
:10F3D00080B582B041F62430C2F20040019001981D
:10F3E000A821E1F7ACF9019903200861019948616E
:10F3F000019845F20911C0F602018161019A42F2B9
:10F400009010C2F20040D061019A4FF48060106207
:10F41000019A00209062019A5062019AD062019A8A
:10F420001166019A42F28011C2F200415166019ABE
:10F4300010219166019908670199C866019948678A
:10F44000BFF35F8F0090FFE700980F280ED8FFE70B
:10F45000009A44F2E870C0F60200801AC07B01995D
:10F460008854FFE7009801300090EDE7BFF35F8F0D
:10F4700002B080BD0000000086B0059004910392A8
:10F48000049830B9FFE70599481C059000200870E2
:10F490002EE0049801900598411C05910290039874
:10F4A000812803D3FFE780200390FFE7FFE703995C
:10F4B000481E03900020009039B1FFE704980078BF
:10F4C000002818BF01200090FFE70098C00748B14E
:10F4D000FFE70498411C0491007805994A1C0592A5
:10F4E0000870E4E704980199401A02990870FFE750
:10F4F000059806B07047000080B584B041F6CC3066
:10F50000C2F20040007E0DF10F010122F7F7BCF8B6
:10F5100002900298002863D0FFE79DF80F00014693
:10F520000191012820D0FFE7019802281FD0FFE7B2
:10F53000019803281ED0FFE7019804281DD0FFE79B
:10F54000019805281CD0FFE7019806281BD0FFE78B
:10F55000019807281AD0FFE701987F282DD0FFE7F0
:10F560000198802815D029E0F7F79EFE37E0F7F7DD
:10F57000FBFE34E0F7F71CFB31E0F7F761FE2EE00D
:10F58000F7F73AF92BE0F7F71BFD28E0F7F7F4FC63
:10F5900025E041F6CC30C2F20040007E0DF10F01B3
:10F5A0000122F7F771F80290029828B1FFE79DF861
:10F5B0000F00F7F74DFCFFE711E010E09DF80F009A
:10F5C00080280BDBFFE741F6CC30C2F20040007E22
:10F5D0000DF10F010122F7F757F8FFE7FFE7FFE70B
:10F5E00004B080BD0000000081B00090009807309A
:10F5F00001B070470000000080B594B013901291E4
:10F60000EFF311804FF0200181F3118806900DF186
:10F610002D00043010901098119041F6CC30C2F2B9
:10F620000040006A00284FD0FFE741F6CC30C2F21C
:10F630000040006A0068002846D0FFE741F6CC3061
:10F64000C2F20040006A0068804709910890119852
:10F65000059008980490FFE7049880280BD3FFE7F3
:10F66000049840F0800005994A1C0592087004989F
:10F67000C0090490F0E7049805994A1C05920870A7
:10F68000059811901198039009980290FFE702984D
:10F6900080280BD3FFE7029840F0800003994A1CB2
:10F6A000039208700298C0090290F0E7029803994B
:10F6B0004A1C03920870039811901099481E1090EC
:10F6C0000D2001F8010C43E041F20400CEF20000ED
:10F6D00000680790139841F6CC31C2F2004188428D
:10F6E00014D0FFE741F6CC30C2F20040406868B168
:10F6F000FFE71398406841F6CC31C2F200414968F7
:10F70000B0FBF1F1079848430790FFE7119801908B
:10F7100007980090FFE7009880280BD3FFE7009838
:10F7200040F0800001994A1C019208700098C009BD
:10F730000090F0E7009801994A1C01920870019826
:10F7400011901099481E10900C2001F8010CFFE751
:10F75000139841F6CC31C2F20041884207D1FFE74D
:10F7600041F20400CEF2000000681290FFE7139807
:10F770001299109A119B00F0A3F9069880F3118852
:10F7800014B080BD0000000080B596B01590EFF376
:10F7900011804FF0200181F3118809900DF12F00A5
:10F7A000043013901398149014980890159840689A
:10F7B0000790FFE7079880280BD3FFE7079840F0F2
:10F7C000800008994A1C089208700798C0090790A1
:10F7D000F0E7079808994A1C089208700898149056
:10F7E00014980690159880680590FFE70598802882
:10F7F0000BD3FFE7059840F0800006994A1C06925B
:10F8000008700598C0090590F0E7059806994A1C0C
:10F810000692087006981490149804901598006940
:10F820000390FFE7039880280BD3FFE7039840F08D
:10F83000800004994A1C049208700398C009039040
:10F84000F0E7039804994A1C0492087004981490F5
:10F850001498029000200190FFE7019880280BD3B4
:10F86000FFE7019840F0800002994A1C029208705C
:10F870000198C0090190F0E7019802994A1C029290
:10F8800008700298149014981399401A0A900A98D4
:10F89000802810D3FFE70A98C00913994A1E1392D3
:10F8A00001F8010C0A9840F0800013994A1E139247
:10F8B00001F8010C06E00A9813994A1E139201F808
:10F8C000010CFFE71399481E1390182001F8010C52
:10F8D0001598C168139A149B00F0F2F8099880F308
:10F8E000118816B080BD000080B584B003900291ED
:10F8F000019201981F2812D8FFE741F6CC30C2F2DE
:10F900000040C0690199C840C00738B1FFE741F61F
:10F91000CC30C2F20040FFF727FDCCE0FFE70198B2
:10F92000172807D8FFE7019803994A1E039201F8A8
:10F93000010CB2E002980399401A009000988028C8
:10F9400010D3FFE70098C00903994A1E039201F8FB
:10F95000010C009840F0800003994A1E039201F8C0
:10F96000010C06E0009803994A1E039201F8010C6D
:10F97000FFE701987E2807D8FFE7019803994A1E00
:10F98000039201F8010C87E001990020B0EB913F50
:10F9900010D1FFE70198C00903994A1E039201F8AC
:10F9A000010C019840F0800003994A1E039201F86F
:10F9B000010C70E001990020B0EB515F19D1FFE715
:10F9C0000198800B03994A1E039201F8010C0199DA
:10F9D000802040EAD11003994A1E039201F8010CDD
:10F9E000019840F0800003994A1E039201F8010C2F
:10F9F00050E001990020B0EB117F21D1FFE7019881
:10FA0000400D03994A1E039201F8010C01998020D0
:10FA100040EA9131039A531E039302F8011C0199A5
:10FA200040EAD11003994A1E039201F8010C019893
:10FA300040F0800003994A1E039201F8010C28E06F
:10FA40000198000F03994A1E039201F8010C0199D5
:10FA5000802040EA5151039A531E039302F8011C7F
:10FA6000019940EA9131039A531E039302F8011C55
:10FA7000019940EAD11003994A1E039201F8010C42
:10FA8000019840F0800003994A1E039201F8010C8E
:10FA9000FFE7FFE7FFE7FFE7FFE741F20400CEF2F1
:10FAA00000000168039A029B41F6CC30C2F200408C
:10FAB00000F006F8FFE704B080BD00000000000081
:10FAC00080B588B0079006910592049300200290BB
:10FAD00007980078012801D1FFE715E00798007822
:10FAE00008B9FFE753E00798007802280BD1FFE739
:10FAF0000798069900F074F807980078012801D05B
:10FB0000FFE744E0FFE7FFE7069850B1FFE70798FB
:10FB1000C06830B9FFE70020039006980799C860D5
:10FB200005E006980799C968401A0390FFE7049812
:10FB3000019003980090FFE7009880280BD3FFE71F
:10FB4000009840F0800001994A1C019208700098CA
:10FB5000C0090090F0E7009801994A1C01920870D2
:10FB600001980490079840780599049A521AE0F792
:10FB700057FC0290029820B1FFE706980799C860E9
:10FB800004E00799087801300870FFE7FFE707985D
:10FB9000FFF7EAFB029808B080BD000000000000FB
:10FBA00080B588B00790EFF311804FF0200181F30A
:10FBB000118801900DF11300043002900298039017
:10FBC0000399481C03900A2008700798C168029A9C
:10FBD000039BFFF775FF019880F3118808B080BD83
:10FBE00080B58CB00B900A9101208DF815000DF1B5
:10FBF000150001300490049803900B98406902901E
:10FC0000FFE7029880280BD3FFE7029840F08000BE
:10FC100003994A1C039208700298C0090290F0E709
:10FC2000029803994A1C03920870039804900A985A
:10FC30000B99C968401A099004980190099800909E
:10FC4000FFE7009880280BD3FFE7009840F0800082
:10FC500001994A1C019208700098C0090090F0E7D1
:10FC6000009801994A1C01920870019804900B9821
:10FC70004078049A0DF11501521AE0F7D1FB089073
:10FC8000089840B1FFE70A980B99C8600B9908786B
:10FC90000138087004E00B99486901304861FFE7BA
:10FCA00008980CB080BD000081B0ADF80200BDF92D
:10FCB000020000280ED4FFE7BDF9021001F01F0278
:10FCC000012090404A094EF20011CEF2000141F8A5
:10FCD0002200FFE701B070474EF60C50CEF2000054
:10FCE0000068C0F30220704782B0ADF806000091B2
:10FCF000BDF9060000280AD4FFE700980001BDF90D
:10FD000006104EF20042CEF2000288540BE000983A
:10FD10000001BDF8061001F00F014EF61452CEF2AC
:10FD200000028854FFE702B07047000000000000A6
:10FD300083B00290029800F0070000904EF60C513C
:10FD4000CEF200010868019001984FF6FF021040C2
:10FD500001900198009A40EA02200022C0F2FA5273
:10FD6000104301900198086003B070470000000044
:10FD7000BFF34F8F4EF60C51CEF20001086800F42D
:10FD8000E0600422C0F2FA5210430860BFF34F8FC4
:10FD9000FFE700BFFDE7000080B582B002F0A8FCDD
:10FDA000002101910090009901984FF47A72A1FB13
:10FDB000021300FB0230009101900098019902B0FB
:10FDC00080BD00000000000080B545F27110C0F653
:10FDD0000200F7F731F945F2A410C0F60200F7F778
:10FDE0002BF980BD0000000080B582B0002001909A
:10FDF000FFE7019841F62031C2F2004109688842CC
:10FE00001DD2FFE7019800EB800142F2E000C2F250
:10FE1000004000EB810C50F82100DCF80410DCF805
:10FE20000820DCF80C30DCF810C0EE46CEF800C03C
:10FE3000F7F7E6FCFFE7019801300190D9E702B03F
:10FE400080BD000000000000F5EE400AF1EE10FA5F
:10FE500023DD80EE200AB7EE002AB0EEC01AB4EE21
:10FE6000421AF1EE10FA46DD82EE012A44F604024F
:10FE70009FED771A2021C0F6020200BF5318B0EEA2
:10FE8000413A043993ED001A0B1DA2EE031AF5D185
:10FE90009FED6D2A32EE412A3EE0F5EE400AF1EE8A
:10FEA00010FA46DAB5EE400AF1EE10FA4EDD80EEB9
:10FEB000200AB7EE002AB0EEC01AB4EE421AF1EEF4
:10FEC00010FA77DD82EE012A44F604029FED601AF3
:10FED0002021C0F6020200BF5318B0EE413A0439A7
:10FEE00093ED001A0B1DA2EE031AF5D19FED562AD1
:10FEF00032EE412A70E044F604029FED553A20218B
:10FF0000C0F602025318043993ED002A0B1DA1EE2E
:10FF1000032AB0EE423AF5D1B1EE421AB5EE400AEC
:10FF2000F1EE10FA22FE010A80ED000A002040B234
:10FF30007047F5EE400AF1EE10FA38D1B5EE400AFE
:10FF4000F1EE10FA2BDD9FED400AEDE7B5EE400A29
:10FF5000F1EE10FA4DDA80EE200AB7EE002AB0EE8C
:10FF6000C01AB4EE421AF1EE10FA4DDD82EE012A0B
:10FF700044F604029FED361A2021C0F6020200BFAB
:10FF80005318B0EE413A043993ED001A0B1DA2EE5E
:10FF9000031AF5D19FED2C2A32EE412A46E0B5EE48
:10FFA000400AF1EE10FA02DA9FED280ABCE7FC20C5
:10FFB00040B2704744F604029FED253A2021C0F676
:10FFC000020200BF5318043993ED002A0B1DA1EE65
:10FFD000032AB0EE423AF5D1B1EE421AB5EE400A2C
:10FFE000F1EE10FA22FE010A9FED1B1A30EE010A13
:10FFF0009AE710EE101A40F6DB72C4F2490262F37F
:020000040802F0
:100000001E0100EE101A8FE744F604029FED103A2D
:100010002021C0F6020200BF5318043993ED002AD4
:100020000B1DA1EE032AB0EE423AF5D1B1EE421A11
:10003000B5EE400AF1EE10FA22FE010A9FED051A14
:1000400030EE010A70E700BFDB0FC93FDB0FC9BF0D
:10005000A59204BDDB0F49C0DB0F49400000000042
:10006000B5EE001A9FED1E2AA0EE021A9FED1E2A81
:10007000BDEEC10AB5EE401AF1EE10FA10EE100A0C
:10008000B8BF013800EE100AB8EEC00A31EE400ADF
:100090009FED141A20EE010ABCEEC01A30EE022ABF
:1000A00011EE100A410A44F62C0118BF002000FE90
:1000B000020AC0F6020101EE100A01EB800090ED89
:1000C000012AB8EE411A30EE410AB7EE001A31EEBD
:1000D000401A20EE020A90ED002AA1EE020A7047B3
:1000E00083F9223E00000044000000C4000000002C
:1000F000B0F800C0438803FB0CF3B3B1D2F804C0DE
:1001000040684968021F0439ACF1040092ED010A0D
:1001100091ED011A00F1040C30EE010A04320431B1
:10012000013B80ED010A6046F0D1002070470000DD
:1001300001804280436070472DE9F04F93B0028800
:100140000190B0F80290109207914868129012B393
:1001500010996FF003008D00002600EB810A4FF02C
:100160007E5B2C46129F04E004364446B5420746A7
:1001700011D026B138463146E0F7E1FA3744384627
:10018000B245A4F1040840F804BBEDD04146E0F7C5
:10019000D6FA3819E8E7B9F1000F00F06E8101983E
:1001A00004214FEA8908B7EE000AD0F804C009F12B
:1001B000010006901098454204200B9001EB890045
:1001C0000390ACF1040012990CEB890A04390991EF
:1001D00000EB89010A9100210E910C900024CDE9D9
:1001E0001190CDE9045C1DE011981299013811902D
:1001F0000398DDF820A0014412910C998244043147
:100200000C910E990F9C04310E910D9949450A9954
:1002100001440B98DDE9045C0A9100F104000B90A5
:1002200000F01E810698621C10990D9260438A426C
:100230000CEB800090ED001A16D251462346204662
:1002400091ED002AB0EEC14AB0EEC23A0133EA188D
:100250004144B4EE443AF1EE10FAC8BF184632FEFB
:10026000011A0132ECD100E02046B5EE401A00211F
:10027000021BF1EE10FA08BF0121B2FA82F2520914
:1002800051EA020E22D1A1450CD90C9908FB0011AC
:10029000DDE9113252F8047F51F8046F013B16601A
:1002A0000F60F7D10799498881B100FB01F20E98E0
:1002B000099B00FB013003EB820300BF50F8042FC1
:1002C00053F8047F013907601A60F7D1B5EE401A80
:1002D000F1EE10FA00F0C28080EE011ACDF808E0CD
:1002E000A9EB040EBEF1010F0CDBDDE9111200BF1A
:1002F00092ED012A101D21EE022A013982ED012A18
:100300000246F5D107984F46CDF820A0B0F802B0CC
:10031000BBF1000F0ED00E99099801FB0B02594654
:1003200092ED012A101D21EE022A013982ED012AE7
:100330000246F5D1002C0CEB840343D00E98099EA5
:10034000A1464FEA8B0400FB0B604FF0000CDDF878
:1003500030A00F9006E000BF0CF1010CC244CC4568
:1003600026442FD00CFB07F0BEF1010F03EB8000F9
:1003700090ED001AB1EE412A0FDB11995546129A01
:1003800092ED013A95ED014AA2EE034A281D04328E
:10039000013985ED014A0546F2D1BBF1000FDBD0F2
:1003A000594635460F9A00BF92ED013A95ED014A44
:1003B000A2EE034A281D0432013985ED014A0546A3
:1003C000F2D1C9E710980D998142B9460F91BFF457
:1003D0000BAF0E9809994FEA8B0A0A9A00FB0B1C87
:1003E0000B980F9D00FB0B1407E000BF0135109820
:1003F0008542424454443FF4F7AE05FB09F0BEF198
:10040000010F03EB800090ED001AB1EE412A10DBE2
:10041000119F1146129800BF90ED013A91ED014AEB
:10042000A2EE034A0E1D0430013F81ED014A314620
:10043000F2D1BBF1000FD9D05F462146604600BF24
:1004400090ED013A91ED014AA2EE034A0E1D0430EF
:10045000013F81ED014A3146F2D1C7E7FB2027E099
:10046000B5EE401A0020F1EE10FA08BF0120029903
:10047000084001284FF000001AD1109809FB00F144
:10048000002081B1019A5368002200BF93ED000A59
:10049000B5EE400AF1EE10FA06D101320433914272
:1004A000F4D10A4600E000228A4208BF6FF004003F
:1004B00040B213B0BDE8F08F2DE9F04F81B046880F
:1004C000B1F802904368B0F800A0D2F804E04FEA17
:1004D0008608A3F1040C4FEA89054FF0000B9FED4D
:1004E000180A4F68009704E0BAF1010ACB44C444EB
:1004F00021D00EEB8B020098494607E0131D01390D
:1005000082ED001A00F104001A46EDD0B0EE401A58
:10051000002EF3D0B0EE401A07466446334600BFC3
:1005200094ED012A97ED003AA2EE031A0434013B40
:100530002F44F5D1E2E7002001B0BDE8F08F00BF05
:100540000000000000000000B0F800C0438803FB7A
:100550000CF3B3B1D2F804C040684968021F0439F3
:10056000ACF1040092ED010A91ED011A00F1040CC6
:1005700030EE410A04320431013B80ED010A60464D
:10058000F0D100207047000070B50688D0F804C094
:10059000B0F802E04C68B30004E000BF013E04F193
:1005A000040410D0BEF1000FF8D0ACF104002146D5
:1005B000724600BF50F8045F013A0D601944F9D14A
:1005C00000F1040CEAE7002070BD0000000000000C
:1005D00080B588B000208DF81E008DF81D00E0F772
:1005E00033FC80200490E0F7EFFD55200590E0F704
:1005F000EBFD0598E0F7E8FD8DF81E00E0F718FC2C
:1006000096200690E0F760FCE0F71EFC0498E0F707
:10061000DBFD0598E0F7D8FD0598E0F7D5FD8DF8EE
:100620001E00E0F705FC0698E0F74EFCE0F70CFC36
:100630007E20B621E0F7E0FDE0F7FAFB5020E0F77E
:100640002FFCE0F701FC0498E0F7BEFD0598E0F709
:10065000BBFD0598E0F7B8FD8DF81E00E0F7E8FB5C
:100660000698E0F731FCE0F7EFFB0498E0F7ACFD0B
:100670000598E0F7A9FD0598E0F7A6FD8DF81E00A6
:10068000E0F7D6FB0698E0F71FFC9DF81E001E2839
:1006900004D0FFE7FF208DF81F005CE000208DF8FC
:1006A0001D00FFE79DF81D00052850DCFFE7E0F77F
:1006B000CBFB9DF81D0000EB400240F26420C2F22B
:1006C000004003908118805C4978E0F795FDE0F7E1
:1006D000AFFB96200290E0F7F7FBE0F7B5FB03983D
:1006E0009DF81D1001EB4101405C40F08000E0F7F7
:1006F0006BFD55200190E0F767FD0198E0F764FD80
:100700008DF81E00E0F794FB0298E0F7DDFB0399FB
:100710009DF81E009DF81D2002EB4202114449780D
:1007200088420DD0FFE79DF81D0000EB400140F22C
:100730006420C2F20040084480788DF81F000AE06F
:10074000FFE79DF81D0001308DF81D00AAE700208D
:100750008DF81F00FFE79DF81F0008B080BD000066
:1007600080B586B0002002908DF816008DF8150037
:10077000E0F786FB02980DF115010391E0F710FDFB
:10078000E0F772FB96200490E0F79EFBE0F778FB21
:1007900002980399E0F704FDE0F766FB0498E0F7A0
:1007A00093FBE0F76DFB1420B621E0F725FDE0F7A1
:1007B0005BFB5020E0F774FBE0F762FB02980399C3
:1007C000E0F7EEFCE0F750FB0498E0F77DFBE0F784
:1007D00057FB02980399E0F7E3FCE0F745FB049828
:1007E000E0F772FB9DF815000F2804D0FFE7FF200B
:1007F0008DF8170053E000208DF81600FFE79DF8F4
:100800001600052847DCFFE7E0F73AFB9DF81600E5
:1008100000EB400240F27620C2F2004001908118C5
:10082000805C4978E0F7E8FCE0F71EFB962000903A
:10083000E0F74AFBE0F724FB01989DF8161001EB66
:100840004101405C0DF11501E0F7AAFCE0F70CFB5B
:100850000098E0F739FB01999DF815009DF81620E6
:1008600002EB42021144497888420DD0FFE79DF81F
:10087000160000EB400140F27620C2F2004008442E
:1008800080788DF817000AE0FFE79DF81600013028
:100890008DF81600B3E700208DF81700FFE79DF8EC
:1008A000170006B080BD000080B58CB00B900B988F
:1008B0006946E7F7CDFC059838B1FFE70B9801686A
:1008C000886920F001008861FFE70CB080BD00005E
:1008D00080B586B00590ADF81210ADF81020BDF8C7
:1008E0001200BDF810100844ADF80600FF208DF886
:1008F00008008DF809008DF80A008DF80B008DF8BE
:100900000C008DF80D008DF80E00FB208DF80F0007
:100910000598BDF9061002AAFEF74EF906B080BD93
:1009200080B586B00590ADF81210ADF81020BDF876
:100930001200BDF810100844ADF80600FF208DF835
:1009400008008DF809008DF80A008DF80B008DF86D
:100950000C008DF80D008DF80E00FD208DF80F00B5
:100960000598BDF9061002AAFEF726F906B080BD6B
:1009700080B584B0039002910298007800F00F00D7
:1009800003994860029800780009039988600298EA
:10099000B0F8010040BA0399C8600299C878097993
:1009A000000140EA11100399086102980179407929
:1009B00001F00F0140EA0120039948610398C068E3
:1009C0009FED220ADFED220ACDED010A102100F091
:1009D000E3FF039880ED080A03980069BBEE0E0A56
:1009E000F3EE0E0A0C21009100F0D6FF0099039857
:1009F00080ED090A03984069BAEE040AF2EE040A8F
:100A000000F0CAFF9DED011A039880ED0A0A0298D2
:100A1000807900EE100AB8EE400A039880ED0D0AC6
:100A20000298C07900EE100AB8EE400A039880EDF3
:100A30000E0A039890ED080A80EE010A9FED051A50
:100A400020EE010A80ED110A04B080BDDB0F49C021
:100A5000DB0F49400000344380B584B0039002911D
:100A60000298007800F00F0003994860029800781F
:100A70000009039988600298B0F8010040BA039910
:100A8000C8600299C8780979000140EA11100399F9
:100A9000086102980179407901F00F0140EA0120D4
:100AA000039948610398C0689FED220ADFED220A8E
:100AB000CDED010A102100F06FFF039880ED080AC8
:100AC00003980069BBEE0E0AF3EE0E0A0C210091AA
:100AD00000F062FF0099039880ED090A03984069CD
:100AE000BAEE040AF2EE040A00F056FF9DED011A78
:100AF000039880ED0A0A0298807900EE100AB8EE99
:100B0000400A039880ED0D0A0298C07900EE100AA1
:100B1000B8EE400A039880ED0E0A039890ED080A9B
:100B200080EE010A9FED051A20EE010A80ED110A00
:100B300004B080BDDB0F49C0DB0F494000003443E7
:100B400080B586B00590ADF81210ADF81020BDF854
:100B50001200BDF810100844ADF80600FF208DF813
:100B600008008DF809008DF80A008DF80B008DF84B
:100B70000C008DF80D008DF80E00FC208DF80F0094
:100B80000598BDF9061002AAFEF716F806B080BD5A
:100B900086B08DED050ACDED040A8DED031A0290A5
:100BA0009DED030A9DED041A30EE410A8DED010A18
:100BB000049800909DED050A9DED001A30EE410A63
:100BC000029901208840013801EE100AB8EEC11ADE
:100BD00020EE010A9DED011A80EE010ABDEEC00A69
:100BE00010EE100A06B0704781B0EFF30580009058
:100BF0000098002818BF012001B0704700000000D5
:100C000080B582B08DED010A4FF07E5000909DEDD1
:100C1000010A02F005FFB0EE401A9DED000A80EED9
:100C2000010A8DED000A9DED000A02B080BD0000B2
:100C300080B582B08DED010A4FF07E5000909DEDA1
:100C4000010A02F0EDFEB0EE401A9DED000A80EEC2
:100C5000010A8DED000A9DED000A02B080BD000082
:100C600080B582B0019001980078A5281AD1FFE7DD
:100C700001980521FEF778F898B1FFE701994878C7
:100C8000897840EA012042F63831C2F200410880FA
:100C9000019809880844093001900198FFF7E0FFA6
:100CA000FFE700E0FFE702B080BD000000000000A9
:100CB00080B582B000200190F2F7B2FCE8F7C0FDE9
:100CC000F7F786F9F2F7E4FFF2F7D6FCF3F754F8FA
:100CD000F3F7DAF8F2F748FDF2F786FDF2F7C4FD14
:100CE000F3F78EF9F3F7D4F9F3F77EF8F3F73CF95D
:100CF0004FF4F070E2F7FCF9E0F7AAFBF4F72CFEF2
:100D0000DFF7BEFDE2F790FAF5F75EFDF2F7E8FDDA
:100D100000F0B6F8FFE7FEE782B0ADF8060000206D
:100D20000090BDF90600842807D0FFE7BDF9060052
:100D30000099084403300090FFE7009802B0704724
:100D400080B58EB00D90ADF832108DED0B0ACDED63
:100D50000A0A8DED091ACDED081A8DED072ABDF8A6
:100D60003200ADF808009DED0B0ADFED360A9FED6D
:100D7000361A1020FFF70CFFADF812009DED0A0A9D
:100D8000FBEE0E0AB3EE0E1A0C200190FFF700FFE7
:100D900001460198ADF810109DED090ADFED2B0A10
:100DA000CDED000A9FED2A1AFFF7F2FEDDED000AF5
:100DB00001460198ADF80E109DED080AB1EE041A37
:100DC000FFF7E6FE01460198ADF80C109DED070A0D
:100DD000FAEE040AB2EE041AFFF7DAFEADF80A00E2
:100DE0009DF813008DF814009DF812008DF8150081
:100DF000BDF8100000098DF81600BDF810109DF820
:100E00000F0040EA01108DF817009DF80E008DF8D4
:100E10001800BDF80C0000098DF81900BDF80C1081
:100E20009DF80B0040EA01108DF81A009DF80A00A9
:100E30008DF81B000D98BDF9081005AAFDF7BCFE42
:100E40000EB080BDDB0F49C0DB0F49400000000041
:100E50000000FA430000000080B584B003900398BE
:100E60000290029818B1FFE70298019002E0012079
:100E70000190FFE7019800F0ABFF002004B080BDB7
:100E800080B501F051F8002080BD00000000000096
:100E9000B0B590B00E900D910E98406938B3FFE751
:100EA0000E98806918B3FFE70E98016808914168B1
:100EB0000B91016909910D990A91B0F90800FFF7AA
:100EC0002BFF0899099A0A9B84460B98DDF838E0B5
:100ED000DEF81440DEF81850EE46CEF80850CEF892
:100EE0000440CEF800C001F0D3FA0C9020E00E9838
:100EF0000168049141680791018A05910D99069155
:100F0000B0F90800FFF708FF0499059A069B84468C
:100F10000798EE460CACCEF80440CEF800C001F0C5
:100F200067FA012803D0FFE700200F9003E0FFE7F6
:100F30000C980F90FFE70F9810B0B0BD00000000B4
:100F400080B582B00190FFF74FFE98B1FFE701989E
:100F500001F07EFD01280CD1FFE74EF60451CEF2E0
:100F600000014FF080500860BFF34F8FBFF36F8FC9
:100F7000FFE703E0019800F067FFFFE7002002B001
:100F800080BD00000000000080B582B00190019893
:100F900001F04EF8002002B080BD0000000000000B
:100FA00080B584B0039002914FF62400C2F2014054
:100FB0000068009046F2E410C2F20040006804307D
:100FC00000F022FD88B9FFE746F2E410C2F20040CB
:100FD0000068C16A012000FA01F24FF29C41C2F29E
:100FE000014108689043086000E0FFE70398013082
:100FF00080B9FFE7029868B1FFE746F2E410C2F259
:1010000000400068011D4FF2FC70C2F2014000F088
:101010008FFD3DE00098039908440190019846F245
:10102000E411C2F2004109684860019800998842C1
:101030000ED2FFE746F2F010C2F20040006846F21E
:10104000E411C2F200410968043100F039FD1EE0EC
:1010500046F2E810C2F20040006846F2E411C2F223
:1010600000410968043100F02BFD01984FF2C8716E
:10107000C2F201410968884207D2FFE701984FF2A6
:10108000C871C2F20141086000E0FFE7FFE7FFE737
:1010900004B080BD0000000080B582B0019000F077
:1010A00073FD4FF28C41C2F20141086801300860C3
:1010B00046F2E410C2F20040006898B9FFE70198D8
:1010C00046F2E411C2F2004108604FF28C40C2F2D5
:1010D00001400068012803D1FFE700F0F1F900E0CA
:1010E000FFE71CE04FF2F070C2F201400068A0B9C7
:1010F000FFE746F2E410C2F200400068C06A0199BE
:10110000C96A884207D8FFE7019846F2E411C2F2A3
:101110000041086000E0FFE700E0FFE7FFE74FF273
:101120009840C2F2014001680131016000680199F4
:101130004864019890B1FFE70198F5F779FC0198B0
:1011400000F13401D0F800C0C26A036BACEB030CB1
:10115000EE46CEF800C0F6F7F3FAFFE70198F5F790
:10116000E7FC0198C16A012000FA01F24FF29C41AC
:10117000C2F201410868104308600199C86A00EB97
:10118000800246F2F410C2F2004000EB820004310B
:1011900000F0CEFC00F024FD4FF2F070C2F20140EE
:1011A0000068C8B1FFE746F2E410C2F200400068F0
:1011B000C06A0199C96A88420CD2FFE74EF6045111
:1011C000CEF200014FF080500860BFF34F8FBFF3A5
:1011D0006F8F00E0FFE700E0FFE702B080BD000096
:1011E00080B582B0FFE74FF29040C2F20140006844
:1011F00008B3FFE700F0C8FC4FF61000C2F2014050
:10120000C068C06801900198043000F0FDFB4FF207
:101210008C41C2F201410868013808604FF29041E8
:10122000C2F2014108680138086000F0D9FC019859
:1012300000F006F8D7E702B080BD00000000000013
:1012400080B582B00090009890F8590040B9FFE74F
:101250000098006B00F0ECFC009800F0E9FC1CE04A
:10126000009890F85900012804D1FFE7009800F099
:10127000DFFC11E0009890F8590002280BD0FFE73E
:101280004FF0500080F31188BFF36F8FBFF34F8F83
:101290000190FFE7FEE7FFE7FFE702B080BD000037
:1012A00084B048F2A060C0F20100009046F2846071
:1012B000C2F2004001909DF80400400788B1FFE7AA
:1012C000019807300190019820F007000190019AE1
:1012D00046F28461C2F200410098891A08440090E5
:1012E000FFE70198029002994FF2F470C2F20140B8
:1012F0000160002141600298009A10440190019819
:1013000008380190019820F007000190019A46F2F8
:10131000EC10C2F200400260026851600268116085
:10132000029903910199039A891A516000680399FF
:101330000860039840684FF2C471C2F2014108602E
:10134000039840684FF26051C2F2014108604FF2C9
:101350003451C2F201414FF00040086004B07047C0
:1013600080B582B00190FFE7FFF73AFF46F2F41034
:10137000C2F20040006802280CD3FFE74EF6045189
:10138000CEF200014FF080500860BFF34F8FBFF3E3
:101390006F8F00E0FFE7E7E780B588B0DDF834C085
:1013A000DDF830C0DDF82CC0DDF828C006900591CE
:1013B000049203930C98006B04998900A522DFF72F
:1013C00094F90C98006B049900EB810004380290AA
:1013D000029820F0070002909DF80800400758B1DD
:1013E000FFE74FF0500080F31188BFF36F8FBFF31A
:1013F0004F8F0790FFE7FEE70598F8B1FFE7002061
:101400000190FFE701980F2813D8FFE70598019A8C
:10141000805C0C99114481F8340005980199405C76
:1014200008B9FFE705E0FFE7FFE701980130019009
:10143000E8E70C99002081F8430004E00C990020B3
:1014400081F83400FFE70A98072803D3FFE7062056
:101450000A9000E0FFE70A980C99C8620A980C9974
:10146000C8640C990020009008650C98043000F0C6
:101470001FFB0C98183000F01BFB00980C990961B9
:101480000A99C1F107010C9A91610C9949620C9972
:1014900048650C9981F8580002980699039A00F063
:1014A0004BFA0C9908600B9820B1FFE70C980B9948
:1014B000086000E0FFE708B080BD00000000000009
:1014C00080B584B000200390FFE70398062810D869
:1014D000FFE7039800EB800146F2F410C2F20040EF
:1014E00000EB810000F0CCFAFFE703980130039095
:1014F000EBE74FF23850C2F20140019000F0C0FA21
:101500004FF24C50C2F20140029000F0B9FA4FF293
:10151000DC70C2F2014000F0B3FA4FF61000C2F2E4
:10152000014000F0ADFA4FF2FC70C2F2014000F051
:10153000A7FA0199029846F2E812C2F2004211603D
:1015400046F2F011C2F20041086004B080BD000014
:1015500083B002904FF2F470C2F201400190FFE7B5
:10156000019800680299884205D2FFE7FFE70198D9
:1015700000680190F4E7019800900098019949688B
:1015800008440299884209D1FFE70298426801990C
:101590004868104448600198029000E0FFE7029814
:1015A00000900098029949680844019909688842A6
:1015B00020D1FFE70198006846F2EC11C2F2004129
:1015C000096888420DD0FFE70198006842680299D7
:1015D00048681044486001980068006802990860F3
:1015E00007E046F2EC10C2F2004000680299086081
:1015F000FFE704E00198006802990860FFE701989E
:101600000299884204D0FFE702980199086000E03F
:10161000FFE703B07047000008480068006880F3E7
:1016200008884FF0000080F3148862B661B6BFF3FB
:101630004F8FBFF36F8F00DF00BF000008ED00E0A9
:1016400081B046F2E810C2F200400068006840B97C
:10165000FFE74FF2C871C2F201414FF0FF3008605E
:101660000FE046F2E810C2F200400068C068C068AF
:101670000090009840684FF2C871C2F201410860C2
:10168000FFE701B07047000083B00020009040F2F7
:101690004420C2F200400068013058B1FFE74FF02B
:1016A000500080F31188BFF36F8FBFF34F8F02900C
:1016B000FFE7FEE74FF0500080F31188BFF36F8F14
:1016C000BFF34F8F0190FFE7009808B9FFE7FBE7F2
:1016D00003B070470000000084B002900020019029
:1016E00002980090029858B9FFE74FF0500080F33D
:1016F0001188BFF36F8FBFF34F8F0390FFE7FEE7B3
:10170000009840694FF2FC71C2F20141884214D145
:10171000FFE70098806A4FF2DC71C2F20141884213
:1017200009D0FFE70098806A18B9FFE7012001900F
:1017300000E0FFE700E0FFE700E0FFE7019804B00A
:10174000704700000000000080B58AB006900020BD
:10175000029000F021FD46F2EC10C2F20040006859
:1017600018B9FFE7FFF79CFD00E0FFE706984FF28E
:101770003451C2F201410968084240F0C580FFE7D8
:10178000069800B3FFE70698083006909DF8180009
:101790004007B0B1FFE7069820F007000830069038
:1017A0009DF81800400758B1FFE74FF0500080F354
:1017B0001188BFF36F8FBFF34F8F0990FFE7FEE7EC
:1017C00000E0FFE700E0FFE70698002800F09A80BD
:1017D000FFE706984FF26051C2F201410968884262
:1017E00000F29080FFE74FF2F470C2F201400490E3
:1017F00000680590FFE705984168069A002091422D
:10180000019007D2FFE705980068002818BF012063
:101810000190FFE70198C00730B1FFE705980490F9
:10182000059800680590E6E7059846F2EC11C2F2CB
:1018300000410968884263D0FFE7049800680830D7
:101840000290059800680499086005984068069918
:10185000401A112821D3FFE7059806990844039000
:101860009DF80C00400758B1FFE74FF0500080F39F
:101870001188BFF36F8FBFF34F8F0890FFE7FEE72C
:10188000059840680699401A03994860069805999A
:1018900048600398FFF75CFE00E0FFE705984268A8
:1018A0004FF26050C2F201400168891A016000687D
:1018B0004FF2C471C2F20141096888420BD2FFE7BE
:1018C0004FF26050C2F2014000684FF2C471C2F2A0
:1018D0000141086000E0FFE74FF23450C2F20140DE
:1018E000026805994868104348600599002008601F
:1018F0004FF2D071C2F2014108680130086000E087
:10190000FFE700E0FFE700E0FFE700F0E1FF9DF800
:101910000800400758B1FFE74FF0500080F31188EE
:10192000BFF36F8FBFF34F8F0790FFE7FEE702987B
:101930000AB080BD0000000083B0029001910092C7
:1019400002980438029002994FF080700860029863
:1019500004380290019820F0010002990860029872
:1019600004380290029941F28960C0F602000860D2
:10197000029814380290009802990860029804387E
:10198000029002996FF002000860029820380290DD
:10199000029803B07047000086B005908DED040AF0
:1019A000CDED030A02919DED030A9DED041A30EE80
:1019B000410A8DED010A049800909DED050AB8EEEC
:1019C000C00A9DED011A20EE010A0299012088400B
:1019D000013801EE100AB8EEC11A80EE010A9DED41
:1019E000001A30EE010A06B0704700000000000047
:1019F00080B582B00190002000900198FFF7A4FE0E
:101A00000090009802B080BD82B0019001980069FA
:101A100000900198416880688860019948688968E9
:101A20004860009840680199884205D1FFE7019815
:101A300080680099486000E0FFE701990020086194
:101A400000990868013808600098006802B0704783
:101A500083B002900191009202994FF26870C2F235
:101A60000140086001994FF26450C2F201400860E1
:101A700000998020086003B070470000000000005B
:101A800081B00090009901F10800486000994FF082
:101A9000FF308860009901F10800C860009901F1E9
:101AA0000800086100990020086001B0704700003C
:101AB00081B0009000990020086101B070470000DB
:101AC00084B0039002910298006800900098013061
:101AD00020B9FFE703980069019010E003980830EF
:101AE0000190FFE70198406800680099884205D896
:101AF000FFE7FFE7019840680190F3E7FFE70198EF
:101B0000406802994860029841688860019802998B
:101B100088600298019948600398029908610399C6
:101B200008680130086004B0704700000000000041
:101B300083B002900191029840680090009801994A
:101B400048600098806801998860019800998968C8
:101B5000486001980099886002980199086102998B
:101B600008680130086003B0704700000000000002
:101B7000DFF80C00016841F470010160704700005B
:101B800088ED00E00000000082B04FF0500080F3CC
:101B90001188BFF36F8FBFF34F8F019040F2442045
:101BA000C2F200400168013101600068012814D1CF
:101BB000FFE74EF60450CEF200000068000658B170
:101BC000FFE74FF0500080F31188BFF36F8FBFF332
:101BD0004F8F0090FFE7FEE7FFE702B0704700007D
:101BE00082B040F24420C2F20040006858B9FFE7DA
:101BF0004FF0500080F31188BFF36F8FBFF34F8F0A
:101C00000090FFE7FEE740F24420C2F20040016886
:101C100001390160006830B9FFE7002001900198A8
:101C200080F31188FFE702B0704700000000000059
:101C300080B586B0039003980290039800285CD08A
:101C4000FFE70298083802900298019001984068D6
:101C50004FF23451C2F20141096808420BD1FFE74B
:101C60004FF0500080F31188BFF36F8FBFF34F8F99
:101C70000590FFE7FEE70198006858B1FFE74FF0D5
:101C8000500080F31188BFF36F8FBFF34F8F049024
:101C9000FFE7FEE7019840684FF23451C2F201417C
:101CA0000968084227D0FFE70198006808BBFFE7F2
:101CB0004FF23450C2F201400268019948689043E3
:101CC000486000F069FA019842684FF26051C2F230
:101CD00001410868104408600198FFF739FC4FF291
:101CE000D471C2F2014108680130086000F0F0FDD3
:101CF00000E0FFE700E0FFE7FFE706B080BD00007F
:101D00004EF21001CEF20001002008604EF21802DF
:101D1000CEF20002106040F26810C2F2004000688B
:101D200044F6D352C1F26202A0FB02024FF0FF3030
:101D300000EB92104EF21402CEF200021060072067
:101D4000086070470000000084B0EFF30580019048
:101D5000019810281ED3FFE701984EF2F031CEF221
:101D60000001405C8DF803009DF803004EF62451FD
:101D7000C2F20141097888420BDAFFE74FF05000C8
:101D800080F31188BFF36F8FBFF34F8F0390FFE78E
:101D9000FEE7FFE74EF60C50CEF20000006800F4BC
:101DA000E0604EF62851C2F20141096888420BD921
:101DB000FFE74FF0500080F31188BFF36F8FBFF340
:101DC0004F8F0290FFE7FEE704B07047000000006D
:101DD00080B584B0029000200190029800B3FFE724
:101DE0004FF29440C2F20140006858B1FFE74FF053
:101DF000500080F31188BFF36F8FBFF34F8F0390B4
:101E0000FFE7FEE700F0C8F902992320F4F7FCFE93
:101E100002980021FFF7C4F800F05AFD019000E09D
:101E2000FFE7019860B9FFE74EF60451CEF20001DA
:101E30004FF080500860BFF34F8FBFF36F8F00E00B
:101E4000FFE704B080BD000080B584B00290029826
:101E50000190029858B9FFE74FF0500080F31188C5
:101E6000BFF36F8FBFF34F8F0390FFE7FEE701983B
:101E700046F2E411C2F200410968884250D0FFE7FF
:101E8000019800284CD0FFE7FFF77EFE0198FFF78E
:101E900023FC002840D0FFE70198F5F7F9F9014647
:101EA0002A20F4F7B1FE01980430FFF7ADFD019848
:101EB000F4F73EFE0198C16A012000FA01F24FF2E8
:101EC0009C41C2F201410868104308600199C86A48
:101ED00000EB800246F2F410C2F2004000EB8200F8
:101EE0000431FFF725FE0198C06A46F2E411C2F200
:101EF00000410968C96A88420CD3FFE74EF60451D5
:101F0000CEF200014FF080500860BFF34F8FBFF357
:101F10006F8F00E0FFE700E0FFE7FFF761FE00E002
:101F2000FFE704B080BD000080B58AB000200390B8
:101F30000690059006A805A904AAFFF789FD039B52
:101F4000049A0599DDF818C06846C0F808C04160D9
:101F5000036041F26130C0F6020045F20411C0F6A0
:101F6000020100F095FA01464FF26470C2F201409E
:101F70000160006818B1FFE70120079002E000202F
:101F80000790FFE7079801283DD1FFE74FF0500089
:101F900080F31188BFF36F8FBFF34F8F09904FF21B
:101FA000C871C2F201414FF0FF3008604FF2F0718A
:101FB000C2F20141012008604FF62401C2F2014142
:101FC0000020086046F2E410C2F20040006834309D
:101FD00045F20411C0F602010522DEF7E3FA40B132
:101FE000FFE746F2E410C2F200400068F4F760FD3B
:101FF00002E0F4F701FDFFE700F04EF908B1FFE75A
:1020000000E0FFE70FE00798013058B9FFE74FF015
:10201000500080F31188BFF36F8FBFF34F8F08908C
:10202000FFE7FEE7FFE70AB080BD00000000000008
:1020300080B584B00290FFF7A7FD029838B9FFE79A
:1020400046F2E410C2F200400068009002E00298FC
:102050000090FFE7009801900198F5F719F9014603
:102060002920F4F7D1FD01980430FFF7CDFCD0B959
:10207000FFE70198C06A00EB800146F2F410C2F25B
:10208000004050F8210068B9FFE70198C16A0120BB
:1020900000FA01F24FF29C41C2F2014108689043FC
:1020A0000860FFE700E0FFE70198806A28B1FFE7DA
:1020B00001981830FFF7A8FC00E0FFE70198011D28
:1020C0004FF2FC70C2F20140FFF732FD019890F828
:1020D0005800012805D1FFE70199002081F8580038
:1020E000FFE7FFF77DFD4FF2F070C2F2014000689C
:1020F00038B1FFE7FFF748FDFFF7A2FAFFF770FDE1
:1021000000E0FFE7019846F2E411C2F200410968DD
:1021100088423ED1FFE74FF2F070C2F20140006802
:10212000F0B1FFE74FF29440C2F20140006858B1AD
:10213000FFE74FF0500080F31188BFF36F8FBFF3BC
:102140004F8F0390FFE7FEE74EF60451CEF20001F9
:102150004FF080500860BFF34F8FBFF36F8F17E0D1
:102160004FF2FC70C2F2014000684FF28C41C2F2A3
:1021700001410968884207D1FFE746F2E411C2F243
:1021800000410020086002E000F00EF8FFE7FFE7E2
:1021900000E0FFE704B080BD4FF29441C2F201417C
:1021A000086801300860704780B586B04FF29440EF
:1021B000C2F20140006838B1FFE74FF62801C2F2D1
:1021C00001410120086063E04FF62801C2F201419D
:1021D000002008604FF29C40C2F201400068059068
:1021E0000598B0FA80F08DF813009DF81300C0F147
:1021F0001F000290029800EB800146F2F410C2F238
:10220000004050F8210058B9FFE74FF0500080F32C
:102210001188BFF36F8FBFF34F8F0390FFE7FEE787
:10222000029800EB800146F2F410C2F2004000EB8D
:1022300081000190019948684068486001994868A8
:102240000831884205D1FFE7019948684068486035
:10225000FFE701984068C16846F2E410C2F200400E
:1022600001600068343045F20411C0F60201052215
:10227000DEF798F940B1FFE746F2E410C2F2004001
:102280000068F4F715FC02E0F4F7B6FBFFE7FFE7A0
:1022900006B080BD0000000080B588B04EF600504A
:1022A000CEF2000000684CF27121C4F20F11884296
:1022B0000BD1FFE74FF0500080F31188BFF36F8F11
:1022C000BFF34F8F0790FFE7FEE74EF60050CEF2C8
:1022D000000000684CF27021C4F20F1188420BD14B
:1022E000FFE74FF0500080F31188BFF36F8FBFF30B
:1022F0004F8F0690FFE7FEE74EF20040CEF200005F
:10230000039001780491FF21017000788DF80B0093
:102310009DF80B0000F050004EF62451C2F201412E
:1023200008704EF62851C2F2014107200860FFE70D
:102330009DF80B00000600280DD5FFE74EF628514A
:10234000C2F201410868013808609DF80B004000A6
:102350008DF80B00ECE74EF62850C2F20140006801
:1023600003280BD0FFE74FF0500080F31188BFF334
:102370006F8FBFF34F8F0590FFE7FEE74EF62851B2
:10238000C2F20141086800020860086800F4E060D9
:10239000086004984EF20041CEF2000108704EF63B
:1023A0002051CEF20001086840F47000086008680F
:1023B00040F070400860FFF7A3FC40F24421C2F2F5
:1023C0000041002001900860FFF7D2FB4EF6347107
:1023D000CEF20001086840F040400860FFF71CF9A9
:1023E000FFF7E2FEFFF750F9019808B080BD00004A
:1023F00070B58CB0DDF844C0DDF840C00B900A9198
:10240000ADF826200893BDF826008000FFF79CF960
:102410000590059880B1FFE75C20FFF795F90790DC
:10242000079820B1FFE705980799086303E005982E
:10243000FFF7FEFBFFE702E000200790FFE70798A9
:10244000F0B1FFE70798002680F859600B980A99C9
:10245000BDF82620089BDDF840C0119C079DEE4684
:10246000CEF80C60CEF80850CEF80440CEF800C08C
:10247000FEF792FF0798FEF70FFE0120069003E09B
:102480004FF0FF300690FFE706980CB070BD0000DB
:10249000B0B58EB0DDF850C0DDF84CC0DDF848C0F6
:1024A0000A90099108920793139858B9FFE74FF0E3
:1024B000500080F31188BFF36F8FBFF34F8F0D90E3
:1024C000FFE7FEE7149858B9FFE74FF0500080F39C
:1024D0001188BFF36F8FBFF34F8F0C90FFE7FEE7BC
:1024E0005C20049004985C280BD0FFE74FF050006C
:1024F00080F31188BFF36F8FBFF34F8F0B90FFE70F
:10250000FEE70498149820B3FFE7139808B3FFE799
:10251000149806901398069908630699022081F88A
:1025200059000A980999089A079BDDF848C0069C4B
:10253000EE460025CEF80C50CEF8084005ACCEF89B
:102540000440CEF800C0FEF727FF0698FEF7A4FD72
:1025500002E000200590FFE705980EB0B0BD000036
:1025600080B58CB0089007918DF81B200593012051
:102570000390089858B9FFE74FF0500080F3118896
:10258000BFF36F8FBFF34F8F0B90FFE7FEE7089805
:102590000490FFF7F9FA059828B1FFE70498406D19
:1025A00005990860FFE7049890F858008DF80B0033
:1025B0000499022081F858009DF81B000146019102
:1025C000042822D80199DFE801F01F03090E120048
:1025D000079A0499486D1043486527E00499486DAF
:1025E0000130486522E00798049948651EE09DF88F
:1025F0000B00022804D0FFE707980499486502E021
:1026000000200390FFE711E010E00498406D0130D6
:1026100058B1FFE74FF0500080F31188BFF36F8F80
:10262000BFF34F8F0A90FFE7FEE7FFE70498F4F748
:102630002FFE0146079A9DF81B300598EC46CCF812
:1026400000003E20F4F774FB9DF80B00012848D1F0
:10265000FFE704980430FFF7D7F90498F4F768FA15
:102660000498C16A012000FA01F24FF29C41C2F2C3
:1026700001410868104308600499C86A00EB8002B1
:1026800046F2F410C2F2004000EB82000431FFF782
:102690004FFA0498806A58B1FFE74FF0500080F37A
:1026A0001188BFF36F8FBFF34F8F0990FFE7FEE7ED
:1026B0000498C06A46F2E411C2F200410968C96A8E
:1026C00088420CD9FFE74EF60451CEF200014FF0DC
:1026D00080500860BFF34F8FBFF36F8F00E0FFE7BC
:1026E00000E0FFE7FFF77CFA03980CB080BD000024
:1026F00080B582B0FFF728FB002000904FF6240041
:10270000C2F2014000680190019802B080BD000053
:1027100080B586B0002002904FF29440C2F2014092
:102720000068002840F0C880FFE74FF62401C2F29D
:10273000014108680130019001980860019858BB78
:10274000FFE746F2E810C2F200400068006858B1A6
:10275000FFE74FF0500080F31188BFF36F8FBFF396
:102760004F8F0590FFE7FEE746F2E812C2F2004203
:102770001068009046F2F011C2F200410868106043
:10278000009808604FF2CC71C2F201410868013034
:102790000860FEF755FF00E0FFE701984FF2C871AF
:1027A000C2F201410968884265D3FFE7FFE746F2BC
:1027B000E810C2F200400068006840B9FFE74FF23D
:1027C000C871C2F201414FF0FF30086052E046F29A
:1027D000E810C2F200400068C068C0680490049825
:1027E0004068039001980399884207D2FFE7039855
:1027F0004FF2C871C2F2014108603BE0FFE7049864
:102800000430FFF701F90498806A28B1FFE70498C3
:102810001830FFF7F9F800E0FFE70498F4F788F9BB
:102820000498C16A012000FA01F24FF29C41C2F201
:1028300001410868104308600499C86A00EB8002EF
:1028400046F2F410C2F2004000EB82000431FFF7C0
:102850006FF90498C06A46F2E411C2F200410968B7
:10286000C96A884203D3FFE70120029000E0FFE736
:10287000FFE79CE7FFE746F2E410C2F20040006881
:10288000C06A00EB800146F2F410C2F2004050F83A
:102890002100022803D3FFE70120029000E0FFE7B8
:1028A0004FF62800C2F20140006818B1FFE701208E
:1028B000029000E0FFE707E04FF2D871C2F2014159
:1028C000086801300860FFE7029806B080BD00008C
:1028D00080B584B00020029001904FF29440C2F283
:1028E0000140006858B9FFE74FF0500080F31188AD
:1028F000BFF36F8FBFF34F8F0390FFE7FEE7FFF744
:1029000043F94FF29440C2F201400168013901607D
:102910000068002840F09680FFE74FF28C40C2F23A
:1029200001400068002800F08C80FFE7FFE74FF2CD
:10293000DC70C2F20140006800283FD0FFE74FF290
:10294000DC70C2F20140C068C06802900298183082
:10295000FFF75AF802980430FFF756F80298F4F798
:10296000E7F80298C16A012000FA01F24FF29C4197
:10297000C2F201410868104308600299C86A00EB7E
:10298000800246F2F410C2F2004000EB82000431F3
:10299000FFF7CEF80298C06A46F2E411C2F2004195
:1029A0000968C96A884207D3FFE74FF62801C2F2D7
:1029B00001410120086000E0FFE7B8E7029818B184
:1029C000FFE7FEF73DFEFFE74FF2D870C2F201408D
:1029D000006800900098E0B1FFE7FFE7FFF798FE7E
:1029E00038B1FFE74FF62801C2F20141012008602B
:1029F00000E0FFE7009801380090FFE7009800280A
:102A0000ECD1FFE74FF2D871C2F20141002008601B
:102A100000E0FFE74FF62800C2F20140006870B105
:102A2000FFE7012001904EF60451CEF200014FF075
:102A300080500860BFF34F8FBFF36F8F00E0FFE758
:102A4000FFE700E0FFE7FFF7CBF8019804B080BD97
:102A500080B588B0039000200290039801900398FD
:102A600058B9FFE74FF0500080F31188BFF36F8F24
:102A7000BFF34F8F0490FFE7FEE7FFF765F9EFF331
:102A800011814FF0500080F31188BFF36F8FBFF3B7
:102A90004F8F06910590069800900198FEF71CFE56
:102AA000002849D0FFE70198F4F7F2FB01462B20FC
:102AB000F4F7AAF84FF29440C2F20140006880BBDC
:102AC000FFE70198C06A46F2E411C2F200410968CA
:102AD000C96A884203D3FFE70120029000E0FFE7C4
:102AE00001980430FEF790FF0198F4F721F801985F
:102AF000C16A012000FA01F24FF29C41C2F2014189
:102B00000868104308600199C86A00EB800246F229
:102B1000F410C2F2004000EB82000431FFF708F825
:102B200009E0019800F118014FF2DC70C2F2014097
:102B3000FEF7FEFFFFE700E0FFE700980790079829
:102B400080F31188029808B080BD03B40198410059
:102B5000009850EAC12018BF04204A0D18BF40F069
:102B6000010040F2FF72B2EB515F08BF40F002007B
:102B7000012808BF052002B070474100080218BFB5
:102B800004200A0E18BF40F001004FF07F4232EAE5
:102B9000010108BF40F00200012808BF052070476E
:102BA00010B54FF00E402DED028BB0EE408A18EEBE
:102BB000104A00EB4400B0F1506F4AD84FF0FC408F
:102BC000B0EB440F22D2B0EEC80AF7EE000A30EEA6
:102BD000C00AF6EE000A60EE208A18EE900A01F0B4
:102BE000A5FA01EE100A14F0004F1DBFDFED2D0A0B
:102BF0009FED2D0AB1EE411ADFED2C0A08BF9FEDC3
:102C00002C0AF8EE001A21EE218A05E0DFED290AF0
:102C100068EE088AB0EE600A9FED271ADFED271AEA
:102C200030EE080A48EE811A9FED251A08EEA11A27
:102C3000DFED241A48EE811A9FED231A08EEA11A3F
:102C400068EE281ABDEC028B01EE810A30EE200AF4
:102C500010BD4FF0E440B0EB440F0CD918EE100A51
:102C6000FFF78BFF042808BF01F0A2F9B0EE480A75
:102C7000BDEC028B10BD4FF07F40B0EB440F07D28C
:102C8000B0EE480ABDEC028BBDE8104001F07AB905
:102C90000120DDF783FDBDEC028BBDE8104001F0A3
:102CA00077B900000000C9BF22AAFDB90000C93FE2
:102CB00022AAFD390000000024FE1C3DC78AD83C32
:102CC0001E67383D1B93993DAFAA2A3E70B54FF061
:102CD00068422DED048BF0EE408A18EE900AB0EEBB
:102CE000608A18EE101A02EB4003B3F1654F3CBF47
:102CF00002EB4102B2F1654F7DD200BFC0F3C75372
:102D0000C1F3C7529A1A1B2A09DD10F0004F14BFF5
:102D10009FED830A9FED830ABDEC048B70BD12F119
:102D20001A0F36DA11F0004F09D010F0004F0CBF27
:102D30009FED7D0A9FED7D0ABDEC048B70BD88EE92
:102D4000889A19EE100AFFF718FF042808BF01F04F
:102D50002FF918EE900AFFF710FF054618EE100A3B
:102D6000FFF70BFF044619EE100AFFF706FF042DCC
:102D700018BF052D08D1042C18BF052C04D100283C
:102D800004BF0220DDF70AFDB0EE490ABDEC048B5A
:102D900070BD4200B2EB410F3AD910F0004F19BF9D
:102DA000DFED630A9FED630ADFED630A9FED630ABF
:102DB000B0EE481A0A46B1EE688A80F00041F0EEA3
:102DC000418A10460A1A5200B2F1807F34D248403C
:102DD00010F0004FDFED5A1A9FED5A2A1DBFBEEECC
:102DE000001A70EEE10A30EE420AB6EE001A08BF91
:102DF00070EEA10A00E040E008BF30EE020AB0EE3B
:102E0000682A01EE482A08EE818AC2EE081A15E007
:102E100011F0004F04BF9FED4C0AF0EE400AD1D0F4
:102E200010F0004F19BFDFED490A9FED490ADFEDB1
:102E3000490A9FED490AC5E7C8EE881A21EEA11A92
:102E40009FED462ADFED462A41EE022A9FED452AF4
:102E500001EE222ADFED442A41EE022A9FED432AA9
:102E6000BDEC048B01EE222A21EE811A01EE020A4A
:102E700030EE210A30EE200A70BD4FF07F42B2EBF7
:102E8000400F28BFB2EB410F09D2F0EE480AB0EE76
:102E9000680ABDEC048BBDE8704001F076B840EAEA
:102EA00001035B0008BF41F0FF410BD0B2EB400FC4
:102EB00008BFB2EB410F08D120F0804008EE900A25
:102EC00021F0804108EE101A18E7B2EB400F12BF54
:102ED0005FEA410340F0FF4001F000413FF40EAFD4
:102EE000B2EB410F12BF5FEA400200F0004041F038
:102EF000FF413FF403AF4A0092EA40033FF5FEAEC4
:102F0000002AACBF9FED1A0A9FED1A0A68EE808A6C
:102F100028EE008A18EE900A18EE101AEEE600006D
:102F2000DB0FC9BFDB0FC93FDB0F4940DB0F49C0D7
:102F30000000C9BF22AAFDB90000C93F22AAFD397D
:102F40000060ED3EC30ACE3700000000000049C01B
:102F500022AA7DBA0000494022AA7D3A2DAD65BD66
:102F60008FB8D53D0FB511BE61C84C3EA8AAAABE08
:102F70000000804F0000802F10B529499FED261BCF
:102F80002DED020B84B0059820F000408842D8BF98
:102F90009DED040B2DDD2349884209D1049840B9E9
:102FA0004FF00100DDF7FAFB00F0CAFF06B010BDDC
:102FB00005DB9DED040B30EE000B06B010BD68463E
:102FC0009DED040B00F04CFD10F0030004BF9DEDDF
:102FD000021B9DED000B0CD001280ED09DED021BB5
:102FE0009DED000B022810D0012000F059FF06B023
:102FF00010BD00F0B9FE06B010BD9DED021B9DEDA9
:10300000000B012000F04CFF01E000F0ADFEB1EE3E
:10301000400B06B010BD00000000000000000000E2
:10302000FB21E93F0000F07F10EE101A08B5444A7A
:103030006846B2EB410F28D94FF0E640B0EB410FA4
:1030400094BF00204FF0FF3000900098002861DB13
:1030500060EE000A10F0010F45D010F0020FDFED16
:10306000391A9FED391A00EEA11ADFED381A40EE39
:10307000811A21EEA01AF0EE400A40EE010A08BFC4
:10308000F1EE600AB0EE600A08BD314B21F000425B
:1030900093423CD911F0004FDFED2E0A20EE201AAA
:1030A000DFED2D0A19BF31EE601A71EE200A31EE04
:1030B000201A71EE600ABDEEE01A11EE100A9FEDC3
:1030C000271A00F0030000EEC10A9FED251A0090B8
:1030D00000EEC10A9FED231A00EEC10A9FED221AED
:1030E00000EEC10AB1E79FED211A9FED210A10F011
:1030F000020F00EE810A9FED1F1A00EE801AB7EE54
:10310000000A00EE810A18BFB1EE400A08BD00F0C7
:1031100057FF9AE710EE100A4000B0F17F4F3CBF16
:10312000B7EE000A08BD07D14FF00100DDF736FB0E
:10313000BDE8084000F02CBFBDE8084000F022BF09
:10314000B61F927E336D4CB9DA82083CA0AA2ABE23
:10315000490E494683F9223F0000004B0000C93F59
:1031600000A0FD390020A2331A61342CB93AB2BA5A
:10317000CA9F2A3DDDFFFFBE10B510EE100A2DEDEF
:10318000068BB7EE001A10EE901AB0EE418A0022BC
:10319000A0F5000CDFEDFE9A4FF00073BCF1FE4F7E
:1031A0004FF07F4403EB410C80F0B481BCF1804FC1
:1031B000C0F02082F74901449FEDF73AB1F5005F76
:1031C00040F2D48200F58021CB0C03F00F0101EE18
:1031D000901AC3F307137F3BA0EBC350B8EEE12A6C
:1031E00000EE100A1A44DFEDED2AF0EE411A42EE2D
:1031F000221AF0EE613A70EE232A30EE632A12EEC4
:10320000900A00F500606FF30B0001EE900A73EE78
:10321000E13A33EE804AC1EE223A22EE230A10EE62
:10322000100A00F500606FF30B0000EE100A00EECC
:10323000612A00EE442A62EE232A70EE221A21EE61
:10324000A12ADFEDD73A02EE233A23EE023A20EE2E
:10325000012A22EE811A03EE211A32EE010A10EE43
:10326000100A00F500606FF30B0000EE100A72EE1A
:10327000401A31EE812A9FEDCB1A60EE011A9FEDC4
:10328000CA1A20EE011A9FEDC90A02EE001A31EEA9
:10329000810A10EE100A00F500606FF30B0000EEDB
:1032A000100AC34871EEC01A31EE812A784400EB4F
:1032B000C10090ED003AD0ED011A100101EE100AA4
:1032C000F8EEC12A32EE211A31EE001A31EE031A5D
:1032D00031EE221A11EE100A00F500606FF30B00B8
:1032E00009EE100A39EE621A31EE431A31EE400A45
:1032F00030EE610A32EE40AA10EE900A002100F58D
:1033000000606FF30B0008EE900A084670EEE8AA22
:103310004FF0000029EE280A00F00C01F0EEC00A80
:1033200010EE900AB0F18B4F0DDD10EE900AB4EB69
:10333000400F08D310EE100A4FF08B4262F31E00CC
:1033400008EE900A13E069EE2A0A38EEAA1A4AEE4D
:10335000010A30EE201A11EE100A00F500606FF33A
:103360000B0008EE900A30EE680A70EE209A0C20EE
:103370004FF0000038EEA90AB5EEC00AF1EE10FADF
:1033800034BFFEEE000AF6EE000A30EE800ABDEE13
:10339000C00A10EE100A011100EE101AF8EEC00A71
:1033A00000EE100AB8EEC00A38EEC00A30EE290A64
:1033B000DFED801A9FED801A00EE211ADFED7F1AF3
:1033C0007F4900F00F0040EE011A21EE800A794497
:1033D00001EB800191ED001A7A49794401EB8001FB
:1033E000D1ED001A784901EE801A794401EB800092
:1033F000764990ED000A31EE001AB0EEE00A10EEC8
:10340000100A884215DA10EE100AB4EB400F10D300
:103410009FED6F0A30EE800ADFED6E0A20EE200A83
:1034200068EE010ABDEC068BBCEEC00A20EE200A55
:1034300010BD10EE100A6849884243DA10EE100AF7
:10344000B4EB400F3ED3BDEEE00A68EE010A10EE89
:10345000100A00EBD0725110C90501F17E5100EE47
:10346000101AA0EB6200C00560EE200A00F17E5049
:1034700000EE100A60EE808A18EE900AB4EB400F5E
:103480000FD10220DDF78AF900F08AFD10EE101A44
:1034900018EE100ABDEC068B61F31E0000EE100A58
:1034A00010BD18EE900A400011D018EE900AFFF7F8
:1034B00064FB042808BF00F07BFDB0EE680ABDEC99
:1034C000068B10BDF5EEC00AF1EE10FA0FD2022005
:1034D000DDF764F900F06CFD10EE101A18EE100A1A
:1034E000BDEC068B61F31E0000EE100A10BD022039
:1034F000DDF754F900F054FD10EE101AB0EE480A52
:1035000010EE100ABDEC068B61F31E0000EE100AEF
:1035100010BD00BFBCF1804F6CD300BF00F1FF4372
:10352000B3F1FE4F24D200BFB0EEC00A10EE100A75
:10353000C1F3C7537F2B0DDB972BBFF63BAEC3F117
:1035400096034FF0010C0CFA03F3A3F1010C1CEAF3
:10355000010F08D00120DDF721F9BDEC068BBDE895
:10356000104000F015BD0B4218BFBFEE008A21E6E7
:1035700043001CBF4FF08073B3EB400F34D96FF0A2
:103580001A02DFED161A20EE210A10EE100A27E0CB
:1035900000000000001080C0ABAAAA3E0000803DE1
:1035A0007EE24C3E00B03842D49AB8BB3BAA3842C7
:1035B000D40E0000FC596337C9FF753A1872313DCB
:1035C000720E0000A60E0000160E00000000FC4265
:1035D0000000FE420000004B000040430000004D90
:1035E00010F0004FA0D1E5E5A0F50003B3F1FE4FC8
:1035F00021D2DFE503EB4103B3F1007F11D3F5EEF8
:10360000C00AF1EE10FA05D1430018BFB4EB400F29
:1036100076D883E701F0004141F0FC5100EE901AAA
:103620007CE7B3F1807F06D210EE903AA3F5000359
:1036300000EE903A72E720F000426FF0FF4C604CD1
:1036400002EB0C03A34210D321F000439C44A44599
:103650000BD3B0F17E5F18BF5FEA410C50D0B2F1DE
:10366000FF4F98BFB3F1FF4F05D9BDEC068BBDE806
:10367000104000F08ABCB0F1FF4F0FD0C1F3C75229
:103680007F2A09DB972A11DAC2F19602012303FA95
:1036900002F2531E0B4205D0002208E011F0004F49
:1036A00055D128E00A4218BF012200D1022210F5AC
:1036B000000F13D028B3B0F1004F26D010F1814F86
:1036C0004FD04FF0FE42B2EB400F94BF01200020DC
:1036D000012202EBE171884239D10CE011F0004F78
:1036E00002D0012A38D032E0012A02BF9FED350A0C
:1036F000BDEC068B10BD9FED340ABDEC068B10BDF2
:103700002FE011F0004F0CD121E0B1F1FF4F1ED09E
:1037100011F5000F05D011F0004F15D00AB1012AA4
:1037200008D00220DDF73AF8BDEC068BBDE810406A
:1037300000F01EBC0220DDF731F800F019FCBDECF2
:10374000068BB1EE400A10BD0AB1012A04D0B0EEDA
:10375000690ABDEC068B10BDBDEC068B9FED1B0A04
:1037600010BDBDEC068BB7EE000A10BD30EE410A6D
:10377000B5EE001A9FED172A00EE413AB6EE001A98
:1037800060EE001A00EE431A61EEC11A9FED101AA6
:1037900020EE011A20EE020A9FED0F2A01EE820AA6
:1037A00071EE001A11EE900A00F500606FF30B0045
:1037B00009EE100A31EE491A31EE00AA9CE500002C
:1037C000FFFF3F00000080FF0000807F00000080BE
:1037D00000B0B841D49A38BB3BAAB8410000000001
:1037E00010B529499FED261B2DED020B84B00598DD
:1037F00020F000408842DCBF00209DED040B2EDD50
:103800002249884209D1049840B94FF00100DCF701
:10381000C5FF00F095FB06B010BD05DB9DED040B68
:1038200030EE000B06B010BD68469DED040B00F0B5
:1038300017F910F003000DD0012814D09DED021BE4
:103840009DED000B022816D000F08EFAB1EE400B71
:1038500006B010BD9DED021B9DED000B012000F098
:103860001FFB06B010BD9DED021B9DED000B00F08F
:103870007BFA06B010BD012000F012FBE6E7000065
:103880000000000000000000FB21E93F0000F07F85
:1038900000B510EE101A2DED028B81B0524A684629
:1038A000B2EB410F2ED94FF0E640B0EB410F94BF81
:1038B00000204FF0FF3000900098B0EE408A0028C2
:1038C0006ADB10F0010F4BD068EE080A9FED471A33
:1038D0009FED470A00EE810A9FED461A10F0020F95
:1038E00000EE801AB7EE000A00EE810A02BF01B0B6
:1038F000BDEC028B00BD00BF01B0B1EE400ABDECD3
:10390000028B00BD3C4B21F00042934241D911F0A3
:10391000004FDFED3A0A20EE201ADFED390A19BF19
:1039200031EE601A71EE200A31EE201A71EE600A53
:10393000BDEEE01A11EE100A9FED321A00F00300FE
:1039400000EEC10A9FED301A009000EEC10A9FED13
:103950002F1A00EEC10A9FED2E1A00EEC10AABE746
:1039600028EE080A9FED2B1ADFED2B0A10F0020F4C
:1039700040EE010A9FED291A00EE201A61EE000ABE
:10398000B0EE480A08EE200AB6D101B0BDEC028BB9
:1039900000BD00F015FB8FE718EE100A4000B0F1F3
:1039A0007F4F0DD218EE100AFFF7E7F8042808BF82
:1039B00000F0FEFAB0EE480A01B0BDEC028B00BD8B
:1039C00009D10120DCF7EAFE01B0BDEC028B5DF805
:1039D00004EB00F0DDBA01B0B0EE480ABDEC028B9A
:1039E0005DF804EB00F0CEBAB61F927EB93AB2BAD7
:1039F000CA9F2A3DDDFFFFBE490E494683F9223F9B
:103A00000000004B0000C93F00A0FD390020A23398
:103A10001A61342C336D4CB9DA82083CA0AA2ABE54
:103A200010B52DED028BB1EEC08A18EE100A20F011
:103A30000040C0F1FF40C00F0AD010EE100A20F085
:103A40000040C0F1FF40C00F04BF0120DCF7A6FE1C
:103A5000B0EE480ABDEC028B10BD00000000000073
:103A60002DE9F14F04462DED020B2DED048B94B0A2
:103A70009FED9D0B80ED020B199E9D4826F00045A1
:103A800085420ADC9DED180B002084ED000B14B07C
:103A9000BDEC048B03B0BDE8F08F96489FED969B7C
:103AA0009FED978BA84225DD97489FED991B9FEDD1
:103AB0009A2B9DED180B002E0DDD30EE490B854243
:103AC00012BF30EE480B30EE410B30EE420B84ED6E
:103AD000000B0120DBE730EE090B854212BF30EE10
:103AE000080B30EE010B30EE020B84ED000B4FF0B3
:103AF000FF30CCE78A48A84253DB9DED180B51EC10
:103B0000100B00F007FB41EC100BB0EE401B9FEDDB
:103B1000862BB6EE000B01EE020BFDEEC00B10EE95
:103B2000903A00EE903AB8EEE02BB0EE410B02EE88
:103B3000490B22EE081BDFF8F8C1290D0120FC44D7
:103B400030EE411B84ED001B03281DD011EE902A9E
:103B500000EB4015113DC2F30A528A1A954213DA5E
:103B6000B0EE403B0CEB001292ED000B20EE021B7E
:103B700033EE410B33EE403B33EE411B92ED023B03
:103B800012EE031B401CDBE7002EA8BF1846BFF651
:103B90007EAF94ED000BB1EE400B84ED000B58426C
:103BA00075E7C6F3130040F4801EC6F30A50A0F276
:103BB000F530471100F01F05C5F12000DDF860B0B9
:103BC000139000200890099005200DF1080C594928
:103BD000002D07EB0002794408BF51F8221009D0EC
:103BE00051F8223001EB8201AB404A68139922FA66
:103BF00001F11943A1FB0E26A1FB0B131A449A42B3
:103C000034BF0123002303EB06080CEB8003D3E948
:103C100001A60E448E4234BF0121002192448A4401
:103C200011B1924502D903E0924501D2012100E091
:103C30000021C3E901A641444CF82010011EA0F167
:103C40000100C4DC04989DED050A00F10050810FCD
:103C50000498DDED060A80009DED072A01EE100AAA
:103C6000B8EEC13BB8EE401B9FED334B21EE041B79
:103C7000B8EE600B9FED324B20EE040BB8EE422BFA
:103C80009FED314B22EE042B30EE024B34EE014B14
:103C900034EE034B8DED004B002000909DED004B6A
:103CA00034EE433B33EE411B31EE400B32EE401B12
:103CB0009DED000B9FED262B20EE020B9FED262B9A
:103CC00001EE020B9DED001B9FED252B01EE020B7B
:103CD000199810F0004F1CBF4942B1EE400B84ED23
:103CE000000B0846D3E600000000000000000000C2
:103CF000FB21E93F7CD9024000004054FB21F93F01
:103D00003163621A61B4D03DFB21F93F000000002D
:103D10000000601A61B4D03D7370032E8A19A33B72
:103D2000FB2139410000000083C8C96D305FE43FCA
:103D3000B60700004E070000000000000000103E23
:103D4000000000000000103C000000000000103ADD
:103D50003326A611460B113C182D4454FB21F93D86
:103D600000000054FB21F93D10B52DED040B2DEDA5
:103D7000048B82B0B0EE419B079820F00044B4F170
:103D8000795F0FDA9DED060BBDEEC00B10EE100A49
:103D9000002801BFB7EE000B02B0BDEC048B04B0ED
:103DA00008BF10BD9DED060B20EE008BB0EE480B5A
:103DB0001B480621784400F039F820EE080B28EE65
:103DC000000B9DED061B01EE490BB6EE001B28EE25
:103DD000011B1448B7EE002B8442BCBF31EE400BF0
:103DE00032EE400B16DB1048A042BCBFB5EE023BE2
:103DF0008DED003B06DBA4F5001001900020009043
:103E00009DED003B31EE431B32EE432B31EE400B78
:103E100032EE400B02B0BDEC048B04B010BD0000CC
:103E2000100500003333D33F0000E93FB0EE401BE4
:103E3000491E00EBC10292ED000B31F006020DD0DD
:103E4000491E00EBC10292ED002BB0EE403BB0EEFC
:103E5000420B03EE010B31F00602F1D1022914D01E
:103E600004290AD0062918BF704790ED0A2B00EEEE
:103E7000012B90ED080B02EE010B90ED062B00EEEE
:103E8000012B90ED040B02EE010B90ED022B00EEE6
:103E9000012B90ED000B02EE010B704700000000BB
:103EA00031B504462DED040B2DED068BB0EE419B94
:103EB00007989DED060B20F00040B0F1795F0DDA18
:103EC00051EC100BFEF741FE042808BF00F044F847
:103ED0009DED060BBDEC068B05B030BD20EE008BD2
:103EE00028EE00ABB0EE480B114805217844FFF7EF
:103EF0009DFF9FED111B8CB1B6EE002B29EE022B1E
:103F00000AEE402B18EE029B0AEE419B9DED060B3C
:103F100030EE490BBDEC068B05B030BD08EE001B42
:103F20009DED060B0AEE010BBDEC068B05B030BD16
:103F3000F804000000000000495555555555C5BF0F
:103F40009FED031B81EE010B704700000000000095
:103F500000000000000000009FED030B20EE000BAE
:103F6000704700000000000000000000000000108A
:103F7000DFED030AB7EE001A81EE200A7047000059
:103F80000000000030EE000A704730EE200A704753
:103F9000DFED020A80EEA00A70470000000000007A
:103FA0009FED020A20EE000A70470000000000703A
:103FB0009FED020A20EE000A70470000000000108A
:103FC0002DE9F0014FF07F42B2EB410F9FBF4FF060
:103FD000FF310160BDE8F00170474FF0004242EA56
:103FE0000123C1F3C752783A551112F01F0C434C0C
:103FF000CCF120067C44C1F3C752A2F178024FEA0B
:10400000621204EB820254F8254008BFD2E901563F
:1040100012D0556804FA0CF425FA06F73C43976869
:1040200005FA0CF527FA06F8D26807FA0CFCF240FC
:1040300045EA08054CEA0206A4FB034CA5FB035223
:10404000A6FB03631D449D4234BF012600261319BD
:10405000334416B1934202D903E0934201D20122C4
:1040600000E00022624402F1200C9206DC0C42EADD
:10407000443200EE102A5B03DFED210AF8EEC01A8D
:1040800000EE103A4FEA9C1C11F0004FB8EE400AC7
:10409000C0F800C020EE201A00EE105ADFED190A19
:1040A000B8EE400A20EE200A71EE810A70EE800A16
:1040B00010EE902A02F500626FF30B0200EE902AD8
:1040C00070EEE11A31EEC11ADFED101A30EE411A2E
:1040D0009FED0D0A20EE800A01EE210A9FED0C1AD9
:1040E00000EE810A04BFBDE8F0017047CCF18051B9
:1040F0000160BDE8F001B1EE400A7047CC0300005A
:10410000000000360000802C22AAFD29DB0FC92FF9
:104110000000C92F82B0CDE9000121F000400190DC
:104120009DED000B02B051EC100B704710B500EE86
:10413000100A2DED028BB1EEC08A18EE100A20F0A5
:104140000040C0F1FF40C00F0AD010EE100A20F06E
:104150000040C0F1FF40C00F04BF0120DCF71EFB90
:1041600018EE100ABDEC028B10BDF1EE100A4FF6EE
:10417000FF71C0F2C03120EA010040F04070E1EE72
:10418000100A704700000000000000000000B33F6C
:10419000B2BE7D3A00002E40DFCF513800007E4095
:1041A000BF51FABA00E0A44019DAC3BA00E0C8402F
:1041B000C2ED8AB90040EB40CD1F2CBA0010064179
:1041C0002AFFFABA00C01541DFCFD13700D0244111
:1041D0009A97703A0050334189478E3600404141EA
:1041E000E75B9D3800B04E41C00A98B900A05B4122
:1041F000558F943A00306841DA92C0BA0040744159
:1042000062B3C63A0000803F00A0853F00908B3F1C
:1042100000C0913F0030983F00F09E3F00F0A53F66
:104220000050AD3F0000B53F0000BD3F0060C53FFE
:104230000020CE3F0040D73F00C0E03F00C0EA3F33
:104240000020F53F000000007D36AC397D3C383958
:10425000EBDCF438320A7E39124C26399B6AED3990
:10426000A4EE83397F661E39F6398A392B426539C7
:10427000A48211395B991F39C3EECD39DDE7C6370A
:10428000A5A22F390000803FC3AA853FC2958B3F6E
:10429000D3C3913FF037983F32F59E3FD7FEA53FFD
:1042A0003F58AD3FF304B53FA408BD3F2A67C53F63
:1042B0008C24CE3FFD44D73FDFCCE03FC7C0EA3F70
:1042C0007D25F53F000000004C5555555555A53F3F
:1042D0007751C1166CC156BF9015CB19A001FA3E9B
:1042E000AD529C804F7E92BEC4B1B4BD9EEE213EC5
:1042F000D43888BEE9FAA8BD00004054FB21F93F3C
:104300003163621A61B4D03D0000601A61B4D03DDF
:104310007370032E8A19A33B0000002E8A19A33B59
:10432000C14920259A837B3900000000000000006D
:104330006E83F9A22915444ED15727FCC0DD34F510
:10434000999562DB4190433CAB6351FE61C5BBDE96
:104350003A6E24B7E0D24D42EA2E49061C92D109AA
:104360001CEB1DFE3EA729B1F53582E88444BB2E27
:1043700026709CE9417E5FB439D69139F439538374
:104380008B5F849C3B28F9BDFF97F81F0F9805DED3
:104390008B112FEF1F6D0A5ACF7E366DB709CB27D1
:1043A000663F464F2DEA5F9EC7BA27757BF1E5EB66
:1043B000F739073DEA92528AB15FFB6B085D8D1FAA
:1043C00046300356000000006E83F9A22915444EC2
:1043D000D15727FCC0DD34F5999562DB4190433C11
:1043E000AB6351FE00000000A6F810111111813FCF
:1043F000D561C119A0012ABF7DFEB157E31DC73E9B
:10440000EB9C2B8AE6E55ABE7CD5CF5A3AD9E53DDE
:10441000000000000000000000000000000000009C
:104420000000000001000000020000000300000086
:104430000400000000000000050000000000000073
:104440000000000000000000060000000000000066
:104450000000000000000000070000007350020888
:10446000C14701080000000000000000000100003A
:104470000000000000000000BA500208E9470108EF
:10448000000000000000000000010000000000002B
:10449000000000009C5002080948010800000000CC
:1044A000000000000001000000000000000000000B
:1044B000885002082948010803000000000000009D
:1044C000800000000000000000000000B35002085F
:1044D0004149010800000000000000000001000048
:1044E000000000000000000042500208614901087D
:1044F00000000000000000000008000000000000B4
:104500000000000051500208794901080000000035
:10451000000000000001000000000000000000009A
:104520003A50020889490108FFFF0000000000001E
:10453000800000000000000000000000925002080F
:10454000C149010800000000000000000002000056
:10455000000000000000000030500208D1470108B0
:104560000200000000000000000200000000000047
:10457000000000004A500208094A0108010000003A
:10458000000000000001000000000000000000002A
:104590007C500208C14C010800000000000000002F
:1045A000000100000000000000000000665002084A
:1045B000014D010800000000000000008000000024
:1045C00000000000000000005B500208214D0108BF
:1045D00000000000000000000002000000000000D9
:1045E00000000000A7500208797F010800000000C9
:1045F00000000000000200000000000000000000B9
:10460000005EBCE2613FDD83C29C7E20A3FD1F41B2
:104610009DC3217FFCA2401E5F01E3BD3E6082DCA2
:10462000237D9FC1421CFEA0E1BF5D0380DE3C6292
:10463000BEE0025CDF81633D7C22C09E1D43A1FF82
:104640004618FAA427799BC584DA3866E5BB590772
:10465000DB856739BAE406581947A5FB7826C49A62
:10466000653BD987045AB8E6A7F91B45C6987A2452
:10467000F8A6441A99C7257B3A6486D85B05E7B942
:104680008CD2306EEDB3510F4E10F2AC2F7193CD32
:10469000114FADF3702ECC92D38D6F31B2EC0E5022
:1046A000AFF1134DCE90722C6D33D18F0C52B0EE12
:1046B000326C8ED0530DEFB1F0AE4C1291CF2D7302
:1046C000CA947628ABF517490856B4EA6937D58BF2
:1046D0005709EBB536688AD495CB2977F4AA4816E2
:1046E000E9B7550B88D6346A2B7597C94A14F6A8D2
:1046F000742AC896154BA9F7B6E80A54D7896B35C2
:104700000000000001020304010203040607080977
:104710000001020304050607080C1014182030409D
:1047200000061016000610160000803F0000000072
:104730000000000000000000000000000000000079
:10474000000000000000803F0000000000000000AA
:104750000000000000000000000000000000000059
:104760000000803F0000000000000000000000008A
:104770000000000000000000000000000000803F7A
:104780000000000000000000000000000000000029
:1047900000000000000000000000803F000000005A
:1047A0000000000000000000000000000000000009
:1047B000000000000000803F99FD0108E9FD0108AC
:1047C00008040204080101010101010307010000BE
:1047D000010002000400060008000A000C0010009E
:1047E0002000400080000001000000000000545440
:1047F000522052454747455300000000000000008A
:1048000000000000000000000100803FC90CC0B79C
:10481000E565AABE435690BB3C695D3EEBFCA9BC76
:1048200008B732BEE745093EA59204BD000000006E
:10483000920E493CB10AC93C2BC3163D2EFB483DA4
:10484000752B7B3D04A9963D80B6AF3D36BDC83D76
:104850002FBCE13D73B2FA3D87CF093E8340163E3F
:10486000B5AB223EA2102F3ECF6E3B3EC2C5473EA7
:104870000115543E135C603E7F9A6C3ECCCF783E6F
:10488000C07D823E938E883E229A8E3E32A0943E18
:1048900086A09A3EE59AA03E128FA63ED47CAC3EFE
:1048A000EF63B23E2A44B83E491DBE3E15EFC33EFB
:1048B00053B9C93ECA7BCF3E4136D53E80E8DA3E89
:1048C0004F92E03E7533E63EBBCBEB3EEA5AF13EFB
:1048D000CBE0F63E275DFC3EE4E7003F3D9C033F16
:1048E000824B063F9BF5083F6B9A0B3FDA390E3F30
:1048F000CDD3103F2A68133FD9F6153FC07F183F2C
:10490000C6021B3FD17F1D3FCBF61F3F9967223F59
:1049100025D2243F5636273F1594293F4AEB2B3F9B
:10492000DE3B2E3FBB85303FC9C8323FF304353FE5
:10493000233A373F4268393F3B8F3B3FF9AE3D3F1B
:1049400067C73F3F70D8413F01E2433F03E4453F23
:1049500065DE473F12D1493FF8BB4B3F029F4D3FB9
:10496000207A4F3F3D4D513F4918533F31DB543F73
:10497000E595563F5348583F6AF2593F1A945B3FBA
:10498000532D5D3F05BE5E3F2146603F97C5613FA9
:104990005A3C633F59AA643F880F663FD86B673F14
:1049A0003CBF683FA7096A3F0C4B6B3F5E836C3F7F
:1049B00093B26D3F9ED86E3F73F56F3F0809713F0C
:1049C0005213723F4714733FDD0B743F0BFA743F71
:1049D000C6DE753F07BA763FC58B773FF853783F01
:1049E0009812793F9DC7793F02737A3FBE147B3F8F
:1049F000CDAC7B3F283B7C3FC9BF7C3FAC3A7D3F81
:104A0000CCAB7D3F23137E3FB0707E3F6DC47E3FB5
:104A1000580E7F3F6D4E7F3FAB847F3F0FB17F3F8E
:104A200097D37F3F43EC7F3F11FB7F3F0000803FE8
:104A300011FB7F3F43EC7F3F97D37F3F0FB17F3F19
:104A4000AB847F3F6D4E7F3F580E7F3F6DC47E3FEE
:104A5000B0707E3F23137E3FCCAB7D3FAC3A7D3FB1
:104A6000C9BF7C3F283B7C3FCDAC7B3FBE147B3F26
:104A700002737A3F9DC7793F9812793FF853783F88
:104A8000C58B773F07BA763FC6DE753F0BFA743F9A
:104A9000DD0B743F4714733F5213723F0809713F97
:104AA00073F56F3F9ED86E3F93B26D3F5E836C3F50
:104AB0000C4B6B3FA7096A3F3CBF683FD86B673F11
:104AC000880F663F59AA643F5A3C633F97C5613FD0
:104AD0002146603F05BE5E3F532D5D3F1A945B3F0C
:104AE0006AF2593F5348583FE595563F31DB543FF2
:104AF0004918533F3D4D513F207A4F3F029F4D3F54
:104B0000F8BB4B3F12D1493F65DE473F03E4453FC9
:104B100001E2433F70D8413F67C73F3FF9AE3D3F99
:104B20003B8F3B3F4268393F233A373FF304353FE1
:104B3000C9C8323FBB85303FDE3B2E3F4AEB2B3F9F
:104B40001594293F5636273F25D2243F9967223FA7
:104B5000CBF61F3FD17F1D3FC6021B3FC07F183FD2
:104B6000D9F6153F2A68133FCDD3103FDA390E3FEF
:104B70006B9A0B3F9BF5083F824B063F3D9C033FE2
:104B8000E4E7003F275DFC3ECBE0F63EEA5AF13E0B
:104B9000BBCBEB3E7533E63E4F92E03E80E8DA3E1B
:104BA0004136D53ECA7BCF3E53B9C93E15EFC33E11
:104BB000491DBE3E2A44B83EEF63B23ED47CAC3EB3
:104BC000128FA63EE59AA03E86A09A3E32A0943E61
:104BD000229A8E3E938E883EC07D823ECCCF783E18
:104BE0007F9A6C3E135C603E0115543EC2C5473E41
:104BF000CF6E3B3EA2102F3EB5AB223E8340163E09
:104C000087CF093E73B2FA3D2FBCE13D36BDC83DAA
:104C100080B6AF3D04A9963D752B7B3D2EFB483DEC
:104C20002BC3163DB10AC93C920E493C000000005E
:104C3000920E49BCB10AC9BC2BC316BD2EFB48BDA0
:104C4000752B7BBD04A996BD80B6AFBD36BDC8BD72
:104C50002FBCE1BD73B2FABD87CF09BE834016BE3B
:104C6000B5AB22BEA2102FBECF6E3BBEC2C547BEA3
:104C7000011554BE135C60BE7F9A6CBECCCF78BE6B
:104C8000C07D82BE938E88BE229A8EBE32A094BE14
:104C900086A09ABEE59AA0BE128FA6BED47CACBEFA
:104CA000EF63B2BE2A44B8BE491DBEBE15EFC3BEF7
:104CB00053B9C9BECA7BCFBE4136D5BE80E8DABE85
:104CC0004F92E0BE7533E6BEBBCBEBBEEA5AF1BEF7
:104CD000CBE0F6BE275DFCBEE4E700BF3D9C03BF12
:104CE000824B06BF9BF508BF6B9A0BBFDA390EBF2C
:104CF000CDD310BF2A6813BFD9F615BFC07F18BF28
:104D0000C6021BBFD17F1DBFCBF61FBF996722BF55
:104D100025D224BF563627BF159429BF4AEB2BBF97
:104D2000DE3B2EBFBB8530BFC9C832BFF30435BFE1
:104D3000233A37BF426839BF3B8F3BBFF9AE3DBF17
:104D400067C73FBF70D841BF01E243BF03E445BF1F
:104D500065DE47BF12D149BFF8BB4BBF029F4DBFB5
:104D6000207A4FBF3D4D51BF491853BF31DB54BF6F
:104D7000E59556BF534858BF6AF259BF1A945BBFB6
:104D8000532D5DBF05BE5EBF214660BF97C561BFA5
:104D90005A3C63BF59AA64BF880F66BFD86B67BF10
:104DA0003CBF68BFA7096ABF0C4B6BBF5E836CBF7B
:104DB00093B26DBF9ED86EBF73F56FBF080971BF08
:104DC000521372BF471473BFDD0B74BF0BFA74BF6D
:104DD000C6DE75BF07BA76BFC58B77BFF85378BFFD
:104DE000981279BF9DC779BF02737ABFBE147BBF8B
:104DF000CDAC7BBF283B7CBFC9BF7CBFAC3A7DBF7D
:104E0000CCAB7DBF23137EBFB0707EBF6DC47EBFB1
:104E1000580E7FBF6D4E7FBFAB847FBF0FB17FBF8A
:104E200097D37FBF43EC7FBF11FB7FBF000080BFE4
:104E300011FB7FBF43EC7FBF97D37FBF0FB17FBF15
:104E4000AB847FBF6D4E7FBF580E7FBF6DC47EBFEA
:104E5000B0707EBF23137EBFCCAB7DBFAC3A7DBFAD
:104E6000C9BF7CBF283B7CBFCDAC7BBFBE147BBF22
:104E700002737ABF9DC779BF981279BFF85378BF84
:104E8000C58B77BF07BA76BFC6DE75BF0BFA74BF96
:104E9000DD0B74BF471473BF521372BF080971BF93
:104EA00073F56FBF9ED86EBF93B26DBF5E836CBF4C
:104EB0000C4B6BBFA7096ABF3CBF68BFD86B67BF0D
:104EC000880F66BF59AA64BF5A3C63BF97C561BFCC
:104ED000214660BF05BE5EBF532D5DBF1A945BBF08
:104EE0006AF259BF534858BFE59556BF31DB54BFEE
:104EF000491853BF3D4D51BF207A4FBF029F4DBF50
:104F0000F8BB4BBF12D149BF65DE47BF03E445BFC5
:104F100001E243BF70D841BF67C73FBFF9AE3DBF95
:104F20003B8F3BBF426839BF233A37BFF30435BFDD
:104F3000C9C832BFBB8530BFDE3B2EBF4AEB2BBF9B
:104F4000159429BF563627BF25D224BF996722BFA3
:104F5000CBF61FBFD17F1DBFC6021BBFC07F18BFCE
:104F6000D9F615BF2A6813BFCDD310BFDA390EBFEB
:104F70006B9A0BBF9BF508BF824B06BF3D9C03BFDE
:104F8000E4E700BF275DFCBECBE0F6BEEA5AF1BE07
:104F9000BBCBEBBE7533E6BE4F92E0BE80E8DABE17
:104FA0004136D5BECA7BCFBE53B9C9BE15EFC3BE0D
:104FB000491DBEBE2A44B8BEEF63B2BED47CACBEAF
:104FC000128FA6BEE59AA0BE86A09ABE32A094BE5D
:104FD000229A8EBE938E88BEC07D82BECCCF78BE14
:104FE0007F9A6CBE135C60BE011554BEC2C547BE3D
:104FF000CF6E3BBEA2102FBEB5AB22BE834016BE05
:1050000087CF09BE73B2FABD2FBCE1BD36BDC8BDA6
:1050100080B6AFBD04A996BD752B7BBD2EFB48BDE8
:105020002BC316BDB10AC9BC920E49BC000000805A
:1050300052533438355461736B004C45445461739A
:105040006B00494D555461736B0052635461736B2F
:10505000004A756467655461736B00566973696FC4
:105060006E5461736B005375706572436170546167
:10507000736B00426565705461736B0053686F6FAA
:105080007465725461736B004572726F7254617310
:105090006B004D6F746F725461736B00446574657F
:1050A00063745461736B0064656661756C745461FC
:1050B000736B0047696D62616C004368617373696B
:1050C000730043444320496E7465726661636500F2
:1050D00043444320436F6E6669670053544D6963D0
:1050E000726F656C656374726F6E6963730053549D
:1050F0004D3332205669727475616C20436F6D5068
:105100006F72740049444C45005465726D696E615C
:105110006C00286E756C6C2900537973566965773D
:105120000053595354454D564945573A20436F75DE
:105130006C64206E6F74207265636F72642074619A
:10514000736B20696E666F726D6174696F6E2E206D
:105150004D6178696D756D206E756D626572206F39
:1051600066207461736B7320726561636865642E79
:10517000004E3D4672656552544F532044656D6F35
:10518000204170706C69636174696F6E2C443D439B
:105190006F727465782D4D372C4F3D4672656552A0
:1051A000544F5300492331353D5379735469636B30
:1051B00000000000891112239B322446AD5736654A
:1051C000BF74488CC19D5AAFD3BE6CCAE5DB7EE983
:1051D000F7F88110080193331A22A5562C47B775AA
:1051E0003E64C99C408DDBBF52AEEDDA64CBFFF963
:1051F00076E802218B30100299132667AF7634448B
:10520000BD554AADC3BC588ED19F6EEBE7FA7CC842
:10521000F5D983310A2091121803A7772E66B55469
:105220003C45CBBD42ACD99E508FEFFB66EAFDD822
:1052300074C904428D5316619F702004A91532274A
:10524000BB364CCEC5DF5EEDD7FC6888E1997AAB02
:10525000F3BA85520C4397711E60A1142805B33729
:105260003A26CDDE44CFDFFD56ECE9986089FBBBE2
:1052700072AA06638F7214409D512225AB3430060A
:10528000B9174EEFC7FE5CCCD5DD6AA9E3B8788AC2
:10529000F19B87730E6295501C41A3352A24B116E9
:1052A0003807CFFF46EEDDDC54CDEBB962A8F99AA2
:1052B000708B088481951AA793B62CC2A5D33EE1C2
:1052C000B7F04008C919522BDB3A644EED5F766D9A
:1052D000FF7C899400859BB712A6ADD224C3BFF191
:1052E00036E0C1184809D33B5A2AE55E6C4FF77D7A
:1052F0007E6C0AA583B4188691972EE3A7F23CC072
:10530000B5D14229CB38500AD91B666FEF7E744C59
:10531000FD5D8BB502A499961087AFF326E2BDD050
:1053200034C1C3394A28D11A580BE77F6E6EF55C39
:105330007C4D0CC685D71EE597F42880A1913AA331
:10534000B3B2444ACD5B5669DF78600CE91D722F19
:10535000FB3E8DD604C79FF516E4A9902081BBB310
:1053600032A2C55A4C4BD7795E68E11C680DF33FF9
:105370007A2E0EE787F61CC495D52AA1A3B03882F1
:10538000B193466BCF7A5448DD59622DEB3C700ED9
:10539000F91F8FF706E69DD414C5ABB122A0B992D0
:1053A0003083C77B4E6AD5585C49E33D6A2CF11EB9
:1053B000780F0000E053020800000024880200007B
:1053C000300300080855020888020024A80D0200D6
:1053D0009003000800000000000000000000000032
:1053E00001A0100CE7416B3A58A08B3A828101234F
:1053F000FFFF1E21C3010891041AB1041AD9041831
:105400000A29C40108D1C20108410C5108081250F0
:10541000C347CDCCCC3D0409531C110B1AC8421C08
:1054200021352042401F2C90D003041B81B5BC4E77
:10543000B20108E1B8B01FA1B3010849B1C0191405
:10544000C11EA1B4010831041A11301A1908140937
:10545000024313020125C03209041B01020B13058C
:105460002416100105240110090104240202052458
:105470000617010705820308151009040133020A03
:105480002E0705010240072A810711130A0632027E
:105490003340011A12231302021E4083044057595D
:1054A0001B02031513B1151B08A9041A49041AE9B4
:1054B0000413191600081808040309041A0334FF1A
:1054C00001101AAA0181181208F5012461EF0108E0
:1054D00089EE0108F9ED01087108157D04017C16BB
:1054E0000240AB03411009055308065804070F1684
:1054F0000810820911160A15800B1605000C1801F8
:085500000D0000000000000096
:04000005080002CD20
:00000001FF
